item_name,item_id
Delicate Egg Picking Glove,9001837
Egg Basket Teleport Scroll,9001835
Magical Rabbit Egg,9001834
Thundering Berserker's Peace,9001823
Thundering Berserker's Plate,9001822
Thundering Berserker's Fangs,9001821
Fledgling Phoenix (Vanity),9001820
Fledgling Phoenix (Spirit),9001819
Fledgling Phoenix (Kittenish),9001818
Copy of Conker's Cube (Kittenish),9001817
Fledgling Phoenix's Soul Fragment,9001816
Scroll: Sakura Speedster (Event),9001815
Scroll: Sakura Speedster,9001814
Hellwraith Kirin,9001813
Mistwraith Kirin,9001812
Gloomwraith Kirin,9001811
Image Item: Merciless Sleuth's Steamgoggles,9001802
Image Item: Sleuth's Steamgoggles,9001801
Image Item: Aranzeb's Gemfast Circlet,9001800
Image Item: Gemfast Circlet,9001799
Image Item: Tempest Seastorm Tricorne,9001798
Image Item: Seastorm Tricorne,9001797
Amberwraith Kirin,9001796
Azurewraith Kirin,9001795
Image Item: Dark Watcher Cloak,9001794
Glorpwraith Kirin,9001793
Icewraith Kirin,9001792
Abysswraith Kirin,9001791
Grovewraith Kirin,9001790
Goldwraith Kirin,9001789
Bloomwraith Kirin,9001788
Cow-Splash Teleport Scroll,9001598
Hellwraith Kirin,9001597
Mistwraith Kirin,9001596
Gloomwraith Kirin,9001595
Hellwraith Kirin Ticket,9001593
Mistwraith Kirin Ticket,9001592
Gloomwraith Kirin Ticket,9001591
Reinforced Ironclad Plating,9001589
Scroll: Reinforced Ironclad,9001588
Image Item: Sapphire Dancing Queen,9001543
Image Item: Hellfire Dancing Queen,9001542
Image Item: Dancing Queen's Ruin,9001541
Image Item: Dancing Queen,9001540
Image Item: Sapphire Fangbane,9001539
Image Item: Fangbane,9001538
Image Item: Sapphire Watcher's Dagger,9001537
Image Item: Sinister Watcher's Dagger,9001536
Image Item: Dark Watcher's Dagger,9001535
Image Item: Faded Dark Watcher's Dagger,9001534
Image Item: Sapphire Void Leader Dagger,9001533
Image Item: Screaming Void Leader Dagger,9001532
Image Item: Sinister Void Leader Dagger,9001531
Image Item: Void Leader Dagger,9001530
Image Item: Sapphire Skull Splitter,9001529
Image Item: Haunted Skull Splitter,9001528
Image Item: Abyssal Skull Splitter,9001527
Image Item: Skull Splitter,9001526
Image Item: Sapphire Veiled Terror,9001525
Image Item: Corrupted Veiled Terror,9001524
Image Item: Veiled Terror,9001523
Image Item: Faded Veiled Terror,9001522
Image Item: Sapphire Pristine Wit,9001521
Image Item: Harbinger's Pristine Wit,9001520
Image Item: Corrupted Wit,9001519
Image Item: Pristine Wit,9001518
Image Item: Sapphire Demon's Heart,9001517
Image Item: Immortal Demon's Heart,9001516
Image Item: Undying Demon's Heart,9001515
Image Item: Demon's Heart,9001514
Image Item: Sapphire Soulripper,9001513
Image Item: Screaming Soulripper,9001512
Image Item: Soulripper,9001511
Image Item: Faded Soulripper,9001510
Image Item: Sapphire Blooddrinker Blossom,9001509
Image Item: Sated Blooddrinker Blossom,9001508
Image Item: Blooddrinker Blossom,9001507
Image Item: Faded Blooddrinker Blossom,9001506
Image Item: Sapphire Demon's Charm,9001505
Image Item: Alluring Demon's Charm,9001504
Image Item: Tempting Demon's Charm,9001503
Image Item: Demon's Charm,9001502
Image Item: Sirothe's Hatred,9001501
Thundering Berserker's Claw,9001500
Sirothe's Treasures (Test),9001493
Cupid's Verdict,9001492
Her Ring,9001491
His Ring,9001490
Valentine's Proposal,9001489
Sapphire Demon's Charm,9001487
Alluring Demon's Charm,9001486
Tempting Demon's Charm,9001485
Demon's Charm,9001484
Bound Spellbook: Authority,9001482
Heroic Adventurer's Kit,9001481
Arcane Adventurer's Kit,9001480
Scroll: Adventurer's Seaskimmer Speedboat,9001479
Rare Adventurer's Kit,9001478
Sealed Epherium Cloak,9001477
Sirothe Ingot,9001476
Duaxini's Armory Crate,9001475
Lerman's Armory Crate,9001474
Fangbow's Armory Crate,9001473
Carmilla's Armory Crate,9001472
Sirothe's Hatred,9001471
Sapphire Blooddrinker Blossom,9001470
Sated Blooddrinker Blossom,9001469
Sapphire Soulripper,9001468
Screaming Soulripper,9001467
Sapphire Demon's Heart,9001466
Sapphire Pristine Wit,9001465
Sapphire Veiled Terror,9001464
Corrupted Veiled Terror,9001463
Sapphire Skull Splitter,9001462
Sapphire Void Leader Dagger,9001461
Mentor Seal from Musperosa's Chest,9001460
Mentee Seal from Musperosa's Chest,9001459
Grand Adventurer's Kit,9001458
Sapphire Watcher's Dagger,9001457
Sinister Watcher's Dagger,9001456
Sapphire Fangbane,9001455
Phoenix Ashes,9001454
Sapphire Dancing Queen,9001453
Nebe's Helper,9001452
Penguin Expert Token,9001446
Penguin Knife,9001445
Penguin Knife,9001444
Penguin Knife,9001443
Penguin's Drum,9001442
Trickster's Prank,9001441
Penguin Healing Potion,9001440
Minced Exquisite Seafood,9001439
Minced Quality Seafood,9001438
Minced Seafood,9001437
Miroir Everfrost,9001436
Scroll: Rental Slopeng Sleigh,9001435
Packed Ice,9001434
Manure,9001433
Maiden Cottage Upgrade Ticket,9001432
Cozy House Upgrade Ticket,9001431
Miroir Tundra Penguin,9001430
Frozen Trout Weapon Customization Crate,9001429
Morpheus’ Blackwater Cache,9001428
Adventurer’s Quickstart Bundle,9001427
Smoke Generator Token,9001420
Ghost Token,9001419
Pumpkin Collector Token,9001418
Broom Race Pro Token,9001417
Ugly Duckling,9001416
Pumpkin Teleport Scroll,9001415
Nui's Salvation,9001414
Gift from Death,9001413
Image Item: Reckless Ravager Plate Chroma,9001412
Image Item: Invisible Cape,9001411
Bashing Bouquet,9001410
Bashing Bouquet,9001409
Image Item: Dragon Hunter,9001408
Dusty Blank Canvas,9001405
Obsidian Long Bow,9001404
Storyteller Token,9001403
Complete Summer Contest Crate,9001401
Image Item: Cacophony Below,9001400
Image Item: Enla's Grace,9001398
Image Item: Cherrybomb Picnic,9001397
Image Item: Surf Shredder,9001395
Image Item: Seawarden's Mast,9001392
Image Item: Hartspire,9001391
Image Item: Fraisefire Bastion,9001390
Image Item: Fraisefire Bloom,9001389
Image Item: Sanddeep's Edge,9001388
Image Item: Hartlight,9001387
Image Item: Seraph's Grace,9001386
Image Item: Fraisefire Mend,9001385
Gallant Brown Reindeer Anima,9001384
Gallant White Reindeer Anima,9001383
Gallant Black Reindeer Anima,9001382
Gallant Stormrose Anima,9001381
Gallant Lilyut Soulmare Anima,9001380
Gallant Lilyut Soulmare,9001379
Gallant Brown Reindeer,9001378
Gallant White Reindeer,9001377
Gallant Black Reindeer,9001376
Gallant Stormrose,9001375
Gallant Soulmare,9001374
Ruler's Customization Crate,9001373
Image Item: Ruler's Greataxe,9001372
Image Item: Ruler's Staff,9001371
Image Item: Ruler's Shield,9001370
Image Item: Ruler's Longspear,9001369
Image Item: Ruler's Sword,9001368
Image Item: Ruler's Bow,9001367
Summer Contest Crate 2,9001365
Image Item: Heart of the Sun,9001364
Image Item: Eye of the Sun,9001363
Image Item: Pearlcrusher,9001362
Image Item: Pearlbreaker,9001361
Image Item: Bubble Blade,9001360
Image Item: Seal of the Twin Gods,9001359
Image Item: Castaway Life Preserver,9001358
Image Item: Halo of the Twin Gods,9001357
Wrapped Racing Kart,9001355
Wrapped Racing Kart,9001354
Scroll: Lime Lightning,9001353
Scroll: Cherry Charger,9001352
Scroll: Lime Lightning (Event),9001351
Scroll: Cherry Charger (Event),9001350
Copy of Music Paper,9001349
Scroll: Citrus Cyclone,9001348
800 Honor Boost,9001347
"1,800 Honor Boost",9001346
Scroll: Citrus Cyclone (Event),9001345
Kart Components,9001344
Daru Festival Coin,9001343
Scroll: Yata Kart,9001342
Summer Contest Crate 1,9001341
Image Item: Starfrost Pop,9001340
Image Item: The Pool Noodle,9001339
Image Item: Great Sharkfin,9001338
Image Item: Sharkfin,9001337
Image Item: Mermaids Tale,9001336
Image Item: Depth Titan's Shield,9001335
Image Item: Sunflower Shield,9001334
Image Item: Jumbo Skewer Spear,9001333
Image Item: Skewer Spear,9001332
Second Anniversary Box,9001331
Luminous Migration Talisman: Spi->Sta,9001330
Luminous Migration Talisman: Int->Sta,9001329
Luminous Migration Talisman: Agi->Sta,9001328
Luminous Migration Talisman: Str->Sta,9001327
Luminous Migration Talisman: Spi->Agi,9001326
Luminous Migration Talisman: Int->Agi,9001325
Luminous Migration Talisman: Sta->Agi,9001324
Luminous Migration Talisman: Str->Agi,9001323
Luminous Migration Talisman: Spi->Str,9001322
Luminous Migration Talisman: Int->Str,9001321
Luminous Migration Talisman: Sta->Str,9001320
Luminous Migration Talisman: Agi->Str,9001319
Luminous Migration Talisman: Int->Spi,9001318
Luminous Migration Talisman: Sta->Spi,9001317
Luminous Migration Talisman: Agi->Spi,9001316
Luminous Migration Talisman: Str->Spi,9001315
Luminous Migration Talisman: Spi->Int,9001314
Luminous Migration Talisman: Sta->Int,9001313
Luminous Migration Talisman: Agi->Int,9001312
Luminous Migration Talisman: Str->Int,9001311
Cloaked Luminous Intelligence Migration Talisman,9001310
Cloaked Luminous Spirit Migration Talisman,9001309
Cloaked Luminous Stamina Migration Talisman,9001308
Cloaked Luminous Agility Migration Talisman,9001307
Cloaked Luminous Strength Migration Talisman,9001306
Cloaked Migration Talisman,9001305
Migration Stone,9001304
Ipnysh Cloakmuter,9001303
Erenor Cloak,9001302
Vivid Earth Lunascale: Mastery,9001301
Radiant Combatant Red Wings,9001297
Radiant Combatant Wings,9001296
Glorious Combatant Red Wings,9001295
Glorious Combatant Wings,9001294
Arena Participation Reward Box,9001254
Daru Blessing Trial (7d),9001253
Toy Hammer Molang Soul Fragment,9001252
Popsicle Molang (Vanity),9001251
Popsicle Molang (Spirit),9001250
Popsicle Molang (Kittenish),9001249
Daru Blessing Trial (7d) DEPRECATED,9001248
Toy Hammer Molang (Vanity),9001247
Toy Hammer Molang (Spirit),9001246
Toy Hammer Molang (Kittenish),9001245
Popsicle Molang Soul Fragment,9001244
Molang Teleport Scroll (30 day),9001243
Molang Teleport Scroll (7 day),9001242
Molang Teleport Scroll (1 day),9001241
Crimson Royal Aust Customization Crate,9001155
Onyx Ice Customization Crate,9001154
Compensation Ticket,9001153
Cloaked Erenor Cloak,9001152
Primal Kraken Tentacle,9001151
Primal Kraken Tentacle,9001150
Image Item: Eggy-Weggy Chroma,9001149
Eggy-Weggy Chroma,9001148
Starfallen Token,9001147
Old Sovereign's Robes,9001146
Tome of Fortitude,9001145
Tome of Power,9001144
Floodcaller Storm,9001143
Fiendfinder,9001142
Prophet's Promise,9001141
Steel Sorrow,9001140
Eternal Prophet,9001139
Spellsinger's Focus,9001138
Bandit King,9001137
Wandering Hawk,9001136
Bard's Scroll,9001135
Violet Waltz,9001134
Voidspell,9001133
Seer's Anticipation,9001132
Leafshredder,9001131
Heartseeker,9001130
Eternal Bond,9001129
Embalmer's Weeping,9001128
Merciful Sunset,9001127
Sunlord's Conquest,9001126
Victor's Passion,9001125
Gatekeeper's Lament,9001124
Winged Sun,9001123
Dirgebringer,9001122
Scoundrel's Moon,9001121
Lifestealer,9001120
Fir Queen's Tears,9001119
Souldrinker,9001118
Shadowhawk's Nightmist,9001117
Nightmare Point,9001116
Sacrificial Desire,9001115
Starbound Conviction Greaves,9001114
Starbound Conviction Sabatons,9001113
Starbound Conviction Gauntlets,9001112
Starbound Conviction Cuirass,9001111
Starbound Conviction Helm,9001110
Screaming Shadow Fists,9001109
Screaming Shadow Boots,9001108
Screaming Shadow Breeches,9001107
Screaming Shadow Jerkin,9001106
Screaming Shadow Cap,9001105
Cold Flames Hood,9001104
Cold Flames Shoes,9001103
Cold Flames Gloves,9001102
Cold Flames Pants,9001101
Cold Flames Shirt,9001100
Dashing Evanescence Breeches,9001099
Dashing Evanescence Boots,9001098
Dashing Evanescence Fists,9001097
Dashing Evanescence Jerkin,9001096
Dashing Evanescence Cap,9001095
Brutal Annihilator Helm,9001094
Brutal Annihilator Sabatons,9001093
Brutal Annihilator Gauntlets,9001092
Brutal Annihilator Greaves,9001091
Brutal Annihilator Cuirass,9001090
Purehearted Goddess Shirt,9001088
Purehearted Goddess Pants,9001087
Purehearted Goddess Shoes,9001086
Purehearted Goddess Gloves,9001085
Purehearted Goddess Hood,9001083
Lesser Weapon Shard,9001081
Lesser Armor Shard,9001080
Lesser Moonlight Seal,9001079
Lesser Sunlight Seal,9001078
Bundle of Scrolls,9001077
Greater Brimstone Moonlight Seal,9001076
Greater Brimstone Sunlight Seal,9001075
Musical Brimstone Shard,9001074
Wooden Brimstone Shard,9001073
Cloaked Brimstone Sabatons,9001072
Cloaked Brimstone Gauntlets,9001071
Cloaked Brimstone Greaves,9001070
Cloaked Brimstone Cuirass,9001069
Cloaked Brimstone Helm,9001068
Cloaked Brimstone Boots,9001067
Cloaked Brimstone Fists,9001066
Cloaked Brimstone Breeches,9001065
Cloaked Brimstone Jerkin,9001064
Cloaked Brimstone Cap,9001063
Cloaked Brimstone Shoes,9001062
Cloaked Brimstone Gloves,9001061
Cloaked Brimstone Pants,9001060
Cloaked Brimstone Shirt,9001059
Cloaked Brimstone Hood,9001058
Cloaked Brimstone Shield,9001057
Cloaked Brimstone Flute,9001056
Cloaked Brimstone Lute,9001055
Cloaked Brimstone Bow,9001054
Cloaked Brimstone Staff,9001053
Cloaked Brimstone Scepter,9001052
Cloaked Brimstone Longspear,9001051
Cloaked Brimstone Shortspear,9001050
Cloaked Brimstone Greatclub,9001049
Cloaked Brimstone Club,9001048
Cloaked Brimstone Greataxe,9001047
Cloaked Brimstone Axe,9001046
Cloaked Brimstone Nodachi,9001045
Cloaked Brimstone Katana,9001044
Cloaked Brimstone Greatsword,9001043
Cloaked Brimstone Sword,9001042
Cloaked Brimstone Dagger,9001041
Brimstone Armor Shard,9001040
Brimstone Moonlight Seal,9001039
Brimstone Weapon Shard,9001038
Brimstone Sunlight Seal,9001037
Unidentified Clubhead Fungus Harvest,9001036
Unidentified Wilted Grass Harvest,9001035
Unidentified Wild Ginseng Harvest,9001034
Unidentified Wild Plants Harvest,9001033
Unidentified Jinn's Tongue Harvest,9001032
Clubhead Fungus Harvest,9001031
Clubhead Fungus Harvest,9001030
Clubhead Fungus Harvest,9001029
Wilted Grass Harvest,9001028
Wilted Grass Harvest,9001027
Wilted Grass Harvest,9001026
Wild Ginseng Harvest,9001025
Wild Ginseng Harvest,9001024
Wild Ginseng Harvest,9001023
Wild Plants Harvest,9001022
Wild Plants Harvest,9001021
Wild Plants Harvest,9001020
Jinn's Tongue Harvest,9001019
Jinn's Tongue Harvest,9001018
Jinn's Tongue Harvest,9001017
Pack of Scrolls,9001016
Elemental Shard,9001015
Meteor Chest,9001014
Cometshard Staff,9001013
Eternal Flame,9001012
Comet Shard,9001011
Legacy's End Reward,9001010
Legacy's End Box,9001009
Commander's Golden Teardrop Storage Chest,9001008
Rosebound Passage Teleport Scroll,9001007
Cupid's Fang Dagger,9001006
Thornbound Ruin Staff,9001005
Lover's Lament Longspear,9001004
Heartpiercer Sword,9001003
Lover's Fury Shortspear,9001002
Thornbound Majesty Scepter,9001001
Thornbound Mercy Club,9001000
Thornbound Customization Crate,9000999
Rose Knight Customization Crate,9000998
Unidentified Orange Coral Harvest,9000997
Cat Toy,9000996
Elephant Milk,9000995
Large Empty Bucket,9000994
Conker's Cube (Vanity),9000993
Conker's Cube (Spirit),9000992
Conker's Cube (Kittenish),9000991
Conker's Cube Soul Fragment,9000990
Kindled Spirit (Vanity),9000989
Kindled Spirit (Spirit),9000988
Kindled Spirit (Kittenish),9000987
Kindled Spirit Soul Fragment,9000986
Bloomfang (Vanity),9000985
Bloomfang (Spirit),9000984
Vanity Powerstone,9000983
Spirit Powerstone,9000982
Bloomfang (Kittenish),9000981
Kittenish Powerstone,9000980
Bloomfang Soul Fragment,9000979
Flexible Talisman Belt,9000978
Flexible Talisman Guards,9000977
Flexible Talisman Boots,9000976
Flexible Talisman Fists,9000975
Flexible Talisman Breeches,9000974
Flexible Talisman Jerkin,9000973
Flexible Talisman Cap,9000972
Conker Powerstone,9000971
Conker’s Cube (Cloned),9000970
WORLD TOUR TICKET,9000969
Advanced Trading License,9000968
Dawnsdrop Costume,9000967
Unidentified Pearl Oyster Harvest,9000966
Unidentified Blue Coral Harvest,9000965
Unidentified White Coral Harvest,9000964
Unidentified Antler Coral Harvest,9000963
Unidentified Yellow Coral Harvest,9000962
Unidentified Orange Coral Harvest,9000961
Unidentified Green Coral Harvest,9000960
Unidentified Red Coral Harvest,9000959
Unidentified Watermelon Bundle Harvest,9000958
Unidentified Amaranth Bundle Harvest,9000957
Unidentified Pineapple Bundle Harvest,9000956
Unidentified Quinoa Bundle Harvest,9000955
Unidentified Bean Bundle Harvest,9000954
Unidentified Peanut Bundle Harvest,9000953
Unidentified Rye Bundle Harvest,9000952
Unidentified Oat Bundle Harvest,9000951
Unidentified Wheat Bundle Harvest,9000950
Unidentified Millet Bundle Harvest,9000949
Unidentified Corn Bundle Harvest,9000948
Unidentified Rice Bundle Harvest,9000947
Unidentified Barley Bundle Harvest,9000946
Unidentified Chili Pepper Bundle Harvest,9000945
Unidentified Yam Bundle Harvest,9000944
Unidentified Pumpkin Bundle Harvest,9000943
Unidentified Strawberry Bundle Harvest,9000942
Unidentified Garlic Bundle Harvest,9000941
Unidentified Tomato Bundle Harvest,9000940
Unidentified Onion Bundle Harvest,9000939
Unidentified Carrot Bundle Harvest,9000938
Unidentified Cucumber Bundle Harvest,9000937
Unidentified Potato Eyes Bundle Harvest,9000936
Unidentified Watermelon Harvest,9000935
Unidentified Amaranth Harvest,9000934
Unidentified Pineapple Harvest,9000933
Unidentified Quinoa Harvest,9000932
Unidentified Bean Harvest,9000931
Unidentified Peanut Harvest,9000930
Unidentified Rye Harvest,9000929
Unidentified Oat Harvest,9000928
Unidentified Wheat Harvest,9000927
Unidentified Millet Harvest,9000926
Unidentified Corn Harvest,9000925
Unidentified Rice Harvest,9000924
Unidentified Barley Harvest,9000923
Unidentified Chili Pepper Harvest,9000922
Unidentified Yam Harvest,9000921
Unidentified Pumpkin Harvest,9000920
Unidentified Strawberry Harvest,9000919
Unidentified Garlic Harvest,9000918
Unidentified Tomato Harvest,9000917
Unidentified Onion Harvest,9000916
Unidentified Carrot Harvest,9000915
Unidentified Cucumber Harvest,9000914
Unidentified Potato Eyes Harvest,9000913
Unidentified Impatiens Bundle Harvest,9000912
Unidentified Pansy Bundle Harvest,9000911
Unidentified Sunflower Bundle Harvest,9000910
Unidentified Rosemary Bundle Harvest,9000909
Unidentified Mint Bundle Harvest,9000908
Unidentified Lavender Bundle Harvest,9000907
Unidentified Iris Bundle Harvest,9000906
Unidentified Cactus Bundle Harvest,9000905
Unidentified Cornflower Bundle Harvest,9000904
Unidentified Lotus Bundle Harvest,9000903
Unidentified Lily Bundle Harvest,9000902
Unidentified Cotton Bundle Harvest,9000901
Unidentified Rose Bundle Harvest,9000900
Unidentified Narcissus Bundle Harvest,9000899
Unidentified Azalea Bundle Harvest,9000898
Unidentified Clover Bundle Harvest,9000897
Unidentified Cultivated Ginseng Bundle Harvest,9000896
Unidentified Aloe Bundle Harvest,9000895
Unidentified Thistle Bundle Harvest,9000894
Unidentified Mushroom Bundle Harvest,9000893
Unidentified Saffron Bundle Harvest,9000892
Unidentified Poppy Bundle Harvest,9000891
Unidentified Turmeric Bundle Harvest,9000890
Unidentified Impatiens Harvest,9000889
Unidentified Pansy Harvest,9000888
Unidentified Sunflower Harvest,9000887
Unidentified Rosemary Harvest,9000886
Unidentified Mint Harvest,9000885
Unidentified Lavender Harvest,9000884
Unidentified Iris Harvest,9000883
Unidentified Cactus Harvest,9000882
Unidentified Cornflower Harvest,9000881
Unidentified Lotus Harvest,9000880
Unidentified Lily Harvest,9000879
Unidentified Cotton Harvest,9000878
Unidentified Rose Harvest,9000877
Unidentified Narcissus Harvest,9000876
Unidentified Azalea Harvest,9000875
Unidentified Clover Harvest,9000874
Unidentified Cultivated Ginseng Harvest,9000873
Unidentified Aloe Harvest,9000872
Unidentified Thistle Harvest,9000871
Unidentified Mushroom Harvest,9000870
Unidentified Saffron Harvest,9000869
Unidentified Poppy Harvest,9000868
Unidentified Turmeric Harvest,9000867
Pearl Oyster Harvest,9000866
Pearl Oyster Harvest,9000865
Pearl Oyster Harvest,9000864
Blue Coral Harvest,9000863
Blue Coral Harvest,9000862
Blue Coral Harvest,9000861
White Coral Harvest,9000860
White Coral Harvest,9000859
White Coral Harvest,9000858
Antler Coral Harvest,9000857
Antler Coral Harvest,9000856
Antler Coral Harvest,9000855
Yellow Coral Harvest,9000854
Yellow Coral Harvest,9000853
Yellow Coral Harvest,9000852
Orange Coral Harvest,9000851
Orange Coral Harvest,9000850
Orange Coral Harvest,9000849
Green Coral Harvest,9000848
Green Coral Harvest,9000847
Green Coral Harvest,9000846
Red Coral Harvest,9000845
Red Coral Harvest,9000844
Red Coral Harvest,9000843
Watermelon Bundle Harvest,9000842
Watermelon Bundle Harvest,9000841
Watermelon Bundle Harvest,9000840
Amaranth Bundle Harvest,9000839
Amaranth Bundle Harvest,9000838
Amaranth Bundle Harvest,9000837
Pineapple Bundle Harvest,9000836
Pineapple Bundle Harvest,9000835
Pineapple Bundle Harvest,9000834
Quinoa Bundle Harvest,9000833
Quinoa Bundle Harvest,9000832
Quinoa Bundle Harvest,9000831
Bean Bundle Harvest,9000830
Bean Bundle Harvest,9000829
Bean Bundle Harvest,9000828
Peanut Bundle Harvest,9000827
Peanut Bundle Harvest,9000826
Peanut Bundle Harvest,9000825
Rye Bundle Harvest,9000824
Rye Bundle Harvest,9000823
Rye Bundle Harvest,9000822
Oat Bundle Harvest,9000821
Oat Bundle Harvest,9000820
Oat Bundle Harvest,9000819
Wheat Bundle Harvest,9000818
Wheat Bundle Harvest,9000817
Wheat Bundle Harvest,9000816
Millet Bundle Harvest,9000815
Millet Bundle Harvest,9000814
Millet Bundle Harvest,9000813
Corn Bundle Harvest,9000812
Corn Bundle Harvest,9000811
Corn Bundle Harvest,9000810
Rice Bundle Harvest,9000809
Rice Bundle Harvest,9000808
Rice Bundle Harvest,9000807
Barley Bundle Harvest,9000806
Barley Bundle Harvest,9000805
Barley Bundle Harvest,9000804
Chili Pepper Bundle Harvest,9000803
Chili Pepper Bundle Harvest,9000802
Chili Pepper Bundle Harvest,9000801
Yam Bundle Harvest,9000800
Yam Bundle Harvest,9000799
Yam Bundle Harvest,9000798
Pumpkin Bundle Harvest,9000797
Pumpkin Bundle Harvest,9000796
Pumpkin Bundle Harvest,9000795
Strawberry Bundle Harvest,9000794
Strawberry Bundle Harvest,9000793
Strawberry Bundle Harvest,9000792
Garlic Bundle Harvest,9000791
Garlic Bundle Harvest,9000790
Garlic Bundle Harvest,9000789
Tomato Bundle Harvest,9000788
Tomato Bundle Harvest,9000787
Tomato Bundle Harvest,9000786
Onion Bundle Harvest,9000785
Onion Bundle Harvest,9000784
Onion Bundle Harvest,9000783
Carrot Bundle Harvest,9000782
Carrot Bundle Harvest,9000781
Carrot Bundle Harvest,9000780
Cucumber Bundle Harvest,9000779
Cucumber Bundle Harvest,9000778
Cucumber Bundle Harvest,9000777
Potato Eyes Bundle Harvest,9000776
Potato Eyes Bundle Harvest,9000775
Potato Eyes Bundle Harvest,9000774
Watermelon Harvest,9000773
Watermelon Harvest,9000772
Watermelon Harvest,9000771
Amaranth Harvest,9000770
Amaranth Harvest,9000769
Amaranth Harvest,9000768
Pineapple Harvest,9000767
Pineapple Harvest,9000766
Pineapple Harvest,9000765
Quinoa Harvest,9000764
Quinoa Harvest,9000763
Quinoa Harvest,9000762
Bean Harvest,9000761
Bean Harvest,9000760
Bean Harvest,9000759
Peanut Harvest,9000758
Peanut Harvest,9000757
Peanut Harvest,9000756
Rye Harvest,9000755
Rye Harvest,9000754
Rye Harvest,9000753
Oat Harvest,9000752
Oat Harvest,9000751
Oat Harvest,9000750
Wheat Harvest,9000749
Wheat Harvest,9000748
Wheat Harvest,9000747
Millet Harvest,9000746
Millet Harvest,9000745
Millet Harvest,9000744
Corn Harvest,9000743
Corn Harvest,9000742
Corn Harvest,9000741
Rice Harvest,9000740
Rice Harvest,9000739
Rice Harvest,9000738
Barley Harvest,9000737
Barley Harvest,9000736
Barley Harvest,9000735
Chili Pepper Harvest,9000734
Chili Pepper Harvest,9000733
Chili Pepper Harvest,9000732
Yam Harvest,9000731
Yam Harvest,9000730
Yam Harvest,9000729
Pumpkin Harvest,9000728
Pumpkin Harvest,9000727
Pumpkin Harvest,9000726
Strawberry Harvest,9000725
Strawberry Harvest,9000724
Strawberry Harvest,9000723
Garlic Harvest,9000722
Garlic Harvest,9000721
Garlic Harvest,9000720
Tomato Harvest,9000719
Tomato Harvest,9000718
Tomato Harvest,9000717
Onion Harvest,9000716
Onion Harvest,9000715
Onion Harvest,9000714
Carrot Harvest,9000713
Carrot Harvest,9000712
Carrot Harvest,9000711
Cucumber Harvest,9000710
Cucumber Harvest,9000709
Cucumber Harvest,9000708
Potato Eyes Harvest,9000707
Potato Eyes Harvest,9000706
Potato Eyes Harvest,9000705
Impatiens Bundle Harvest,9000704
Impatiens Bundle Harvest,9000703
Impatiens Bundle Harvest,9000702
Pansy Bundle Harvest,9000701
Pansy Bundle Harvest,9000700
Pansy Bundle Harvest,9000699
Sunflower Bundle Harvest,9000698
Sunflower Bundle Harvest,9000697
Sunflower Bundle Harvest,9000696
Rosemary Bundle Harvest,9000695
Rosemary Bundle Harvest,9000694
Rosemary Bundle Harvest,9000693
Mint Bundle Harvest,9000692
Mint Bundle Harvest,9000691
Mint Bundle Harvest,9000690
Lavender Bundle Harvest,9000689
Lavender Bundle Harvest,9000688
Lavender Bundle Harvest,9000687
Iris Bundle Harvest,9000686
Iris Bundle Harvest,9000685
Iris Bundle Harvest,9000684
Cactus Bundle Harvest,9000683
Cactus Bundle Harvest,9000682
Cactus Bundle Harvest,9000681
Cornflower Bundle Harvest,9000680
Cornflower Bundle Harvest,9000679
Cornflower Bundle Harvest,9000678
Lotus Bundle Harvest,9000677
Lotus Bundle Harvest,9000676
Lotus Bundle Harvest,9000675
Lily Bundle Harvest,9000674
Lily Bundle Harvest,9000673
Lily Bundle Harvest,9000672
Cotton Bundle Harvest,9000671
Cotton Bundle Harvest,9000670
Cotton Bundle Harvest,9000669
Rose Bundle Harvest,9000668
Rose Bundle Harvest,9000667
Rose Bundle Harvest,9000666
Narcissus Bundle Harvest,9000665
Narcissus Bundle Harvest,9000664
Narcissus Bundle Harvest,9000663
Azalea Bundle Harvest,9000662
Azalea Bundle Harvest,9000661
Azalea Bundle Harvest,9000660
Clover Bundle Harvest,9000659
Clover Bundle Harvest,9000658
Clover Bundle Harvest,9000657
Cultivated Ginseng Bundle Harvest,9000656
Cultivated Ginseng Bundle Harvest,9000655
Cultivated Ginseng Bundle Harvest,9000654
Aloe Bundle Harvest,9000653
Aloe Bundle Harvest,9000652
Aloe Bundle Harvest,9000651
Thistle Bundle Harvest,9000650
Thistle Bundle Harvest,9000649
Thistle Bundle Harvest,9000648
Mushroom Bundle Harvest,9000647
Mushroom Bundle Harvest,9000646
Mushroom Bundle Harvest,9000645
Saffron Bundle Harvest,9000644
Saffron Bundle Harvest,9000643
Saffron Bundle Harvest,9000642
Poppy Bundle Harvest,9000641
Poppy Bundle Harvest,9000640
Poppy Bundle Harvest,9000639
Turmeric Bundle Harvest,9000638
Turmeric Bundle Harvest,9000637
Turmeric Bundle Harvest,9000636
Impatiens Harvest,9000635
Impatiens Harvest,9000634
Impatiens Harvest,9000633
Pansy Harvest,9000632
Pansy Harvest,9000631
Pansy Harvest,9000630
Sunflower Harvest,9000629
Sunflower Harvest,9000628
Sunflower Harvest,9000627
Rosemary Harvest,9000626
Rosemary Harvest,9000625
Rosemary Harvest,9000624
Mint Harvest,9000623
Mint Harvest,9000622
Mint Harvest,9000621
Lavender Harvest,9000620
Lavender Harvest,9000619
Lavender Harvest,9000618
Iris Harvest,9000617
Iris Harvest,9000616
Iris Harvest,9000615
Cactus Harvest,9000614
Cactus Harvest,9000613
Cactus Harvest,9000612
Cornflower Harvest,9000611
Cornflower Harvest,9000610
Cornflower Harvest,9000609
Lotus Harvest,9000608
Lotus Harvest,9000607
Lotus Harvest,9000606
Lily Harvest,9000605
Lily Harvest,9000604
Lily Harvest,9000603
Cotton Harvest,9000602
Cotton Harvest,9000601
Cotton Harvest,9000600
Rose Harvest,9000599
Rose Harvest,9000598
Rose Harvest,9000597
Narcissus Harvest,9000596
Narcissus Harvest,9000595
Narcissus Harvest,9000594
Azalea Harvest,9000593
Azalea Harvest,9000592
Azalea Harvest,9000591
Clover Harvest,9000590
Clover Harvest,9000589
Clover Harvest,9000588
Cultivated Ginseng Harvest,9000587
Cultivated Ginseng Harvest,9000586
Cultivated Ginseng Harvest,9000585
Aloe Harvest,9000584
Aloe Harvest,9000583
Aloe Harvest,9000582
Thistle Harvest,9000581
Thistle Harvest,9000580
Thistle Harvest,9000579
Mushroom Harvest,9000578
Mushroom Harvest,9000577
Mushroom Harvest,9000576
Saffron Harvest,9000575
Saffron Harvest,9000574
Saffron Harvest,9000573
Poppy Harvest,9000572
Poppy Harvest,9000571
Poppy Harvest,9000570
Turmeric Harvest,9000569
Turmeric Harvest,9000568
Turmeric Harvest,9000567
Dawnsdrop Pitchfork,9000566
Hugh Mungus Cow,9000565
Hugh Mungus Corn,9000564
Aria's Armor Autograph,9000563
Blue Dragon Energy Teleport Scroll: 30 Day,9000562
Winter Maiden Teleport Scroll: 30 Day,9000561
Cow-Splash Teleport Scroll: 30 Day,9000560
Meow-paw Teleport Scroll: 30 Day,9000559
Glaring Eyes Teleport Scroll: 30 Day,9000558
Flaming Teleport Scroll: 30 Day,9000557
Cherry Blossom Teleport Scroll: 30 Day,9000556
Blue Dragon Energy Teleport Scroll: 1 Day,9000555
Winter Maiden Teleport Scroll: 1 Day,9000554
Cow-Splash Teleport Scroll: 1 Day,9000553
Meow-paw Teleport Scroll: 1 Day,9000552
Glaring Eyes Teleport Scroll: 1 Day,9000551
Flaming Teleport Scroll: 1 Day,9000550
Cherry Blossom Teleport Scroll: 1 Day,9000549
Star-Clad Club,9000548
Dawnsdrop Costume,9000547
Dawnsdrop Costume,9000546
Sparkling Customization Crate,9000545
Holidays Stocking Bundle,9000544
Eggyweggy Otherwordly Chest,9000543
Eggyweggy Scarecrow Farm,9000542
Winter Daru Calendar (Day 25),9000541
Winter Daru Calendar (Day 24),9000540
Winter Daru Calendar (Day 23),9000539
Winter Daru Calendar (Day 22),9000538
Winter Daru Calendar (Day 21),9000537
Winter Daru Calendar (Day 20),9000536
Winter Daru Calendar (Day 19),9000535
Winter Daru Calendar (Day 18),9000534
Winter Daru Calendar (Day 17),9000533
Winter Daru Calendar (Day 16),9000532
Winter Daru Calendar (Day 15),9000531
Winter Daru Calendar (Day 14),9000530
Winter Daru Calendar (Day 13),9000529
Winter Daru Calendar (Day 12),9000528
Winter Daru Calendar (Day 11),9000527
Winter Daru Calendar (Day 10),9000526
Winter Daru Calendar (Day 9),9000525
Winter Daru Calendar (Day 8),9000524
Winter Daru Calendar (Day 7),9000523
Winter Daru Calendar (Day 6),9000522
Winter Daru Calendar (Day 5),9000521
Winter Daru Calendar (Day 4),9000520
Winter Daru Calendar (Day 3),9000519
Winter Daru Calendar (Day 2),9000518
Winter Daru Calendar (Day 1),9000517
Hugh Mungus Water Bucket,9000516
Singing Flower,9000515
Massive Corn,9000514
Dawnsdrop Watering Can,9000513
Infernal Anima,9000512
Elemental Heart,9000511
Dawnsdrop Pickaxe,9000510
Hugh Mungus Water Bucket,9000509
Singing Flower,9000506
Massive Corn,9000505
Emerald Customization Crate,9000504
Image Item: Hasla Emerald Axe,9000503
Image Item: Hasla Emerald Greataxe,9000502
Image Item: Hasla Emerald Club,9000501
Image Item: Hasla Emerald Greatclub,9000500
Image Item: Hasla Emerald Scepter,9000499
Image Item: Hasla Emerald Staff,9000498
Image Item: Hasla Emerald Shortspear,9000497
Image Item: Hasla Emerald Longspear,9000496
Image Item: Hasla Emerald Sword,9000495
Image Item: Hasla Emerald Greatsword,9000494
Image Item: Hasla Emerald Katana,9000493
Image Item: Hasla Emerald Nodachi,9000492
Image Item: Hasla Emerald Bow,9000491
Image Item: Hasla Emerald Shield,9000490
Image Item: Hasla Emerald Dagger,9000489
Edge of Agony,9000488
Pinnacled Witch House Upgrade Ticket,9000487
Ghost Ship Treasures,9000486
Toy Lantern,9000485
Might be a Witch Token,9000484
Mischievous Token,9000483
Newcomer Buff (15d),9000482
Newcomer Buff (30d),9000481
Hallowtide Candies,9000480
Candy Basket,9000479
Rampage Upgrade Ticket,9000478
Ipnysh Lunastone Blessing,9000477
Infused Emerald,9000476
Hasla Emerald Axe,9000475
Hasla Emerald Greataxe,9000474
Hasla Emerald Club,9000473
Hasla Emerald Greatclub,9000472
Hasla Emerald Scepter,9000471
Hasla Emerald Staff,9000470
Hasla Emerald Shortspear,9000469
Hasla Emerald Longspear,9000468
Hasla Emerald Sword,9000467
Hasla Emerald Greatsword,9000466
Hasla Emerald Katana,9000465
Hasla Emerald Nodachi,9000464
Hasla Emerald Bow,9000463
Hasla Emerald Shield,9000462
Hasla Emerald Dagger,9000461
Anniversary Box,9000460
Assorted Pigglewiggle,9000459
Mirage Isle Portal,9000458
Bugira's Token Exchange Machine,9000457
Pictorial Puzzle Machine Scoreboard,9000456
Pictorial Puzzle Machine x 10,9000455
Melon Customization Crate,9000454
Tangerine Customization Crate,9000453
Seaside Customization Crate,9000452
Veroe Customization Crate,9000451
Duskgleam Customization Crate,9000450
Hellforged Priest's Sash,9000449
Hellforged Priest's Sleeves,9000448
Hellforged Priest's Shoes,9000447
Hellforged Priest's Gloves,9000446
Hellforged Priest's Pants,9000445
Hellforged Priest's Shirt,9000444
Hellforged Priest's Hood,9000443
Hellforged Sash,9000442
Hellforged Sleeves,9000441
Hellforged Shoes,9000440
Hellforged Gloves,9000439
Hellforged Pants,9000438
Hellforged Shirt,9000437
Hellforged Hood,9000436
Hellforged Ranger's Belt,9000435
Hellforged Ranger's Guards,9000434
Hellforged Ranger's Boots,9000433
Hellforged Ranger's Fists,9000432
Hellforged Ranger's Breeches,9000431
Hellforged Ranger's Jerkin,9000430
Hellforged Ranger's Cap,9000429
Hellforged Warrior's Belt,9000428
Hellforged Warrior's Guards,9000427
Hellforged Warrior's Boots,9000426
Hellforged Warrior's Fists,9000425
Hellforged Warrior's Breeches,9000424
Hellforged Warrior's Jerkin,9000423
Hellforged Warrior's Cap,9000422
Hellforged Vambraces,9000421
Hellforged Tassets,9000420
Hellforged Sabatons,9000419
Hellforged Gauntlets,9000418
Hellforged Greaves,9000417
Hellforged Cuirass,9000416
Hellforged Helm,9000415
Fish Food Supply Pack,9000414
Pure Ice Pack,9000413
Fish Fillet,9000412
You Almost Caught,9000411
But You Have... Token,9000410
Sailor Token,9000409
Captain Token,9000408
Admiral Token,9000407
Fleet Admiral Token,9000406
Gallant Redscale Pangolin,9000405
Gallant Silverscale Pangolin,9000404
Gallant Blackscale Pangolin,9000403
Gallant Hooftiger Boar,9000402
Gallant Snowrend Boar,9000401
Gallant Nightslaver Boar,9000400
Gallant Hellfire Steed,9000399
Gallant Ser Meatball,9000398
Gallant Wing Flapping Moomoo,9000397
Gallant Bouncy Cow,9000396
Gallant Brave Bison,9000395
Gallant Redscale Anima,9000394
Gallant Silverscale Anima,9000393
Gallant Blackscale Anima,9000392
Gallant Hooftiger Anima,9000391
Gallant Snowrend Anima,9000390
Gallant Nightslaver Anima,9000389
Gallant Hellfire Anima,9000388
Gallant Ser Meatball Anima,9000387
Gallant Moomoo Anima,9000386
Gallant Bouncy Cow Anima,9000385
Gallant Brave Bison Anima,9000384
Wing Flapping Moomoo,9000383
Glider Image: Rose Wings,9000382
Friendmaker Token,9000381
Content Creator Token,9000380
Perfect Destroyer Lunafrost (Offhand),9000379
Perfect Destroyer Lunafrost (Bow),9000378
Perfect Destroyer Lunafrost (2H),9000377
Perfect Destroyer Lunafrost (1H),9000376
Ser Meatball,9000375
Bronze Hero Statue (Furniture),9000374
Silver Hero Statue (Furniture),9000373
Gold Hero Statue (Furniture),9000372
Ayanad Large Jewelry Mana Seal,9000371
Delphinad Large Jewelry Mana Seal,9000370
Epherium Large Jewelry Mana Seal,9000369
Ayanad Small Jewelry Mana Seal,9000368
Delphinad Small Jewelry Mana Seal,9000367
Epherium Small Jewelry Mana Seal,9000366
DaruKart Entry Ticket,9000365
Fish Fillet,9000364
Pure Ice Pack,9000363
Fish Food Supplies,9000362
Rice Thief Token,9000361
Ultimate Fishing Rod Design,9000360
Duskgleam Scepter: Club,9000359
Duskgleam Club: Scepter,9000358
Dairy Farmer: Denim,9000357
30-Day Crystal Wings,9000356
Hellfire Steed,9000355
Bouncy Cow (Vanity),9000354
30-Day Bouncy Cow,9000353
Raised Mushroom House Upgrade Ticket,9000352
Forest Mushroom House Upgrade Ticket,9000351
Awakened Summoning Stone,9000350
Hardened Wisp,9000349
Shimmering Essence,9000348
Stone Spirit Anima,9000347
Kirin Relic,9000346
Reedwind Map,9000345
Bloody Sack,9000344
Mysterious Manuscript,9000343
BloodCrimson Heartmender,9000342
Berserker's Horn,9000341
Berserker's Plate,9000340
Berserker's Claw,9000339
Berserker's Peace,9000338
Berserker's Fangs,9000337
Rice Warrior Token,9000336
Luxury Liner Design,9000335
Luxury Liner Materials,9000334
Sea-faring Owl,9000333
Human Cannon,9000332
Music Box,9000331
Sanddeep Liner Propellant,9000330
Human Cannon (DEPRECATED),9000329
Music Box (DEPRECATED),9000328
Sanddeep Liner Propellant (DEPRECATED),9000327
Brave Bison,9000326
Mysterious Manuscript,9000325
Spellbook: Authority,9000324
Spellbook: Bulwark,9000323
Pigglewiggle's Stew,9000322
Pigglewiggle's Grand Feast,9000321
Monarch of the Sea,9000320
Large Otherworld Storage Chest,9000319
Abyssal Librarian Token,9000318
Hiram Armor Box,9000317
Hiram Weapon Box,9000316
Magical Rabbit Egg,9000315
White Bunny Pet,9000314
Dye,9000313
Dye,9000312
Dye,9000311
Dye,9000310
Dye,9000309
Dye,9000308
Dye,9000307
Dye,9000306
Dye,9000305
Dye,9000304
Dye,9000303
Dye,9000302
Dye,9000301
Dye,9000300
Dye,9000299
Dye,9000298
Dye,9000297
Dye,9000296
Dye,9000295
Dye,9000294
Dye,9000293
Dye,9000292
Dye,9000291
Dye,9000290
Dye,9000289
Dye,9000288
Dye,9000287
Dye,9000286
Dye,9000285
Dye,9000284
Dye,9000283
Dye,9000282
Dye,9000281
Dye,9000280
Dye,9000279
Dye,9000278
Dye,9000277
Dye,9000276
Dye,9000275
Dye,9000274
Dye,9000273
Dye,9000272
Dye,9000271
Dye,9000270
Dye,9000269
Dye,9000268
Dye,9000267
Dye,9000266
Dye,9000265
Dye,9000264
Dye,9000263
Dye,9000262
Dye,9000261
Dye,9000260
Dye,9000259
Dye,9000258
Dye,9000257
Dye,9000256
Dye,9000255
Dye,9000254
Dye,9000253
Dye,9000252
Dye,9000251
Dye,9000250
Dye,9000249
Dye,9000248
Dye,9000247
Dye,9000246
Dye,9000245
Dye,9000244
Dye,9000243
Dye,9000242
Dye,9000241
Dye,9000240
Dye,9000239
Dye,9000238
Dye,9000237
Dye,9000236
Dye,9000235
Dye,9000234
Dye,9000233
Dye,9000232
Dye,9000231
Dye,9000230
Dye,9000229
Dye,9000228
Dye,9000227
Dye,9000226
Dye,9000225
Dye,9000224
Dye,9000223
Dye,9000222
Dye,9000221
Dye,9000220
Dye,9000219
Dye,9000218
Dye,9000217
Dye,9000216
Dye,9000215
Dye,9000214
Dye,9000213
Dye,9000212
Dye,9000211
Dye,9000210
Dye,9000209
Dye,9000208
Dye,9000207
Dye,9000206
Dye,9000205
Dye,9000204
Dye,9000203
Dye,9000202
Dye,9000201
Dye,9000200
Dye,9000199
Dye,9000198
Dye,9000197
Dye,9000196
Dye,9000195
Dye,9000194
Dye,9000193
Dye,9000192
Dye,9000191
Dye,9000190
Dye,9000189
Dye,9000188
Dye,9000187
Dye,9000186
Dye,9000185
Dye,9000184
Dye,9000183
Dye,9000182
Dye,9000181
Dye,9000180
Dye,9000179
Dye,9000178
Dye,9000177
Dye,9000176
Dye,9000175
Dye,9000174
Dye,9000173
Dye,9000172
Dye,9000171
Dye,9000170
Dye,9000169
Beginner's Costume: Healing,9000168
Beginner's Costume: Magic,9000167
Beginner's Costume: Ranged,9000166
Beginner's Costume: Melee,9000165
Anima Extraction Contraption,9000164
Schematic Scrap,9000163
Gambling Addict Token,9000162
Anima Infused Taurus Horn,9000161
Crest Tradepack Ticket,9000160
Crest Typhoon Trade Pack Storage,9000159
Crest Seastorm Trade Pack Storage,9000158
Crest Mistral Trade Pack Storage,9000157
Crest Seabreeze Trade Pack Storage,9000156
Crest Zephyr Trade Pack Storage,9000155
Pigwiggle Pet,9000154
High Quality Rice Bundle,9000153
Hasla Quality Rice,9000152
Puffer Engine,9000151
Cannon Mount,9000150
Armored Frame,9000149
Torr's Pufferfish Design,9000148
Giant Cannon,9000147
Scroll: Torr's Pufferfish Ship,9000146
Scroll: Luxury Liner,9000145
Valentine Image Item: Weapon,9000144
Candy Cane (Club),9000143
Candy Cane (Scepter),9000142
Lollipop (Club),9000141
Lollipop (Scepter),9000140
Starpop (Club),9000139
Starpop (Scepter),9000138
Scroll: Blue Hello Kitty Roadster,9000137
Hellkissed Evenstone,9000136
Hellkissed Mana Wisp,9000135
Spellbook: Authority of Wisdom,9000134
Spellbook: Authority of Power,9000133
Spellbook: Authority of Toughness,9000132
Spellbook: Authority of Focus,9000131
Spellbook: Authority of Resilience,9000130
Spellbook: Bulwark of Wisdom,9000129
Spellbook: Bulwark of Power,9000128
Spellbook: Bulwark of Toughness,9000127
Spellbook: Bulwark of Focus,9000126
Spellbook: Bulwark of Resilience,9000125
Pigglewiggle's Stew,9000124
Pigglewiggle's Grand Feast,9000123
Monarch of the Sea,9000122
Ayanad Plate Medium Small Seal,9000121
Ayanad Plate Medium Mana Seal,9000120
Ayanad Plate Pants Mana Seal,9000119
Ayanad Plate Chest Mana Seal,9000118
Ayanad Leather Small Mana Seal,9000117
Ayanad Leather Medium Mana Seal,9000116
Ayanad Leather Pants Mana Seal,9000115
Ayanad Leather Chest Mana Seal,9000114
Ayanad Cloth Small Mana Seal,9000113
Ayanad Cloth Medium Mana Seal,9000112
Ayanad Cloth Pants Mana Seal,9000111
Ayanad Cloth Chest Mana Seal,9000110
Ayanad Musical Mana Seal,9000109
Ayanad Wooden Mana Seal,9000108
Ayanad Two-Hander Metal Mana Seal,9000107
Ayanad One-Hander Metal Mana Seal,9000106
Delphinad Plate Small Mana Seal,9000105
Delphinad Plate Medium Mana Seal,9000104
Delphinad Plate Pants Mana Seal,9000103
Delphinad Plate Chest Mana Seal,9000102
Delphinad Leather Small Mana Seal,9000101
Delphinad Leather Medium Mana Seal,9000100
Delphinad Leather Pants Mana Seal,9000099
Delphinad Leather Chest Mana Seal,9000098
Delphinad Cloth Small Mana Seal,9000097
Delphinad Cloth Medium Mana Seal,9000096
Delphinad Cloth Pants Mana Seal,9000095
Delphinad Cloth Chest Mana Seal,9000094
Delphinad Musical Mana Seal,9000093
Delphinad Wooden Mana Seal,9000092
Delphinad Two-Hander Metal Mana Seal,9000091
Delphinad One-Hander Metal Mana Seal,9000090
Epherium Plate Small Mana Seal,9000089
Epherium Plate Medium Mana Seal,9000088
Epherium Plate Pants Mana Seal,9000087
Epherium Plate Chest Mana Seal,9000086
Epherium Leather Small Mana Seal,9000085
Epherium Leather Medium Mana Seal,9000084
Epherium Leather Pants Mana Seal,9000083
Epherium Leather Chest Mana Seal,9000082
Epherium Cloth Small Mana Seal,9000081
Epherium Cloth Medium Mana Seal,9000080
Epherium Cloth Pants Mana Seal,9000079
Epherium Cloth Chest Mana Seal,9000078
Epherium Musical Mana Seal,9000077
Epherium Wooden Mana Seal,9000076
Epherium Two-Hander Metal Mana Seal,9000075
Epherium One-Hander Metal Mana Seal,9000074
Moby Drake Upgrade Ticket,9000073
90-Day Any-Post Parrot,9000072
Sharp Candy Cane,9000071
Daru Christmas Gift,9000070
Darukissed Flute,9000069
Daru Lunascale - Resilience (Pants),9000068
Daru Lunascale - Toughness (Pants),9000067
Catch Up Items Kit,9000066
Soulforged Cloth Set,9000065
Soulforged Leather Set,9000064
Soulforged Plate Set,9000063
Celestial Hellkissed Weapon Crate,9000062
30 Day Mirage Snowlion,9000061
Scroll: 30 Day Farm Freighter,9000060
Scroll: 30 Day Merchant Schooner,9000059
Scroll: 30 Day Fish-Find Longliner,9000058
Hellkissed Sword,9000057
Hellkissed Staff,9000056
Hellkissed Shield,9000055
Hellkissed Scepter,9000054
Hellkissed Nodachi,9000053
Hellkissed Katana,9000052
Hellkissed Guitar,9000051
Hellkissed Greatsword,9000050
Hellkissed Greatclub,9000049
Hellkissed Dagger,9000048
Hellkissed Club,9000047
Hellkissed Bow,9000046
Glider Customization: Nightfire Glider,9000045
Inferno Engine,9000044
Tribal Tabard,9000043
Hello Kitty Costume,9000042
Goddess`s Weapon Chest,9000041
Daru Wedding Favor,9000040
전투 비법서 : 단련,9000039
전투 비법서 : 화염,9000038
전투 비법서 : 각성,9000037
전투 비법서 : 신속,9000036
Daru Thanksgiving Gift,9000035
Typhoon Ridge,9000034
Seaweed Reins,9000033
Compensation (Server issues),9000032
Feathered Core,9000031
Rollback Accelerator,9000030
Universal Glider Design,9000029
Mysterious Glittery Charcoal Milk,9000028
Glittery Charcoal Milk,9000027
Land Rush Compensation Box (Affected),9000026
Land Rush Compensation Box (Global),9000025
Daru Subscription Box,9000024
Ayanad Launch Bundle,9000023
Delphinad Launch Bundle,9000022
Epherium Launch Bundle,9000021
Daru Trinket,9000020
Glider Customization: Glass Phoenix,9000019
Daru's Favorite Token,9000018
One Last Ride Token,9000017
Archer Gear Kit (OBT),9000016
Healer Gear Kit (OBT),9000015
Mage Gear Kit (OBT),9000014
Melee Tank Gear Kit (OBT),9000013
Melee DPS Gear Kit (OBT),9000012
Anywhere Warehouse (30 days),9000011
Any-Post Owl (30 days),9000010
Daru Blessing (30d),9000009
Capes Kit,9000008
Instruments Kit,9000007
Carebear Pack Kit,9000006
Plate Armor Kit,9000005
Cloth Armor Kit,9000004
Leather Set Kit,9000003
Epherium Accesories Kit,9000002
Obsidian Weapon Kit,9000001
^Wrapped Hellhound|Cerbère emballé|Verpackter Höllenhund^,8002198
^Wrapped Typhoon Drake|Drake du typhon emballé|Verpackter Taifundrache^,8002197
^Dark Shaman's Crate 2017|Caisse de Chamane sombre 2017|Kiste des Dunkelschamanen 2017^,8002196
^Geared Gaslamp Crate 2017|Caisse de lampe à huile 2017|Kiste der Zahnradgaslampe 2017^,8002195
^Battlescarred Chest 2017|Coffre marqué par la bataille 2017|Kampferprobte Truhe 2017^,8002194
^Golden Dawn Chest 2017|Coffre d'Aube vermeille 2017|Truhe des Goldenen Morgens 2017^,8002193
^Chimera Agent's Stash 2017|Provision d'agent de Chimera 2017|Agentenschatulle der Chimäre 2017^,8002192
^Silk Road Crate 2017|Caisse de soies 2017|Kiste der Seidenstraße 2017^,8002191
^Melisara's Hidden Chest 2017|Coffre caché de Melisara 2017|Melisaras Versteckte Truhe 2017^,8002190
^Soulmare Crate 2017|Caisse d'Effroyâme 2017|Seelenpferd-Kiste 2017^,8002189
^Flamefeather Crate 2017|Caisse plumefeu 2017|Flammenfederkiste 2017^,8002188
^Stormwing Crate 2017|Caisse lunaris 2017|Kiste des Donners 2017^,8002187
^Hellhound Crate 2017|Caisse de cerbère 2017|Höllenhund-Kiste 2017^,8002186
^Goblin Glider Crate 2017|Caisse de Planeur gobelin 2017|Kiste des Goblin-Gleiters 2017^,8002185
^Volcanic Crate 2017|Caisse volcanique 2017|Vulkankiste 2017^,8002184
^Manticore Crate 2017|Caisse de Manticore 2017|Mantikor-Kiste 2017^,8002183
^Ravenspine Crate 2017|Caisse de Rapacépine 2017|Kiste des Rabengrats 2017^,8002182
^Typhoon Drake Crate 2017|Caisse de Drake du typhon 2017|Kiste des Taifundrachen 2017^,8002181
^Red Tiger Crate 2017|Caisse de tigre roux 2017|Kiste des Roten Tigers 2017^,8002180
^Golden Gembloom Flowerbed|Lit de Florigemmes dorées|Blumenbeet mit Goldenen Edelblüten^,8002179
^Narayana Warrior's Crate|Caisse de guerrier narayana|Kiste des Narayana-Kriegers^,8002178
^Cumulus Crate|Caisses de cumulus|Kumulus-Kiste^,8002177
^Narayana Warrior's Garb|Habit de guerrier narayana|Kriegerkluft der Narayana^,8002176
^Nine-toothed Rake|Racle à neuf dents|Neunzahnharke^,8002175
^Narayana Staff|Bâton narayana|Narayana-Stab^,8002174
^Monk's Spade|Excavatrice de moine|Mönchsblatt^,8002173
^Wrapped Cumulus Magithopter|Magioptère Cumulus emballé|Verpackter Kumulus-Magithopter^,8002172
^Sealed Cumulus Magithopter|Magioptère Cumulus scellé|Versiegelter Kumulus-Magithopter^,8002171
^Enhanced Cumulus Magithopter: Ascension|Magioptère Cumulus amélioré : ascension|Verstärkter Kumulus-Magithopter: Aufstieg^,8002170
^Enhanced Cumulus Magithopter: Sheering|Magioptère Cumulus amélioré : rotation|Verstärkter Kumulus-Magithopter: Wenden^,8002169
^Enhanced Cumulus Magithopter: Cruising|Magioptère Cumulus amélioré : croisière|Verstärkter Kumulus-Magithopter: Reisen^,8002168
^Enhanced Cumulus Magithopter: Speed|Magioptère Cumulus amélioré : vitesse|Verstärkter Kumulus-Magithopter: Geschwindigkeit^,8002167
^Enhanced Cumulus Magithopter: Wing-Clipped|Magicoptère Cumulus amélioré : ailes modifiées|Verstärkter Kumulus-Magithopter: Flügel Gestutzt^,8002166
^Enhanced Cumulus Magithopter|Magioptère Cumulus amélioré|Verstärkter Kumulus-Magithopter^,8002165
^Cumulus Magithopter|Magioptère Cumulus|Kumulus-Magithopter^,8002164
^Red Dragon's Jewel|Joyau de dragon rouge|Juwel des Roten Drachen^,8002163
^Feastival Coin (2017)|Pièce de festinval (2017)|Schlemmerfestmünze (2017)^,8002162
^Bound Charm Chest|Coffre de charme lié|Gebundene Amulettkiste^,8002161
^Ancient Memory|Souvenir ancien|Uralte Erinnerung^,8002160
^Dance: Tipsy|Danse : Pompette|Tanz: Selig^,8002159
^Dance: Robot|Danse : robot|Tanz: Roboter^,8002158
^Dance: Let Loose|Danse : urbaine|Tanz: Locker^,8002157
^Dance: All Out|Danse : lâchage|Tanz: Wild^,8002156
^Dance: Greenman Dance|Danse : Danse de Chlorolien|Tanz: Laubmann-Tanz^,8002155
^Dance: Yatarena|Danse : yatarena|Tanz: Yatarena^,8002154
^Kindled Spirit Powerstone|Dynalithe d'Esprit luisant|Phlammtom-Kraftstein^,8002153
Bat Roost,8002152
^30-minute Bashing Broomstick|Manche à balai éclateur (30min)|Kürbisknüppel (30 Minuten)^,8002151
^25-minute Bashing Broomstick|Manche à balai éclateur (25min)|Kürbisknüppel (25 Minuten)^,8002150
^20-minute Bashing Broomstick|Manche à balai éclateur (20min)|Kürbisknüppel (20 Minuten)^,8002149
^Todd's Document|Document de Todd|Fritz' Dokument^,8002148
^Bashing Broomstick Pouch|Bourse de Manche à balai éclateur|Verpackter Kürbisknüppel^,8002147
Candy Collector's Crate,8002146
Wrapped Kindled Spirit,8002145
Kindled Spirit,8002144
Spooky Anywhere Warehouse,8002143
Embalmed Greenman Costume,8002142
Franken-Yata Costume,8002141
^Hallowtide Token (2017)|Gage d'Halloween (2017)|Herbstfest-Zeichen (2017)^,8002140
Dog Brush Part,8002139
3rd Anniversary Coin Box,8002138
3rd Anniversary Shadowguard Coin,8002137
Wrapped Veteran's Support Pack,8002136
Wrapped Adventurer's Support Pack,8002135
Cloaked Migration Talisman,8002134
Wrapped Cloaked Migration Talisman Box,8002133
Misagon's Locked Box,8002132
Cloaked Veteran's Support Pack,8002131
Cloaked Adventurer's Support Pack,8002130
3rd Anniversary Balloon Pack,8002129
Thrice Triumphant Token,8002128
Stormwraith Kirin Crate,8002127
Milkmaid Costume Crate,8002126
Faelight Wings Crate,8002125
Wrapped Luxury Construction Materials,8002124
Wrapped Advanced Construction Materials,8002123
Wrapped Basic Construction Materials,8002122
Wrapped Lord's Coins (100),8002121
Wrapped Lord's Coins (30),8002120
Wrapped Lord's Coins (3),8002119
Sealed Faelight Wings,8002118
Scroll: Rampage C200,8002117
Evolution Account Giftpack,8002116
Evolution Character Giftpack,8002115
3rd Anniversary Giftbox,8002114
Worldweaver Token,8002113
New Heights Crate,8002112
Wrapped Faelight Wings,8002111
Faelight Wings: Ascension,8002110
Faelight Wings: Sheering,8002109
Faelight Wings: Cruising,8002108
Faelight Wings: Speed,8002107
Faelight Wings: Wing-Clipped,8002106
Faelight Wings,8002105
Scroll: Maxxed Steambike,8002104
Scroll: Mad Steambike,8002103
Scroll: Maxxed Steambike,8002102
Scroll: Mad Steambike,8002101
Mad Steambike Design,8002100
Wrapped Stormwraith Kirin,8002099
Kirin Legguards,8002098
Kirin Saddle,8002097
Kirin Helm,8002096
Stormwraith Kirin,8002095
Kirby's Dog Brush,8002094
Crafting Wire,8002093
Sealed Dog Brush Part,8002092
Tear-Free Soap,8002091
Hot Water,8002090
Crimson Watch Trough,8002089
Kirby's Favorite Cheese,8002088
Cheese Rind,8002087
Treat-Maker,8002086
Bag of Bacon,8002085
Cloaked Dungeon Weapon,8002084
Anniversary Armor Crystal,8002083
Mirage Capsule,8002082
Amary Costume,8002081
Wrapped Rampage C200,8002080
Yata Music Box,8002079
Wrapped Yata Decor Pack,8002078
Starry Yata Night Light,8002077
Royal Yata Loveseat,8002076
Royal Yata Rug,8002075
Doublepaw Table,8002074
Royal Yata Chair,8002073
Royal Yata Table,8002072
Royal Yata Vanity Chair,8002071
Royal Yata Vanity,8002070
Yata End Table,8002069
Yata Bonnet Bed,8002068
Fae Yata Costume,8002067
Milkmaid Costume,8002066
Dairy Farmer Costume,8002065
3rd Anniversary Coin,8002064
Bound Lucky Ipnya Scroll,8002063
3rd Anniversary Cloak,8002062
Prestige 100,8002061
Clear Ocean Dye,8002060
Sea Krait Swimsuit,8002059
Sea Krait Crate,8002058
Dance: Splash,8002057
Swimsuit: Combat,8002056
Artificer’s Puzzle Box,8002055
Wrapped Conker’s Cube,8002054
Conker’s Cube,8002053
Refreshing Beer,8002052
Fried Chicken,8002051
Blue Salt Coin,8002050
Guard Lefus's Letter,8002049
Cowboy Corgi,8002048
Detective Corgi,8002047
Cowboy Corgi,8002046
Detective Corgi,8002045
Rajani Cultist Lockbox,8002044
Veroe Weapon Crate,8002043
True Colors Crate,8002042
Vigilant Nui's Chosen Uniform,8002041
Righteous Nui's Chosen Uniform,8002040
Courageous Nui's Chosen Uniform,8002039
Up For Adoption Token,8002038
Phoenix Phish,8002037
Rum Runner Coin,8002036
Radiant Victor: Eternal,8002032
Fleetpaw Bjorne Coin,8002031
Immortal Guardian's Robes Coin,8002030
30-Day Fleetpaw Bjorne,8002029
30-Day Immortal Guardian's Robes,8002028
Bound Combat Manual,8002027
Day 14 Eternal Loyalty Chest,8002026
Day 13 Eternal Loyalty Chest,8002025
Day 12 Eternal Loyalty Chest,8002024
Day 11 Eternal Loyalty Chest,8002023
Day 10 Eternal Loyalty Chest,8002022
Day 9 Eternal Loyalty Chest,8002021
Day 8 Eternal Loyalty Chest,8002020
Day 7 Eternal Loyalty Chest,8002019
Day 6 Eternal Loyalty Chest,8002018
Day 5 Eternal Loyalty Chest,8002017
Day 4 Eternal Loyalty Chest,8002016
Day 3 Eternal Loyalty Chest,8002015
Day 2 Eternal Loyalty Chest,8002014
Day 1 Eternal Loyalty Chest,8002013
Day 14 Erenor Homecoming Chest,8002012
Day 13 Erenor Homecoming Chest,8002011
Day 12 Erenor Homecoming Chest,8002010
Day 11 Erenor Homecoming Chest,8002009
Day 10 Erenor Homecoming Chest,8002008
Day 9 Erenor Homecoming Chest,8002007
Day 8 Erenor Homecoming Chest,8002006
Day 7 Erenor Homecoming Chest,8002005
Day 6 Erenor Homecoming Chest,8002004
Day 5 Erenor Homecoming Chest,8002003
Day 4 Erenor Homecoming Chest,8002002
Day 3 Erenor Homecoming Chest,8002001
Day 2 Erenor Homecoming Chest,8002000
Day 1 Erenor Homecoming Chest,8001999
Eternal Loyalty Supply Chest,8001998
Erenor Homecoming Supply Chest,8001997
Scroll: Rampage S200 Lite,8001996
Erenor Eternal Starter Package,8001995
Bound Captain's Protection,8001994
Crafted Rampage B Frame,8001993
Crafted Vehicle Frame: Rampage S200,8001992
Rampage B Design,8001991
Rampage S200 Design,8001990
Ancestral Support Box,8001989
Captain’s Protection Crate,8001988
Multi-Wagon Upgrade Ticket,8001987
Wrapped Rampage B200,8001986
Wrapped Rampage S200,8001985
Wrapped Moonsand Fox,8001984
Wrapped Expanded Otherworld Storage Chest,8001983
Erenor Eternal Archeum Pack,8001982
Erenor Eternal Gold Pack,8001981
Erenor Eternal Silver Pack,8001980
Flutterdance Crate,8001979
New Height Crate,8001978
Daily Hype Crate,8001977
Sealed Enhanced Rocket Wings #2,8001976
Sealed Rocket Wings #2,8001975
Enhanced Rocket Wings #2: Ascension,8001974
Enhanced Rocket Wings #2: Sheering Speed,8001973
Enhanced Rocket Wings #2: Cruising Ability,8001972
Enhanced Rocket Wings #2: Air Speed,8001971
Enhanced Rocket Wings No.2: Wing-Clipped,8001970
Enhanced Rocket Wings #2,8001969
Rocket Wings #2,8001968
Flutterdance Robes,8001967
Rousing Rabbit Pajama Package,8001966
30-Day Vocation Stipend,8001965
Ancestral Warrior Medal,8001964
Veteran's Synthesis Package,8001963
Streetwise Stash [Fresh],8001962
Streetwise Stash [Legacy],8001961
Wrapped Moby Drake,8001960
Wrapped Multipurpose Workbench,8001959
Wrapped Soulmule,8001958
Boost Box Lv6,8001957
Heroic Regrade Box,8001956
Regal Regrade Box,8001955
Wrapped Enhanced Marauder's Glider,8001954
Wrapped Orchidna's Dream Lunastone,8001953
Orchidna's Snakeskin Shroud,8001951
Orchidna's Dream Lunastone,8001950
Abyssal Purple Dye,8001949
Costume Supply Crate,8001948
Glider Supply Crate,8001947
Battle Pet Supply Crate,8001946
Mount Supply Crate,8001945
Kittenish Crate [Fresh],8001944
Kittenish Crate [Legacy],8001943
Sweet Temptation Box [Fresh],8001942
Sweet Temptation Box [Legacy],8001941
Wrapped Violet Bloomfang,8001940
Worker's Madness: 1000,8001939
Wedding Cordial,8001938
Violet Bloomfang,8001937
Wedding Ring,8001936
^Bloomfang Powerstone|Dynalithe de Floricroc|Blütenzahn-Kraftstein^,8001935
Ghost Wedding Coin,8001934
500 Vocation Badge Boost,8001933
500 Labor Boost,8001932
500 Honor Boost,8001931
Dawnleaf Decor Box,8001930
Dawnleaf Planter Box,8001929
Potted Dawnleaf Box,8001928
Juicy Dawnleaf Apple,8001927
Wrapped Luxury Regrade Crate,8001926
Wrapped Enhanced Ravenspine Wings,8001925
Sealed Ravenspine Wings,8001924
Enhanced Ravenspine Wings: Ascension,8001923
Enhanced Ravenspine Wings: Sheering,8001922
Enhanced Ravenspine Wings: Cruising,8001921
Enhanced Ravenspine Wings: Speed,8001920
Enhanced Ravenspine Wings: Wing-Clipped,8001919
Enhanced Ravenspine Wings,8001918
Ravenspine Wings,8001917
Ravenspine Archeum Supply Crate,8001916
Dread Guard's Armory,8001915
Nine-Tailed Crate,8001914
Golden Tick-Tock Legguards,8001913
Black Blazer Rabbit Saddle,8001912
Golden Tick-Tock Top Hat,8001911
Wrapped Coral,8001910
Wrapped Sir Hoppington,8001909
Wrapped Lady Fluffsworth,8001908
Cuckoo Rabbit Bloomers,8001907
Cuckoo Rabbit Saddle,8001906
Cuckoo Rabbit Bonnet,8001905
Coral,8001904
Careless Whisper Raiment,8001903
Final Whisper Raiment,8001902
Gweonid Dream,8001901
Gweonid Elixir,8001900
Lantern Festival Coin,8001899
Godly Booster Box,8001898
Heroic Booster Box,8001897
Basic Boost Box,8001896
"1,000 Vocation Badge Boost",8001895
500 Vocation Badge Boost,8001894
300 Vocation Badge Boost,8001893
"1,000 Labor Boost",8001892
500 Labor Boost,8001891
300 Labor Boost,8001890
"1,000 Honor Boost",8001889
500 Honor Boost,8001888
300 Honor Boost,8001887
Spring Costume Crate (Fresh),8001886
Spring Costume Crate (Legacy),8001885
Amary's Spring Festival Costume Collection,8001884
Spring Round Festival Firework,8001883
Wrapped Goblin Glider,8001882
Wrapped Crater Cub,8001881
Goblin Glider Crate,8001880
Volcanic Archeum Supply Crate,8001879
Sealed Black Pearl Undergarments,8001878
Sealed Black Cat Undergarments,8001877
Misagon's Hidden Crate,8001876
Wrapped Serendipity Stone,8001875
Wrapped Gold Cat Undergarments,8001874
Wrapped Red Cat Undergarments,8001873
Wrapped Black Cat Undergarments,8001872
Wrapped Golden Undergarments,8001871
Wrapped Ruby Undergarments,8001870
Wrapped Black Pearl Undergarments,8001869
Gift of Gratitude,8001868
ArcheDelivery Coin,8001867
Healing Gold Cat Undergarments,8001866
Magic Gold Cat Undergarments,8001865
Ranged Gold Cat Undergarments,8001864
Melee Gold Cat Undergarments,8001863
Healing Red Cat Undergarments,8001862
Magic Red Cat Undergarments,8001861
Ranged Red Cat Undergarments,8001860
Melee Red Cat Undergarments,8001859
Healing Black Cat Undergarments,8001858
Magic Black Cat Undergarments,8001857
Ranged Black Cat Undergarments,8001856
Melee Black Cat Undergarments,8001855
Healing Golden Undergarments,8001854
Magic Golden Undergarments,8001853
Ranged Golden Undergarments,8001852
Melee Golden Undergarments,8001851
Healing Ruby Undergarments,8001850
Magic Ruby Undergarments,8001849
Ranged Ruby Undergarments,8001848
Melee Ruby Undergarments,8001847
Healing Black Pearl Undergarments,8001846
Magic Black Pearl Undergarments,8001845
Ranged Black Pearl Undergarments,8001844
Melee Black Pearl Undergarments,8001843
Tier 3 Daily Delivery Location,8001842
Tier 3 Daily Delivery Location,8001841
Tier 3 Daily Delivery Location,8001840
Tier 2 Daily Delivery Location,8001839
Tier 2 Daily Delivery Location,8001838
Tier 2 Daily Delivery Location,8001837
Tier 1 Daily Delivery Location Lv1,8001836
Tier 1 Daily Delivery Location Lv2,8001835
Tier 1 Daily Delivery Location Lv1,8001834
Tier 1 Daily Delivery Location Lv2,8001833
Tier 1 Daily Delivery Location Lv1,8001832
Tier 3 Delivery Package,8001831
Tier 3 Delivery Package,8001830
Tier 3 Delivery Package,8001829
Tier 2 Delivery Package,8001828
Tier 2 Delivery Package,8001827
Tier 2 Delivery Package,8001826
Tier 1 Delivery Package,8001825
Tier 1 Delivery Package,8001824
Tier 1 Delivery Package,8001823
2-Hour Scroll: Daru's Clipper,8001822
2-Hour Scroll: Daru's Cogwheel Longboard,8001821
2-Hour Carrot Dash,8001820
Naptime Yata Plushie,8001819
Ebonfur Cub,8001818
Crater Cub,8001817
Cherry Blossom Coin,8001816
Sealed Titan's Wings,8001815
Enhanced Titan's Wings: Ascension,8001814
Enhanced Titan's Wings: Sheering,8001813
Enhanced Titan's Wings: Cruising,8001812
Enhanced Titan's Wings: Speed,8001811
Enhanced Titan's Wings: Wing-Clipped,8001810
Enhanced Titan's Wings,8001809
Cloaked Migration Box,8001808
Wrapped Regrade Crate,8001807
3-Day Language Boost,8001806
Bound Scroll: Resurrection (3 days),8001805
Bound Greedy Grimoire,8001804
Bound Experience Grimoire,8001803
Bound Meditation Grimoire,8001802
Bound Healing Grimoire,8001801
Veteran's Hunting Package,8001800
Veteran's Vocation Package,8001799
Grand Loot Macaron,8001798
Grand XP Macaron,8001797
Grand Mana Macaron,8001796
Grand Health Macaron,8001795
Curious Companions Battle Pet Pack,8001794
Winter Woodlands Battle Pet Pack,8001793
Sea Green Battle Pet Pack,8001792
Wrapped Golden Manticore,8001791
Racing Zebra,8001790
Racing Zebra Chow,8001789
Carrot Dash Crate,8001788
Manticore Archeum Supply Crate,8001787
Valentine's Delight [Fresh],8001786
Valentine's Delight [Legacy],8001785
Wrapped Carrot Dash,8001784
Socke's Lazy Day Package,8001783
Socke's Sweet Dreams Package,8001782
Wrapped Full Kit: Desserted Cottage,8001781
Full Kit: Desserted Cottage,8001780
Desserted Cottage Design,8001779
Neapolitan Ice Cream Table,8001778
Orange Pudding Chair,8001777
Strawberry Pudding Chair,8001776
Large Strawberry Yata Cookie,8001775
Large Jelly Cookie Decor,8001774
Large Butter Cookie Decor,8001773
Large Star Cookie Decor,8001772
Large Jam Cookie Decor,8001771
Large Chocolate Fondue Cookie Decor,8001770
Large Grape Macaron,8001769
Large Mint Macaron,8001768
Large Lemon Macaron,8001767
Large Orange Macaron,8001766
Large Peach Macaron,8001765
Gummy Bear Cupcake Decor,8001764
Sweet Dreams Bed,8001763
Strawberry Yata Cookie,8001762
Jelly Cookie Decor,8001761
Butter Cookie Decor,8001760
Star Cookie Decor,8001759
Jam Cookie Decor,8001758
Chocolate Fondue Cookie Decor,8001757
Grape Macaron,8001756
Mint Macaron,8001755
Lemon Macaron,8001754
Orange Macaron,8001753
Peach Macaron,8001752
Marvelous Chocolate,8001751
Golden Manticore,8001750
Manticore Legguards,8001749
Manticore Saddle,8001748
Manticore Helm,8001747
Pawesome Coin,8001746
Greenman Candy,8001745
Sunlight Archeum Chest,8001744
Guild XP Potion,8001743
Worker's Compensation: 500,8001742
Guild XP Chest,8001741
Archeum Spectrum Crate,8001740
Noble's Winter Coat,8001739
Khrolan Rune,8001738
Red Butterfly Undergarments,8001737
Blue Ocean Undergarments,8001736
Revelation Pack (Steam/Amazon),8001735
Amary's Winter Collection,8001734
Scroll: Merit Badge Farm Cart,8001733
Razer Snek,8001732
Orchidna's Gift,8001730
Vocation Badge Potion: 50,8001729
Worker's Compensation: 50,8001728
Legendary Founder Token,8001727
Healthy Welsh Corgi Pup,8001726
Frail Welsh Corgi Pup,8001725
Inbread Corgi,8001724
Pirate Corgi,8001723
Pilot Corgi,8001722
Welsh Corgi,8001721
Inbread Corgi,8001720
Pirate Corgi,8001719
Pilot Corgi,8001718
Welsh Corgi,8001717
Welsh Corgi Pup,8001716
Immortal Guardian's Robes,8001715
Orchidna's Music Box,8001714
Winter Maiden Token,8001713
Eviscerator Archeum Supply Crate,8001712
Wrapped Iron Eviscerator,8001711
Iron Eviscerator,8001710
Eviscerator Joint Plating,8001709
Eviscerator Saddle,8001708
Eviscerator Faceplate,8001707
Fresh-Start Firework Blossom Crate,8001706
Legacy Firework Blossom Crate,8001705
Firework Blossom Garb,8001704
Evening Blossom Garb,8001703
Spring Blossom Garb,8001702
Rudolph Supply Crate,8001701
Fresh-Start Winter Maiden's Gift,8001700
Legacy Winter Maiden's Gift,8001699
Fresh-Start Revelation Archeum Pack,8001698
Fresh-Start Revelation Gold Pack,8001697
Fresh-Start Revelation Silver Pack,8001696
Legacy Revelation Archeum Pack,8001695
Legacy Revelation Gold Pack,8001694
Legacy Revelation Silver Pack,8001693
Anywhere Warehouse,8001692
Permanent Personal Post Parrot,8001691
Wrapped Enhanced Nightfire Glider,8001690
Wrapped Zebra,8001689
Wrapped Black Reindeer,8001688
Wrapped White Reindeer,8001687
Black Reindeer,8001686
White Reindeer,8001685
Brown Reindeer,8001684
Zebra,8001683
Revelation Founder's Luck Pack,8001682
Revelation Beginner's Luck Pack,8001681
Kyprosa Pack,8001680
Mysterious Invitation,8001679
Winter Prosperity Fireworks,8001678
Snowflake Honor Fireworks,8001677
Heart-Shaped XP Fireworks,8001676
Round Festival Firework,8001675
Large Labor Potion,8001674
Sealed Dawnbreak Dove,8001673
Enhanced Dawnbreak Dove: Launch Height,8001672
Enhanced Dawnbreak Dove: Turning,8001671
Enhanced Dawnbreak Dove: Gliding,8001670
Enhanced Dawnbreak Dove: Speed,8001669
Enhanced Dawnbreak Dove: Wing-Clipped,8001668
Enhanced Dawnbreak Dove,8001667
Dawnbreak Dove,8001666
Heather Dye,8001665
Radiant Victor: Legendary,8001664
Radiant Victor: Mythic,8001663
Radiant Victor: Eternal,8001662
Radiant Victor: Legendary,8001661
Radiant Victor: Mythic,8001660
Radiant Victor: Eternal,8001659
Akrites's Fistbump Earring,8001658
Akrites's Elite Fistbump Earring,8001657
Akrites's Ultimate Fistbump Earring,8001656
Akrites's Fistbump Ring,8001655
Akrites's Elite Fistbump Ring,8001654
Akrites's Ultimate Fistbump Ring,8001653
Hero's Honor Elixir,8001652
Superior Hero's Honor Elixir,8001651
Prime Hero's Honor Elixir,8001650
Gold Evernight Ring,8001649
Silver Evernight Ring,8001648
Copper Hero's Chest,8001647
Silver Hero's Chest,8001646
Golden Hero's Chest,8001645
Wrapped Hellwing Pegasus,8001644
Red Tiger Archeum Supply Crate,8001643
Wrapped Vanhi,8001642
Dark Shaman's Crate of Holding,8001641
Dark Shaman's Raiment,8001640
Siegeram Taurus Bundle,8001639
Wrapped Stormwing Pegasus,8001638
Wrapped Dread Steed,8001637
Wrapped Rajani,8001636
Wrapped Enhanced Skywhisper Glider,8001635
Wrapped Celestial Kitsu,8001634
Wrapped Soulmare,8001633
Wrapped Enhanced Squirrel Glider Companion,8001632
Wrapped Lord Cottontail,8001631
Wrapped Celestial Pegasus,8001630
Wrapped Cyanfin,8001629
Wrapped Mirage Bjorne,8001628
Wrapped White Reindeer,8001627
Wrapped Black Reindeer,8001626
Wrapped Racing Zebra,8001625
Wrapped Carrot Dash,8001624
Wrapped Enhanced Sloth Glider Companion,8001623
Sealed Nightfire Glider,8001621
Enhanced Nightfire Glider: Launch Height,8001620
Enhanced Nightfire Glider: Turning,8001619
Enhanced Nightfire Glider: Gliding,8001618
Enhanced Nightfire Glider: Speed,8001617
Enhanced Nightfire Glider: Wing-Clipped,8001616
Enhanced Nightfire Glider,8001615
Nightfire Glider,8001614
Vanhi,8001613
Hellwing Pegasus,8001612
Friendly Flyer Treasure Chest,8001611
Wrapped Gweonid Vine Giant,8001610
Wrapped Steel Lightning,8001609
Siegeram Archeum Supply Crate,8001608
Flamefeather Archeum Supply Crate,8001607
Vinebound Archeum Supply Crate,8001606
Steel Lightning Supply Crate,8001605
Monkey Madness Archeum Supply Crate,8001604
Stormwing Archeum Supply Crate,8001603
Dread Steed Archeum Supply Crate,8001602
Striped Death Supply Crate,8001601
Skywhisper Archeum Supply Crate,8001600
Nine-Tailed Archeum Supply Crate,8001599
Soulmare Archeum Supply Crate,8001598
Treetop Archeum Supply Crate,8001597
Lord Cottontail's Archeum Supply Crate,8001596
Celestial Archeum Supply Crate,8001595
Aquatic Archeum Supply Crate,8001594
Ursamancer's Archeum Supply Crate,8001593
Rudolph Archeum Supply Crate,8001592
Striped Archeum Supply Crate,8001591
Archeum Supply Crate,8001590
Melisara's Hidden Chest,8001589
Seaside Treasure Chest,8001588
Arasha Treasure Chest,8001587
Shadow Daru Stash,8001586
First-Aid Crate,8001585
Happily Ever After Stash,8001584
Silk Road Supply Crate,8001583
Dread Guard's Armory,8001582
Geared Gaslamp Crate,8001581
Golden Dawn Chest,8001580
Hallowtide Costume Giftbox,8001579
Battlescarred Chest,8001578
Chimera Agent's Stash,8001577
Sailor's Strongbox,8001576
Fun in the Sun Giftbox,8001575
Wavewyrm Treasure Chest,8001574
Devilish Chest,8001573
Yata Pirate's Treasure Chest,8001572
Eastern Legacy Chest,8001571
Service Staff's Gift Box,8001570
Winter Maiden's Gift,8001569
Classic Racing Kit,8001568
Mirrorshine Racing Kit,8001567
Flashy Racing Kit,8001566
Feastival Coin,8001565
Daru Giftbox,8001564
Bound Snuggly Plushie,8001563
Abyssal Hunter Token,8001562
Bound Ayanad 7-Day Pass: 3rd Floor Lobby,8001561
Bound Ayanad 7-Day Pass: 2nd Floor Lobby,8001560
Bound Ayanad 7-Day Pass: 1st Floor Lobby,8001559
Daru Warrior's Chest,8001558
Typhoon Drake,8001556
Wrapped Typhoon Drake,8001555
Typhoon Archeum Supply Crate,8001554
Stormduster Strongbox,8001553
Pumpkin Charmer Costume Crate,8001552
Sealed Stormduster 1000,8001551
Enhanced Stormduster 1000: Launch Height,8001550
Enhanced Stormduster 1000: Turning,8001549
Enhanced Stormduster 1000: Gliding,8001548
Enhanced Stormduster 1000: Speed,8001547
Enhanced Stormduster 1000: Wing-Clipped,8001546
Enhanced Stormduster 1000,8001545
Stormduster 1000,8001544
Speedboat Upgrade Ticket,8001543
Scroll: Seaskimmer Speedboat,8001542
Scroll: Seawhip Speedboat,8001541
Seawhip Speedboat Design,8001540
Typhoon Legguards,8001539
Typhoon Saddle,8001538
Typhoon Helm,8001537
Elite Shadow Daru Uniform,8001536
Captain's Leathers,8001535
Pumpkin Charmer Costume,8001534
20k Proficiency Boost,8001533
5k Proficiency Boost,8001532
Full Kit: Stellar Scarecrow Garden,8001531
Full Kit: Lunar Scarecrow Garden,8001530
Full Kit: Solar Scarecrow Garden,8001529
Erenor PvP Celebrant Chest,8001528
Erenor PvP Champion Chest,8001527
Erenor PvP Grand Champion Chest,8001526
Erenor PvP Celebrant Token,8001525
Erenor PvP Champion Token,8001524
Erenor PvP Grand Champion Token,8001523
Windwraith's Pipes,8001522
Hallowtide Token,8001521
Erenor PvP Grand Champion Ring,8001520
Erenor PvP Champion Ring,8001519
Grim Reaver,8001518
Lamp of Souls Quest,8001517
Lamp of Honor Quest,8001516
Lamp of Greed Quest,8001515
Magic Lamp Crate,8001514
Cloaked Dungeon Weapon,8001513
Proven Warrior's Armor Crystal,8001512
Lamp of Souls,8001510
Lamp of Honor,8001509
Lamp of Greed,8001508
Soul Lamp Tribute,8001507
Honor Lamp Tribute,8001506
Greed Lamp Tribute,8001505
Chronofeather,8001504
Chronofeather Ball,8001503
2nd Anniversary Archeum Pack (STEAM),8001502
2nd Anniversary Gold Pack (STEAM),8001501
2nd Anniversary Silver Pack (STEAM),8001500
Grooming Kit,8001499
Turkey Toy,8001498
Corn Milk,8001497
Wrapped Migration Scale,8001496
Bound Anywhere Warehouse,8001495
Bound Multipurpose Workbench,8001494
Hellhound Archeum Supply Crate,8001493
Silent Forest Aged Garlic,8001492
Comb Teeth,8001491
Party Drink,8001490
Turkey Comb Materials,8001489
Toy Materials,8001488
Corn Milk Dry Ingredients,8001487
Nesting Materials,8001486
Random Migration Talisman Box,8001485
Turkey Comb Pack,8001484
Turkey Toy Pack,8001483
Corn Milk Pack,8001482
Nest Twig Pack,8001481
Comb Handle,8001475
Toy String,8001474
Fresh Milk,8001473
Chilled Barley,8001472
Toy Piece,8001471
Corn Pouch,8001470
Nest Twig,8001469
Fowl Fervor,8001468
2nd Anniversary Participant Bundle,8001467
2nd Anniversary Apprentice Bundle,8001466
2nd Anniversary Veteran Bundle,8001465
2nd Anniversary Master Bundle,8001464
2nd Anniversary Paladin Bundle,8001463
THUNDERSTRUCK Ink,8001462
ARCHEAGE Ink,8001461
Bound Mana Potion,8001460
Bound Healing Potion,8001459
Spelling Bee,8001458
Honorable Knight,8001457
Honorable Warrior,8001456
Honorable Soldier,8001455
Daru Mage's Boost,8001454
Daru Warrior's Boost,8001453
Daru's Special Gifty-Gift,8001452
Daru's Blessed Gifty-Gift,8001451
Celestial Ayanad Accessory Crate,8001450
Celestial Ayanad Armor Crate,8001449
Divine Ayanad Weapon Crate,8001448
Celestial Ayanad Accessory Voucher,8001447
Celestial Ayanad Armor Voucher,8001446
Divine Ayanad Weapon Voucher,8001445
Spelling Bee: U,8001444
Spelling Bee: T,8001443
Spelling Bee: S,8001442
Spelling Bee: R,8001441
Spelling Bee: N,8001440
Spelling Bee: K,8001439
Spelling Bee: H,8001438
Spelling Bee: G,8001437
Spelling Bee: E,8001436
Spelling Bee: D,8001435
Spelling Bee: C,8001434
Spelling Bee: A,8001433
Drumstick,8001432
Hellhound,8001431
Tame Seabug,8001430
2nd Anniversary Giftbox,8001429
Mirage Emberwild Charger,8001428
Mirage Cloudstrike Panther,8001427
Bound Secret Life Lunatear,8001426
Bound Secret Wave Lunatear,8001425
Bound Secret Earth Lunatear,8001424
Bound Secret Gale Lunatear,8001423
Bound Secret Fire Lunatear,8001422
Mirage Lavaspark,8001421
Mirage Glider Companion: Sloth,8001420
Dragon Cult Crate,8001419
Lotusmist Crate,8001418
2nd Anniversary Archeum Pack,8001417
2nd Anniversary Gold Pack,8001416
2nd Anniversary Silver Pack,8001415
Cloaked Migration Talisman Pack,8001414
Spellbound Underwear,8001413
Lotusmist Costume,8001412
Lonestar Evenstone,8001411
Lonemoon Evenstone,8001410
Lonesun Evenstone,8001409
Divine Accessory Anchoring Shard,8001404
Divine Armor Anchoring Shard,8001403
Divine Weapon Anchoring Shard,8001402
Celestial Accessory Anchoring Shard,8001401
Celestial Armor Anchoring Shard,8001400
Celestial Weapon Anchoring Shard,8001399
Divine Accessory Anchoring Charm: 2x,8001398
Divine Armor Anchoring Charm: 2x,8001397
Divine Weapon Anchoring Charm: 2x,8001396
Divine Accessory Anchoring Charm: 1.5x,8001395
Divine Armor Anchoring Charm: 1.5x,8001394
Divine Weapon Anchoring Charm: 1.5x,8001393
Divine Accessory Anchoring Emblem,8001392
Divine Armor Anchoring Emblem,8001391
Divine Weapon Anchoring Emblem,8001390
Celestial Accessory Anchoring Charm: 2x,8001389
Celestial Armor Anchoring Charm: 2x,8001388
Celestial Weapon Anchoring Charm: 2x,8001387
Celestial Accessory Anchoring Charm: 1.5x,8001386
Celestial Armor Anchoring Charm: 1.5x,8001385
Celestial Weapon Anchoring Charm: 1.5x,8001384
Celestial Accessory Anchoring Emblem,8001383
Celestial Armor Anchoring Emblem,8001382
Celestial Weapon Anchoring Emblem,8001381
Multipurpose Workbench,8001380
Honor Badge,8001379
Spirit Boost Scroll,8001378
Intelligence Boost Scroll,8001377
Stamina Boost Scroll,8001376
Agility Boost Scroll,8001375
Strength Boost Scroll,8001374
Cloaked Luminous Spirit Migration Talisman,8001373
Cloaked Luminous Intelligence Migration Talisman,8001372
Cloaked Luminous Stamina Migration Talisman,8001371
Cloaked Luminous Agility Migration Talisman,8001370
Cloaked Luminous Strength Migration Talisman,8001369
Cloaked Spirit Migration Talisman,8001368
Cloaked Intelligence Migration Talisman,8001367
Cloaked Stamina Migration Talisman,8001366
Cloaked Agility Migration Talisman,8001365
Cloaked Strength Migration Talisman,8001364
Migration Scalpel,8001353
Migration Scale,8001352
Luminous Migration Talisman: Int->Spi,8001351
Luminous Migration Talisman: Sta->Spi,8001350
Luminous Migration Talisman: Agi->Spi,8001349
Luminous Migration Talisman: Str->Spi,8001348
Luminous Migration Talisman: Spi->Int,8001347
Luminous Migration Talisman: Sta->Int,8001346
Luminous Migration Talisman: Agi->Int,8001345
Luminous Migration Talisman: Str->Int,8001344
Luminous Migration Talisman: Spi->Sta,8001343
Luminous Migration Talisman: Int->Sta,8001342
Luminous Migration Talisman: Agi->Sta,8001341
Luminous Migration Talisman: Str->Sta,8001340
Luminous Migration Talisman: Spi->Agi,8001339
Luminous Migration Talisman: Int->Agi,8001338
Luminous Migration Talisman: Sta->Agi,8001337
Luminous Migration Talisman: Str->Agi,8001336
Luminous Migration Talisman: Spi->Str,8001335
Luminous Migration Talisman: Int->Str,8001334
Luminous Migration Talisman: Sta->Str,8001333
Luminous Migration Talisman: Agi->Str,8001332
Migration Talisman: Int->Spi,8001331
Migration Talisman: Sta->Spi,8001330
Migration Talisman: Agi->Spi,8001329
Migration Talisman: Str->Spi,8001328
Migration Talisman: Spi->Int,8001327
Migration Talisman: Sta->Int,8001326
Migration Talisman: Agi->Int,8001325
Migration Talisman: Str->Int,8001324
Migration Talisman: Spi->Sta,8001323
Migration Talisman: Int->Sta,8001322
Migration Talisman: Agi->Sta,8001321
Migration Talisman: Str->Sta,8001320
Migration Talisman: Spi->Agi,8001319
Migration Talisman: Int->Agi,8001318
Migration Talisman: Sta->Agi,8001317
Migration Talisman: Str->Agi,8001316
Migration Talisman: Spi->Str,8001315
Migration Talisman: Int->Str,8001314
Migration Talisman: Sta->Str,8001313
Migration Talisman: Agi->Str,8001312
Fancy-Fance Masked Daru Weapon Orb,8001311
Masked Daru Weapon Orb,8001310
Fancy-Fance Masked Daru Shield,8001309
Fancy-Fance Masked Daru Sword,8001308
Fancy-Fance Masked Daru Club,8001307
Fancy-Fance Masked Daru Scepter,8001306
Fancy-Fance Masked Daru Bow,8001305
Masked Daru Shield,8001304
Masked Daru Sword,8001303
Masked Daru Club,8001302
Masked Daru Scepter,8001301
Masked Daru Bow,8001300
Eternal Hero Day,8001299
Eternal Hero Potion,8001298
테스트의 속사정,8001297
Melisara's Hidden Chest,8001295
Soulforged Arsenal Package,8001294
Veroe Armory Chest,8001293
Melisara's Puzzlebox,8001292
Legendary Assassin Costume,8001291
Royal Assassin Costume,8001290
Soulmule Archeum Supply Crate,8001289
Soulmule,8001288
Spirit Crystal,8001287
Shadowguard Festival Coin,8001286
Mystic Festival Fireworks,8001285
Heartwarming Festival Fireworks,8001284
Splendid Festival Fireworks,8001283
Large Crest Yata Nesting Doll,8001282
Small Crest Yata Nesting Doll,8001281
Medium Crest Yata Nesting Doll,8001280
Crest Yata Nesting Dolls,8001279
Astral Life Lunadrop,8001278
Astral Wave Lunadrop,8001277
Astral Earth Lunadrop,8001276
Astral Gale Lunadrop,8001275
Astral Fire Lunadrop,8001274
Skywhisper Archeum Supply Crate,8001273
Nine-Tailed Archeum Supply Crate,8001272
Soulmare Archeum Supply Crate,8001271
Treetop Archeum Supply Crate,8001270
Lord Cottontail's Archeum Supply Crate,8001269
Celestial Archeum Supply Crate,8001268
Aquatic Archeum Supply Crate,8001267
Ursamancer's Archeum Supply Crate,8001266
Legendary Assassin Token,8001265
Kraken House Uniform,8001264
Wyvern House Uniform,8001263
Leviathan House Uniform,8001262
Dragon House Uniform,8001261
Evergreen Yata Buff,8001260
Vibrant Greenman Buff,8001259
For the Honor of the Guild,8001258
Brave Warrior's Medal,8001257
Waterlogged Lockbox,8001256
Waterlogged Lockbox,8001255
2nd Anniversary Coin,8001254
Lv5 Regrade Pack Crate,8001253
Lv4 Regrade Pack Crate,8001252
Lv3 Regrade Pack Crate,8001251
Lv2 Regrade Pack Crate,8001250
Lv1 Regrade Pack Crate,8001249
Siegeram Archeum Supply Crate,8001248
Siegeram Taurus Bundle,8001247
Siegeram Taurus,8001246
Siegeram Taurus Joint Plating,8001245
Siegeram Taurus Saddle,8001244
Siegeram Taurus Faceplate,8001243
Wrapped Lusca Hunting Harpoon,8001242
Lusca Essence,8001240
Seaside Treasure Chest,8001239
Wrapped Summer Nights Swimwear,8001238
Wrapped Aquestria,8001237
Lusca Hunting Harpoon,8001236
Bubbling Energy,8001235
Liquid Fame,8001234
Summer Nights Swimwear,8001233
Bound Crest Trade Pack Storage,8001232
Aquestria,8001231
The Elder's Letter,8001230
Sea Coin,8001229
Merchant's Costume: Fishing,8001228
Fisherman's Token,8001227
Kaleidoscope Flask,8001226
Rich Steamed Crayfish,8001225
Galaxy Gumbo,8001224
Zodiac Festival Coin,8001223
Mystic Lotus Pond,8001222
Mini Farm Cart Decor,8001221
VIP Token,8001220
Idol Token,8001219
A-List Token,8001218
Tools of the Trade Pack,8001217
Wrapped Scroll: Red Farm Freighter,8001216
Wrapped Merchant's Costume: Trade,8001215
Merchant's Costume: Trade,8001214
Merchant's Costume: Basic,8001213
Bound Radiant Synthium Shard,8001212
Bound Lucid Synthium Shard,8001211
Healing Basic Costume Box,8001210
Magic Basic Costume Box,8001209
Ranged Basic Costume Box,8001208
Melee Basic Costume Box,8001207
Mission: A Daru Relic,8001206
Radiant Daru Summoning Potion,8001205
Golden Treasure Chest,8001204
Golden Statue Fragment,8001203
Coin Chest,8001202
Wrapped Enhanced Flamefeather Glider,8001201
Flamefeather Archeum Supply Crate,8001200
Mission: Elite Trader,8001199
Elite Trader Ticket,8001198
Mystic Daru's Lucky Gift,8001197
Elixir Mixer Token,8001196
Friend of Daru Token,8001195
Mystic Daru Summoning Potion,8001194
Potent Catalyst,8001193
Vocation Elixir,8001192
Honor Elixir,8001191
Magic Solution,8001190
Refined Iron Ingot,8001189
Daru Cauldron,8001188
Daru Cauldron Shard,8001187
Vinebound Archeum Supply Crate,8001186
Wrapped Gweonid Vine Giant,8001185
Gweonid Vine Giant,8001184
Vinetree Armor,8001183
Vinetree Legguards,8001182
Vinetree Saddle,8001181
10th Dungeon Death Warrant Chest,8001180
9th Dungeon Death Warrant Chest,8001179
8th Dungeon Death Warrant Chest,8001178
10th Ayanad Contract Reward Chest,8001177
9th Ayanad Contract Reward Chest,8001176
10th Daru Contract Reward,8001175
9th Daru Contract Reward,8001174
Daru Contract Reward,8001173
Dungeon Death Warrant,8001172
Ayanad Contract,8001171
Daru Contract,8001170
Bound Duun's Blessing,8001169
Bound Lucid Refined Lunagem: Aid,8001168
Bound Lucid Refined Lunagem: Extreme,8001167
Bound Lucid Refined Lunagem: Marksman,8001166
Bound Lucid Refined Lunagem: Buffet,8001165
Bound Lucid Refined Lunagem: Salvation,8001164
Bound Lucid Refined Lunagem: Apex,8001163
Bound Lucid Refined Lunagem: Sharpshot,8001162
Bound Lucid Refined Lunagem: Strong Blow,8001161
Bound Lucid Refined Lunagem: Magic Defense,8001160
Bound Lucid Refined Lunagem: Defense,8001159
Healing Cloth Giftpack,8001158
Magic Cloth Giftpack,8001157
Ranged Leather Giftpack,8001156
Melee Leather Giftpack,8001155
Defensive Plate Giftpack,8001154
Guild Mark,8001153
Legacy Warrior Gift Pack,8001152
Homecoming Guild Member Supply Chest,8001151
Homecoming Warrior Gift Pack,8001150
30-Day Rajani,8001149
30-Day Celestial Kitsu,8001148
30-Day Skywhisper Glider,8001147
30-Day Soulmare,8001146
30-Day Glider Companion: Squirrel,8001145
30-Day Lord Cottontail,8001144
30-Day Celestial Pegasus,8001143
30-Day Cyanfin,8001142
30-Day Mirage Bjorne,8001141
30-Day White Reindeer,8001140
30-Day Black Reindeer,8001139
30-Day Racing Zebra,8001138
30-Day Carrot Dash,8001137
Bound Vivid Synthium Shard,8001136
Bound Clear Synthium Shard,8001135
Ascension Crate,8001134
Advanced Armageddon Pet Legguards,8001133
Advanced Armageddon Pet Saddle,8001132
Advanced Armageddon Pet Helm,8001131
Bound Silver Regrade Charm,8001130
Locked Ascension Crate,8001129
Steam Archeum Ascension Pack,8001128
Steam Gold Ascension Pack,8001127
Steam Silver Ascension Pack,8001126
Ascension Key,8001125
Archeum Ascension Pack,8001124
Gold Ascension Pack,8001123
Silver Ascension Pack,8001122
Superior Activity Token,8001121
Activity Token,8001120
Bound Special Pirate Plushie Trove,8001119
Bound Decor Limit Increase,8001118
Legacy Warrior Supply Chest,8001117
7-Day Daily Labor Stipend,8001116
Eternal Loyalty Gear Ticket,8001115
Priceless Coin,8001114
Homecoming Warrior Supply Chest,8001113
Homecoming Warrior's Blessing,8001112
15-Day Labor Stipend,8001111
Erenor Homecoming Gear Ticket,8001110
Anniversary Giftpack,8001109
Sealed Flamefeather Glider,8001108
Enhanced Flamefeather Glider: Launch Height,8001107
Enhanced Flamefeather Glider: Turning,8001106
Enhanced Flamefeather Glider: Gliding,8001105
Enhanced Flamefeather Glider: Speed,8001104
Enhanced Flamefeather Glider: Wing-Clipped,8001103
Enhanced Flamefeather Glider,8001102
Flamefeather Glider,8001101
Bound Radiant Synthium Stone,8001100
Bound Lucid Synthium Stone,8001099
Healing Basic Costume,8001098
Magic Basic Costume,8001097
Ranged Basic Costume,8001096
Melee Basic Costume,8001095
Building Management Permit,8001094
Bound Combat Scroll: Toughness,8001093
Bound Combat Scroll: Flexibility,8001092
Bound Combat Scroll: Mastery,8001091
Regrade Support Pack,8001090
Vocation Support Pack,8001089
Combat Support Pack,8001088
Wrapped Lavaspark,8001087
Special Pirate Plushie Trove,8001086
Wrapped Otherworld Storage Chest,8001085
Shadow Daru Stash,8001084
Wrapped Shadow Daru Uniform,8001083
Shadow Daru Uniform,8001082
Ayanad Scroll Scrap,8001081
Mittani Cloak,8001080
Geared Gaslamp Crate,8001079
Golden Dawn Chest,8001078
Hallowtide Costume Giftbox,8001077
Battlescarred Chest,8001076
Chimera Agent's Stash,8001075
Sailor's Strongbox,8001074
Fun in the Sun Giftbox,8001073
Wavewyrm Treasure Chest,8001072
Devilish Chest,8001071
Yata Pirate's Treasure Chest,8001070
Eastern Legacy Chest,8001069
Service Staff's Gift Box,8001068
Winter Maiden's Gift,8001067
Classic Racing Kit,8001066
Mirrorshine Racing Kit,8001065
Flashy Racing Kit,8001064
Bloodmaw Eveningwear,8001063
Wrapped Geared Gaslamp Garb,8001062
Wrapped Golden Dawn,8001061
Wrapped Bloodmaw Eveningwear,8001060
Wrapped Oathbreaker Plate,8001059
Wrapped Chimera Agent Uniform,8001058
Wrapped Rowdy Shore Leave Outfit,8001057
Wrapped Auroran Navy Uniform,8001056
Wrapped Summer Racer's Swimwear,8001055
Wrapped Beach Racer's Swimwear,8001054
Wrapped Abyssal Wavewyrm Costume,8001053
Wrapped Ivory Wavewyrm Costume,8001052
Wrapped Devilish Temptation,8001051
Wrapped Blackjack Yata Pirate Costume,8001050
Wrapped True Blue Yata Costume,8001049
Wrapped Ebongleam Dynasty Robes,8001048
Wrapped Icefall Dynasty Robes,8001047
Wrapped Spotless Service Uniform,8001046
Wrapped Classic Service Uniform,8001045
Wrapped Poinsettia Winter Festival Costume,8001044
Inoch's Battle Robes,8001043
Stormrose,8001042
Daily Labor Stipend,8001041
Small Owl Plushie,8001040
Owl Plushie,8001039
Large Owl Plushie,8001038
Gold Pufferfish,8001037
Lucid Refined Lunagem Crate,8001036
Bound Superior White Regrade Charm,8001035
Bound Combat Scroll: Lightning,8001034
Bound Combat Scroll: Toughness,8001033
Owl Post Uniform,8001032
Thiorium,8001031
Sealed Astra Wings,8001030
Enhanced Astra Wings: Ascension,8001029
Enhanced Astra Wings: Sheering,8001028
Enhanced Astra Wings: Cruising,8001027
Enhanced Astra Wings: Speed,8001026
Enhanced Astra Wings: Wing-Clipped,8001025
Enhanced Astra Wings,8001024
Astra Wings,8001023
Arasha Treasure Chest,8001022
Wrapped Arasha Nomad Costume,8001021
Arasha Nomad Costume,8001020
Steel Lightning Supply Crate,8001019
Wrapped Steel Lightning,8001018
30-Day Labor Stipend,8001017
Hot Tub,8001016
Wrapped Doctor Healgood Costume,8001015
First-Aid Crate,8001014
First-Aid Crate,8001013
Monkey Madness Archeum Supply Crate,8001012
Monkey Madness Archeum Supply Crate,8001011
Doctor Healgood,8001010
Wrapped Narayana Squire,8001009
Farm Freighter Upgrade Ticket,8001008
Scroll: Red Rudolph Farm Freighter,8001007
Scroll: Rudolph Farm Freighter,8001006
Scroll: Yuletide Farm Freighter,8001005
Scroll: Red Farm Freighter,8001004
Scroll: Farm Freighter,8001003
Glass Prismatic Diamond,8001002
Bound Horsepower Boost,8001001
Serendipity Stone,8001000
Bound Serendipity Stone Shard,8000999
Bound Vivid Synthium Stone,8000998
Bound Clear Synthium Stone,8000997
Glass Diamond,8000996
Glass Emerald,8000995
Glass Ruby,8000994
Glass Sapphire,8000993
Glass Topaz,8000992
Glass Amethyst,8000991
Lucid Lunagem Crate,8000990
Sealed Nui's Diadem,8000989
Mythic Nui's Diadem,8000988
Legendary Nui's Diadem,8000987
Divine Nui's Diadem,8000986
Celestial Nui's Diadem,8000985
Heroic Nui's Diadem,8000984
Arcane Nui's Diadem,8000983
Rare Nui's Diadem,8000982
Grand Nui's Diadem,8000981
Sealed Legendary Nui's Diadem,8000980
Sealed Epic Nui's Diadem,8000979
Sealed Celestial Nui's Diadem,8000978
Sealed Divine Nui's Diadem,8000977
Sealed Unique Nui's Diadem,8000976
Sealed Heroic Nui's Diadem,8000975
Sealed Arcane Nui's Diadem,8000974
Sealed Rare Nui's Diadem,8000973
Sealed Grand Nui's Diadem,8000972
Epic Nui's Diadem,8000971
Unique Nui's Diadem,8000970
Silverleaf,8000969
Tarnished Nui's Diadem,8000968
Narayana Squire,8000967
Misagon's Crystal,8000966
Wrapped Stormwing Pegasus,8000965
Stormwing Archeum Supply Crate,8000964
Auction Mannequin,8000963
Extraction Alembic,8000962
Synthium Soap,8000961
Daru Giftbox,8000960
Princess Greeniette Costume,8000959
Prince Yateo Costume,8000958
Happily Ever After Stash,8000957
Autumn Greens Bundle,8000956
Evergreen Bundle,8000955
Panda-monium Archeum Supply Crate,8000954
Radiant Synthium Shard,8000953
Lucid Synthium Shard,8000952
Vivid Synthium Shard,8000951
Clear Synthium Shard,8000950
Sealed Panda Glider Companion,8000949
Enhanced Panda Glider Companion: Launch Height,8000948
Enhanced Panda Glider Companion: Turning,8000947
Enhanced Panda Glider Companion: Gliding,8000946
Enhanced Panda Glider Companion: Speed,8000945
Enhanced Panda Glider Companion: Wing-Clipped,8000944
Enhanced Panda Glider Companion,8000943
Glider Companion: Panda,8000942
Springsong Greenman Coin,8000941
30-Day Springsong Greenman Suit,8000940
Springsong Greenman Suit,8000939
Brilliant Mornstone,8000938
Classique Ball Attire,8000937
Purestar Ball Attire,8000936
Dazzling Ball Attire,8000935
Royal's Disguise,8000934
Rags of the Spoonlord,8000933
Radiant Synthium Stone,8000932
Lucid Synthium Stone,8000931
Vivid Synthium Stone,8000930
Clear Synthium Stone,8000929
Defense Basic Costume,8000928
Healing Basic Costume,8000927
Magic Basic Costume,8000926
Ranged Basic Costume,8000925
Melee Basic Costume,8000924
Anywhere Warehouse,8000923
Full Kit: Birch Treehouse,8000922
Birch Treehouse Design,8000921
Day 14 Bloodsong Loyalty Chest,8000920
Day 13 Bloodsong Loyalty Chest,8000919
Day 12 Bloodsong Loyalty Chest,8000918
Day 11 Bloodsong Loyalty Chest,8000917
Day 10 Bloodsong Loyalty Chest,8000916
Day 9 Bloodsong Loyalty Chest,8000915
Day 8 Bloodsong Loyalty Chest,8000914
Day 7 Bloodsong Loyalty Chest,8000913
Day 6 Bloodsong Loyalty Chest,8000912
Day 5 Bloodsong Loyalty Chest,8000911
Day 4 Bloodsong Loyalty Chest,8000910
Day 3 Bloodsong Loyalty Chest,8000909
Day 2 Bloodsong Loyalty Chest,8000908
Day 1 Bloodsong Loyalty Chest,8000907
Day 14 Bloodsong Homecoming Chest,8000906
Day 13 Bloodsong Homecoming Chest,8000905
Day 12 Bloodsong Homecoming Chest,8000904
Day 11 Bloodsong Homecoming Chest,8000903
Day 10 Bloodsong Homecoming Chest,8000902
Day 9 Bloodsong Homecoming Chest,8000901
Day 8 Bloodsong Homecoming Chest,8000900
Day 7 Bloodsong Homecoming Chest,8000899
Day 6 Bloodsong Homecoming Chest,8000898
Day 5 Bloodsong Homecoming Chest,8000897
Day 4 Bloodsong Homecoming Chest,8000896
Day 3 Bloodsong Homecoming Chest,8000895
Day 2 Bloodsong Homecoming Chest,8000894
Day 1 Bloodsong Homecoming Chest,8000893
Day 14 Supply Chest,8000892
Day 13 Supply Chest,8000891
Day 12 Supply Chest,8000890
Day 11 Supply Chest,8000889
Day 10 Supply Chest,8000888
Day 9 Supply Chest,8000887
Day 8 Supply Chest,8000886
Scroll: Adventurer's Harpoon Clipper,8000885
Scroll: Adventurer's Cogwheel Longboard,8000884
Adventurer's Polaris Bjorne,8000883
Bloodsong Loyalty Bundle,8000882
Bloodsong Homecoming Bundle,8000881
Sealed Yin-Yang Wings,8000847
Enhanced Yin-Yang Wings: Launch Height,8000846
Enhanced Yin-Yang Wings: Turning,8000845
Enhanced Yin-Yang Wings: Gliding,8000844
Enhanced Yin-Yang Wings: Speed,8000843
Enhanced Yin-Yang Wings: Wing-Clipped,8000842
Enhanced Yin-Yang Wings,8000841
Yin-Yang Wings,8000840
Sealed Cloudrun Glider,8000839
Enhanced Cloudrun Glider: Launch Height,8000838
Enhanced Cloudrun Glider: Turning,8000837
Enhanced Cloudrun Glider: Gliding,8000836
Enhanced Cloudrun Glider: Speed,8000835
Enhanced Cloudrun Glider: Wing-Clipped,8000834
Enhanced Cloudrun Glider,8000833
Cloudrun Glider,8000832
Loyalty Token 10-Pack,8000831
Mistsong Maverick Token,8000830
Aria's Phonograph,8000829
Silk Road Supply Crate,8000828
Scroll: 30-Day Longliner,8000827
Scroll: Homecoming Farm Wagon,8000826
Scroll: Homecoming Timber Coupe,8000825
Scroll: Homecoming Apex Squall,8000824
Scroll: Homecoming Comet Speedster,8000823
Homecoming Vehicle Coin,8000822
Demon's Kiss Coin,8000821
Treant Coin,8000820
30-Day Wisdom Tree Pet,8000819
30-Day Demon's Kiss Costume,8000818
Demon's Kiss Costume,8000817
Duskglow Waistcoat Ensemble,8000816
Skyline Waistcoat Ensemble,8000815
Blossom Perinoor Cottons,8000814
Snowbright Perinoor Cottons,8000813
Midnight Perinoor Cottons,8000812
Alabaster Perinoor Silks,8000811
Crimson Perinoor Silks,8000810
Midnight Perinoor Silks,8000809
Dread Steed Archeum Supply Crate,8000808
Badaru's Bubble,8000807
Hard Difficulty Sojung Chest,8000806
Normal Difficulty Sojung Chest,8000805
Easy Difficulty Sojung Chest,8000804
Hard Difficulty Dochul Chest,8000803
Normal Difficulty Dochul Chest,8000802
Easy Difficulty Dochul Chest,8000801
Hard Difficulty Aria Chest,8000800
Normal Difficulty Aria Chest,8000799
Easy Difficulty Aria Chest,8000798
Lunarite Box,8000797
Small Winter Maiden Decor Bundle,8000796
Large Winter Maiden Decor Bundle,8000795
Crimson Dye,8000794
Kyprosa's Favor,8000793
Kyprosa's Winter Furs,8000792
Dread Guard's Armory,8000791
Holiday Heroes Contest: Second Place,8000790
Holiday Heroes Contest: First Place,8000789
Holiday Heroes Contest: Grand Prize,8000788
Wrapped Dread Steed,8000787
Dread Guard Katana,8000786
Dread Guard Nodachi,8000785
Dread Guard Armor,8000784
Dread Steed Legguards,8000783
Dread Steed Saddle,8000782
Dread Steed Helm,8000781
Dread Steed,8000780
Lucid Refined Lunagem: Aid,8000779
Lucid Refined Lunagem: Extreme,8000778
Lucid Refined Lunagem: Marksman,8000777
Lucid Refined Lunagem: Buffet,8000776
Lucid Refined Lunagem: Salvation,8000775
Lucid Refined Lunagem: Apex,8000774
Lucid Refined Lunagem: Sharpshot,8000773
Lucid Refined Lunagem: Strong Blow,8000772
Lucid Refined Lunagem: Magic Defense,8000771
Lucid Refined Lunagem: Defense,8000770
Vivid Refined Lunagem: Aid,8000769
Vivid Refined Lunagem: Extreme,8000768
Vivid Refined Lunagem: Marksman,8000767
Vivid Refined Lunagem: Buffet,8000766
Vivid Refined Lunagem: Salvation,8000765
Vivid Refined Lunagem: Apex,8000764
Vivid Refined Lunagem: Sharpshot,8000763
Vivid Refined Lunagem: Strong Blow,8000762
Vivid Refined Lunagem: Magic Defense,8000761
Vivid Refined Lunagem: Defense,8000760
Clear Refined Lunagem: Aid,8000759
Clear Refined Lunagem: Extreme,8000758
Clear Refined Lunagem: Marksman,8000757
Clear Refined Lunagem: Buffet,8000756
Clear Refined Lunagem: Salvation,8000755
Clear Refined Lunagem: Apex,8000754
Clear Refined Lunagem: Sharpshot,8000753
Clear Refined Lunagem: Strong Blow,8000752
Clear Refined Lunagem: Magic Defense,8000751
Clear Refined Lunagem: Defense,8000750
Patron Winter Maiden Boot,8000749
Winter Maiden Boot,8000748
Itty-Bitty Fairy Sparkle Tree,8000747
Gift Box,8000746
Patron Gift Box,8000745
Winter Essence,8000744
Itty-Bitty Glittergreen,8000743
Fairy Sparkle Tree,8000742
Starbright Holiday Tree,8000741
Candy Cane Post,8000740
Starpop Post,8000739
Snowflake Star,8000738
Prancing Candy Canedeer,8000737
Candy Canedeer,8000736
Prancing Glowing Candy Canedeer,8000735
Glowing Candy Canedeer,8000734
Golden Snowflake Garland,8000733
Candy Cane Fence,8000732
Winter Maiden Wreath,8000731
White Holiday Lights,8000730
Green and Red Holiday Lights,8000729
Red Holiday Lights,8000728
Green Holiday Lights,8000727
White and Blue Holiday Lights,8000726
Blue Holiday Lights,8000725
Multi-Color Holiday Lights,8000724
Peppermint 9,8000723
Peppermint 8,8000722
Peppermint 7,8000721
Peppermint 6,8000720
Peppermint 5,8000719
Peppermint 4,8000718
Peppermint 3,8000717
Peppermint 2,8000716
Peppermint 1,8000715
Peppermint 0,8000714
Peppermint Z,8000713
Peppermint Y,8000712
Peppermint X,8000711
Peppermint W,8000710
Peppermint V,8000709
Peppermint U,8000708
Peppermint T,8000707
Peppermint S,8000706
Peppermint R,8000705
Peppermint Q,8000704
Peppermint P,8000703
Peppermint O,8000702
Peppermint N,8000701
Peppermint M,8000700
Peppermint L,8000699
Peppermint K,8000698
Peppermint J,8000697
Peppermint I,8000696
Peppermint H,8000695
Peppermint G,8000694
Peppermint F,8000693
Peppermint E,8000692
Peppermint D,8000691
Peppermint C,8000690
Peppermint B,8000689
Peppermint A,8000688
Sealed Reindeer Crate,8000687
Leafpile Greenman,8000686
Cornbread Stuffing,8000685
Celebratory Festival Firework,8000684
Snowflake Festival Firework,8000683
Heart Festival Firework,8000682
Round Festival Firework,8000681
Pawesome Coin,8000680
Geared Gaslamp Crate,8000679
Vehicle Upgrade Device,8000678
Chimera Agent's Stash,8000677
Sailor's Strongbox,8000676
Soulmare Archeum Supply Crate,8000675
Fun in the Sun Giftbox,8000674
Treetop Archeum Supply Crate,8000673
Wavewyrm Treasure Chest,8000672
Lord Cottontail's Archeum Supply Crate,8000671
Devilish Chest,8000670
Yata Pirate's Treasure Chest,8000669
Celestial Archeum Supply Crate,8000668
Eastern Legacy Chest,8000667
Aquatic Archeum Supply Crate,8000666
Valentine's Gift,8000665
Service Staff's Gift Box,8000664
Ursamancer's Archeum Supply Crate,8000663
Friendly Flyer Treasure Chest,8000662
Rudolph Archeum Supply Crate,8000661
Winter Maiden's Gift,8000660
Classic Racing Kit,8000659
Mirrorshine Racing Kit,8000658
Flashy Racing Kit,8000657
Striped Archeum Supply Crate,8000656
Archeum Supply Crate,8000655
Limited Edition: Bloodbound Housewarming Gift,8000654
Limited Edition: Snowbound Housewarming Gift,8000653
Limited Edition: Clawbound Housewarming Gift,8000652
Limited Edition: Skybound Housewarming Gift,8000651
Wrapped Lord Cottontail,8000650
Wrapped White Reindeer,8000649
Wrapped Black Reindeer,8000648
Wrapped Classic Steamracer Leathers,8000647
Wrapped Flashy Steamracer Leathers,8000646
Wrapped Mirrorshine Steamracer Leathers,8000645
Racing Zebra,8000644
Carrot Dash,8000643
Archeum Shard Crate,8000642
Login Badge,8000641
Narrow Pumpkin Spiked Fence,8000640
Pumpkin Spiked Fence,8000639
Pumpkin Spiked Gate,8000638
Narrow Goblin-Skin Spiked Fence,8000637
Goblin-Skin Spiked Fence,8000636
^Goblin-Skin Spiked Gate|Porte à pointes en peau de gobelin|Goblin-Stachelzaun-Tor^,8000635
Pumpkin Streetlamp,8000634
Crooked Pumpkin Lantern,8000633
Pumpkin Lantern,8000632
Goblin-Skin Streetlamp,8000631
Crooked Goblin-Skin Lantern,8000630
Goblin-Skin Lantern,8000629
Wooden Pumpkin Lantern,8000628
Bewitching Pumpkin Lantern,8000627
Gilt Deathchill Coffin,8000626
Golden Dawn Chest,8000625
Wrapped Shayeera,8000624
Wrapped Rajani,8000623
Striped Death Supply Crate,8000622
War Tiger Legguards,8000621
War Tiger Saddle,8000620
War Tiger Helm,8000619
Rajani,8000618
Shayeera,8000617
Kamari,8000616
Pumpkin Spooks Chest,8000615
ULTIMATE Hallowtide Decor Pack,8000614
Hallowtide Costume Giftbox,8000613
Prisoner's Pride,8000612
Tomb-Bound Wraps,8000611
Eternal Wish Raiment,8000610
Hallowtide Festival Token,8000609
Worldwalker Package,8000608
Lil' Sheepie,8000607
Sheepie,8000606
Sheepie's Keeper Token,8000605
Northern Legion Giftpack,8000604
Diamond Soul Giftpack,8000603
Worldwalker Giftpack,8000602
Patron's Anniversary Gift,8000601
Anniversary Gift,8000600
Patron's Homecoming Giftpack,8000599
Homecoming Giftpack,8000598
Eternal Awakening Pack,8000597
Archeum Awakening Pack,8000596
Gold Awakening Pack,8000595
Silver Awakening Pack,8000594
Parrot Mailbox,8000593
Northern Legion Token,8000592
Diamond Soul Token,8000591
Worldwalker Token,8000590
Chrome Sub Design Scrap,8000589
Chrome Steamfish Submarine Design,8000588
Chrome Steamfish Submarine,8000587
Inquisitor's Robes,8000586
Sealed Marauder's Glider,8000585
Enhanced Marauder's Glider: Launch Height,8000584
Enhanced Marauder's Glider: Turning,8000583
Enhanced Marauder's Glider: Gliding,8000582
Enhanced Marauder's Glider: Speed,8000581
Enhanced Marauder's Glider: Wing-Clipped,8000580
Enhanced Marauder's Glider,8000579
Geared Gaslamp Garb,8000578
Permanent Personal Post Parrot,8000577
Nine-Tailed Archeum Supply Crate,8000576
Wrapped Celestial Kitsu,8000575
Full Kit: Rose Quartz Solarium,8000574
Rose Quartz Solarium Design,8000573
Full Kit: Sapphire Solarium,8000572
Sapphire Solarium Design,8000571
Permanent Personal Post Owl,8000570
Prime Weapon Temper,8000569
Prime Armor Temper,8000568
Armor Temper,8000567
Scroll: Farm Cart (30 days),8000566
Wayfarer Token,8000565
Bird of Prey Cloak,8000564
Day 7 Soul Sworn Chest,8000563
Day 6 Soul Sworn Chest,8000562
Day 5 Soul Sworn Chest,8000561
Day 4 Soul Sworn Chest,8000560
Day 3 Soul Sworn Chest,8000559
Day 2 Soul Sworn Chest,8000558
Day 1 Soul Sworn Chest,8000557
Day 7 Homecoming Chest,8000556
Day 6 Homecoming Chest,8000555
Day 5 Homecoming Chest,8000554
Day 4 Homecoming Chest,8000553
Day 3 Homecoming Chest,8000552
Day 2 Homecoming Chest,8000551
Day 1 Homecoming Chest,8000550
Event Herald Token,8000549
Day 7 Supply Chest,8000548
Day 6 Supply Chest,8000547
Day 5 Supply Chest,8000546
Day 4 Supply Chest,8000545
Day 3 Supply Chest,8000544
Day 2 Supply Chest,8000543
Day 1 Supply Chest,8000542
Soul Sworn,8000541
Wayfarer's Cloak,8000540
Bound Vocation Expertise Tonic,8000539
Bound Lucky Quicksilver Tonic,8000538
Bound Immortal XP Tonic,8000537
Bound Honor Boost Tonic,8000536
Mirage Accessory Chest,8000535
30-Day Ayanad Pass: 3rd Floor,8000534
30-Day Ayanad Pass: 2nd Floor,8000533
30-Day Ayanad Pass: 1st Floor,8000532
Homecoming Copper Steamfish Submarine,8000531
Scroll: Homecoming Cogwheel Longboard,8000530
Scroll: Homecoming Hauler,8000529
Mirage Donkey,8000528
Mirage Steel Lightning,8000527
Sealed Gilded Royal Glider,8000526
Enhanced Gilded Royal Glider: Launch Height,8000525
Enhanced Gilded Royal Glider: Turning,8000524
Enhanced Gilded Royal Glider: Gliding,8000523
Enhanced Gilded Royal Glider: Speed,8000522
Enhanced Gilded Royal Glider: Wing-Clipped,8000521
Enhanced Gilded Royal Glider,8000520
Sealed Imperial Jade Wing,8000519
Enhanced Imperial Jade Wing: Launch Height,8000518
Enhanced Imperial Jade Wing: Turning,8000517
Enhanced Imperial Jade Wing: Gliding,8000516
Enhanced Imperial Jade Wing: Speed,8000515
Enhanced Imperial Jade Wing: Wing-Clipped,8000514
Enhanced Imperial Jade Wing,8000513
Midnight Kitsu Whistle,8000512
Woodland Kitsu Whistle,8000511
Untamed Royal Griffin,8000510
Celestial Kitsu Legguards,8000509
Celestial Kitsu Saddle,8000508
Celestial Kitsu Helm,8000507
Celestial Kitsu,8000506
Battlescarred Chest,8000505
Player Appreciation Coin,8000504
Homecoming Coin,8000503
Permanent Royal Griffin Coin,8000502
Mirage Accessory Coin,8000501
Mirage Armor Coin,8000500
Ultimate Weapon Coin,8000499
Discontinued Remodeling Permit,8000498
Large Pirate Plushie Trove,8000497
Small Pirate Plushie Trove,8000496
Scroll: Farm Cart,8000495
Scroll: Mirage Enoan Galleon,8000494
Temporary Timber Coupe,8000493
Temporary Thunder Dash,8000492
Temporary Cogwheel Longboard,8000491
Blue Salt Festival Coin,8000490
Topiary Sapling,8000489
Blue Regrade Charm,8000488
Bound Green Regrade Charm,8000487
Green Anniversary Certificate,8000486
Yellow Anniversary Certificate,8000485
Orange Anniversary Certificate,8000484
Red Anniversary Certificate,8000483
Mission: Craft 10 Stone Bricks!,8000482
Mission: Craft 10 Lumber!,8000481
Mission: Craft 10 Leather!,8000480
Mission: Craft 10 Ingots!,8000479
Mission: Use 10 Fireworks!,8000478
Mission: Use 5 Fireworks!,8000477
Mission: Use 3 Fireworks!,8000476
Mission: Use 1 Firework!,8000475
Mission: Use 1000 Labor!,8000474
Mission: Use 500 Labor!,8000473
Mission: Use 150 Labor!,8000472
Mission: Use 100 Labor!,8000471
Mission: 200 Green Anniversary Certificates,8000470
Mission: 150 Yellow Anniversary Certificates,8000469
Mission: 99 Orange Anniversary Certificates,8000468
Mission: 50 Red Anniversary Certificates,8000467
Anniversary Token,8000466
Anniversary Giftpack,8000465
Anniversary Mission Chest,8000464
Streetwise Stash,8000463
Flamewolves Hoodie,8000462
Blue Devils Hoodie,8000461
Crimson Kings Hoodie,8000460
Massive Plushie Play Package 2,8000459
Massive Plushie Play Package 1,8000458
Massive Yata Plushie Bundle,8000457
Massive Snowlion Plushie Bundle,8000456
"""Got Elk?"" Giftpack",8000455
Sealed Legendary Dragon Wings,8000454
Enhanced Legendary Dragon Wings: Launch Height,8000453
Enhanced Legendary Dragon Wings: Turning,8000452
Enhanced Legendary Dragon Wings: Gliding,8000451
Enhanced Legendary Dragon Wings: Speed,8000450
Enhanced Legendary Dragon Wings: Wing-Clipped,8000449
Enhanced Legendary Dragon Wings,8000448
Sealed Squirrel Glider Companion,8000447
Sealed Sloth Glider Companion,8000446
Sealed Glass Phoenix,8000445
Sealed Gilt Spiral Glider,8000444
Sealed Feathered Hope,8000443
Sealed Goblin Glider,8000442
Sealed Lapis Fae Wing,8000441
Sealed Crimson Fae Wing,8000440
Sealed Corrupt Ally's Wings,8000439
Sealed Loving Ally's Wings,8000438
Sealed Pure Ally's Wings,8000437
Sealed Thunderbolt Glider,8000436
Sealed Moonshadow Glider,8000435
Sealed Red Dragon Glider,8000434
Sealed Ezi's Glider,8000433
Sealed Feathered Dragon Glider,8000432
Sealed Skywhisper Glider,8000431
Enhanced Squirrel Glider Companion: Launch Height,8000430
Enhanced Sloth Glider Companion: Launch Height,8000429
Enhanced Glass Phoenix: Launch Height,8000428
Enhanced Gilt Spiral Glider: Launch Height,8000427
Enhanced Feathered Hope: Launch Height,8000426
Enhanced Goblin Glider: Launch Height,8000425
Enhanced Lapis Fae Wing: Launch Height,8000424
Enhanced Crimson Fae Wing: Launch Height,8000423
Enhanced Corrupt Ally's Wings: Launch Height,8000422
Enhanced Loving Ally's Wings: Launch Height,8000421
Enhanced Pure Ally's Wings: Launch Height,8000420
Enhanced Thunderbolt Glider: Launch Height,8000419
Enhanced Moonshadow Glider: Launch Height,8000418
Enhanced Red Dragon Glider: Launch Height,8000417
Enhanced Ezi's Glider: Launch Height,8000416
Enhanced Feathered Dragon Glider: Launch Height,8000415
Enhanced Skywhisper Glider: Launch Height,8000414
Enhanced Squirrel Glider Companion: Turning,8000413
Enhanced Sloth Glider Companion: Turning,8000412
Enhanced Glass Phoenix: Turning,8000411
Enhanced Gilt Spiral Glider: Turning,8000410
Enhanced Feathered Hope: Turning,8000409
Enhanced Goblin Glider: Turning,8000408
Enhanced Lapis Fae Wing: Turning,8000407
Enhanced Crimson Fae Wing: Turning,8000406
Enhanced Corrupt Ally's Wings: Turning,8000405
Enhanced Loving Ally's Wings: Turning,8000404
Enhanced Pure Ally's Wings: Turning,8000403
Enhanced Thunderbolt Glider: Turning,8000402
Enhanced Moonshadow Glider: Turning,8000401
Enhanced Red Dragon Glider: Turning,8000400
Enhanced Ezi's Glider: Turning,8000399
Enhanced Feathered Dragon Glider: Turning,8000398
Enhanced Skywhisper Glider: Turning,8000397
Enhanced Squirrel Glider Companion: Gliding,8000396
Enhanced Sloth Glider Companion: Gliding,8000395
Enhanced Glass Phoenix: Gliding,8000394
Enhanced Gilt Spiral Glider: Gliding,8000393
Enhanced Feathered Hope: Gliding,8000392
Enhanced Goblin Glider: Gliding,8000391
Enhanced Lapis Fae Wing: Gliding,8000390
Enhanced Crimson Fae Wing: Gliding,8000389
Enhanced Corrupt Ally's Wings: Gliding,8000388
Enhanced Loving Ally's Wings: Gliding,8000387
Enhanced Pure Ally's Wings: Gliding,8000386
Enhanced Thunderbolt Glider: Gliding,8000385
Enhanced Moonshadow Glider: Gliding,8000384
Enhanced Red Dragon Glider: Gliding,8000383
Enhanced Ezi's Glider: Gliding,8000382
Enhanced Feathered Dragon Glider: Gliding,8000381
Enhanced Skywhisper Glider: Gliding,8000380
Enhanced Squirrel Glider Companion: Speed,8000379
Enhanced Sloth Glider Companion: Speed,8000378
Enhanced Glass Phoenix: Speed,8000377
Enhanced Gilt Spiral Glider: Speed,8000376
Enhanced Feathered Hope: Speed,8000375
Enhanced Goblin Glider: Speed,8000374
Enhanced Lapis Fae Wing: Speed,8000373
Enhanced Crimson Fae Wing: Speed,8000372
Enhanced Corrupt Ally's Wings: Speed,8000371
Enhanced Loving Ally's Wings: Speed,8000370
Enhanced Pure Ally's Wings: Speed,8000369
Enhanced Thunderbolt Glider: Speed,8000368
Enhanced Moonshadow Glider: Speed,8000367
Enhanced Red Dragon Glider: Speed,8000366
Enhanced Ezi's Glider: Speed,8000365
Enhanced Feathered Dragon Glider: Speed,8000364
Enhanced Skywhisper Glider: Speed,8000363
Enhanced Squirrel Glider Companion: Wing-Clipped,8000362
Enhanced Sloth Glider Companion: Wing-Clipped,8000361
Enhanced Glass Phoenix: Wing-Clipped,8000360
Enhanced Gilt Spiral Glider: Wing-Clipped,8000359
Enhanced Feathered Hope: Wing-Clipped,8000358
Enhanced Goblin Glider: Wing-Clipped,8000357
Enhanced Lapis Fae Wing: Wing-Clipped,8000356
Enhanced Crimson Fae Wing: Wing-Clipped,8000355
Enhanced Corrupt Ally's Wings: Wing-Clipped,8000354
Enhanced Loving Ally's Wings: Wing-Clipped,8000353
Enhanced Pure Ally's Wings: Wing-Clipped,8000352
Enhanced Thunderbolt Glider: Wing-Clipped,8000351
Enhanced Moonshadow Glider: Wing-Clipped,8000350
Enhanced Red Dragon Glider: Wing-Clipped,8000349
Enhanced Ezi's Glider: Wing-Clipped,8000348
Enhanced Feathered Dragon Glider: Wing-Clipped,8000347
Enhanced Skywhisper Glider: Wing-Clipped,8000346
Unidentified Grimoire,8000345
Greedy Grimoire,8000344
Combat Boost: Ward Grimoire,8000343
Fierce Grimoire,8000342
Zeal Grimoire,8000341
Promise Grimoire,8000340
Combat Boost: Haste Grimoire,8000339
Experience Grimoire,8000338
Meditation Grimoire,8000337
Healing Grimoire,8000336
Enhanced Squirrel Glider Companion,8000335
Enhanced Sloth Glider Companion,8000334
Enhanced Glass Phoenix,8000333
Enhanced Gilt Spiral Glider,8000332
Enhanced Feathered Hope,8000331
Enhanced Goblin Glider,8000330
Enhanced Lapis Fae Wing,8000329
Enhanced Crimson Fae Wing,8000328
Enhanced Corrupt Ally's Wings,8000327
Enhanced Loving Ally's Wings,8000326
Enhanced Pure Ally's Wings,8000325
Enhanced Thunderbolt Glider,8000324
Enhanced Moonshadow Glider,8000323
Enhanced Red Dragon Glider,8000322
Enhanced Ezi's Glider,8000321
Enhanced Feathered Dragon Glider,8000320
Glider Wingmaker Scroll,8000319
Glider Manacharge Scrolls,8000318
Enhancement Tools,8000317
Enhanced Skywhisper Glider,8000316
Skywhisper Glider,8000315
Thirsty Worker's Flask,8000314
Skywhisper Archeum Supply Crate,8000313
Chimera Agent's Stash,8000312
Dahuta's Will,8000311
Beginner's Luck Giftbox,8000310
Gilt Steamfish Submarine Design,8000309
Reinforced Giant Tailfin Frame,8000308
Full Kit: Amethyst Solarium,8000307
Amethyst Solarium Design,8000306
Full Kit: Ruby Solarium,8000305
Ruby Solarium Design,8000304
Bound Worker's Compensation,8000303
Colordaze Swimwear,8000302
Zebra Splash Swimwear,8000301
Minty Fresh Swimwear,8000300
Croc Scale Swimwear,8000299
Leopard Purr Swimwear,8000298
Breezy Floral Swimwear,8000297
Neon Dot Swimwear,8000296
Sunstripe Swimwear,8000295
Flashy Polka Dot Swimwear,8000294
Sun-bleached Swimwear,8000293
Black Pearl Swimwear,8000292
Suede Swimwear,8000291
Indigogo Dancer Swimwear,8000290
Kiwi Splash Swimwear,8000289
Fiery Swimwear,8000288
Bubblegum Swimwear,8000287
Sailor's Strongbox,8000286
Soulmare Archeum Supply Crate,8000285
Carrot-Captor Legguards,8000284
Carrot-Captor Saddle,8000283
Carrot-Captor Helm,8000282
Scroll: Resurrection (30 days),8000281
Scroll: Resurrection (7 days),8000280
Scroll: Resurrection (3 days),8000279
Scroll: Resurrection (1 day),8000278
Leviathan's Spirit,8000277
Leviathan's Legacy,8000276
Old Man's Letter,8000275
Portable Giant Crossbow,8000274
Divine Blessings Coin,8000273
Bound Superior White Regrade Charm,8000272
White Regrade Charm,8000271
Bound Destruction Preventive Charm,8000270
Patron's 5th Place Prize Ball,8000269
Patron's 4th Place Prize Ball,8000268
Patron's 3rd Place Prize Ball,8000267
Patron's 2nd Place Prize Ball,8000266
Patron's 1st Place Prize Ball,8000265
5th Place Prize Ball,8000264
4th Place Prize Ball,8000263
3rd Place Prize Ball,8000262
2nd Place Prize Ball,8000261
1st Place Prize Ball,8000260
Patron's Lottery Box,8000259
Lottery Box,8000258
Bound Worker's Compensation: 400,8000257
Soulmare,8000256
Barrel Rider Token,8000255
Fun in the Sun Giftbox,8000254
Treetop Archeum Supply Crate,8000253
Vaughn's Energizing Spirits,8000252
Vaughn's Soothing Tonic,8000251
Vaughn's Potent Stout,8000250
Glider Companion: Squirrel,8000249
Scroll: Red Rudolph Hauler,8000248
Freedich Fellowship Token,8000247
Moonfeather Griffin,8000246
Royal Griffin,8000245
Griffin Saddle,8000244
Griffin Leg Guards,8000243
Griffin Helm,8000242
Nocturne Griffin,8000241
Lady Fluffsworth Rabbit Package,8000240
Lavaspark,8000239
Chimera Ceremonial Uniform,8000238
Chimera Agent Uniform,8000237
Reward Coin,8000236
Silver Tick-Tock Legguards,8000235
White Blazer Rabbit Saddle,8000234
Silver Tick-Tock Top Hat,8000233
Battle Fae,8000232
Glider Customization: Inky Feathered Dragon,8000231
Carrot Wings Archeum Supply Crate,8000230
Wavewyrm Treasure Chest,8000229
Lord Cottontail's Archeum Supply Crate,8000228
Golden Tick-Tock Legguards,8000227
Black Blazer Rabbit Saddle,8000226
Golden Tick-Tock Top Hat,8000225
Lady Fluffsworth,8000224
Sir Hoppington,8000223
Lord Cottontail,8000222
Adventurer's XP Boost Potion,8000221
Adventurer's Pouch,8000220
Loyalty Token 20-Pack,8000219
Wayfarer's Supply Bundle,8000218
Special Novice Bundle,8000217
Wrapped Mounted Shield: Heroic,8000216
Wrapped Multipurpose Cannon: Heroic,8000215
Wrapped Chain-Shot Cannon: Heroic,8000214
Wrapped High-Speed Siege Cannon: Heroic,8000213
Wrapped High-Angle Siege Cannon: Heroic,8000212
Wrapped Large-Caliber Cannon: Heroic,8000211
Wrapped Naval Cannon: Heroic,8000210
Wrapped Shrapnel Cannon: Heroic,8000209
Wrapped Captain's Cannon: Heroic,8000208
Wrapped Enoan Zephyr Triple Square Rig: Heroic,8000207
Wrapped Enoan Zephyr Double Square Rig: Heroic,8000206
Wrapped Growling Zephyr Square Mainsail: Heroic,8000205
Wrapped Growling Zephyr Square Foresail: Heroic,8000204
Wrapped Eznan Zephyr Square Mainsail: Heroic,8000203
Wrapped Eznan Zephyr Square Foresail: Heroic,8000202
Wrapped Lutesong Zephyr Square Mainsail: Heroic,8000201
Wrapped Lutesong Zephyr Square Foresail: Heroic,8000200
Wrapped Caernord Zephyr Triangular Rig: Heroic,8000199
Wrapped Tsunami Figurehead: Heroic,8000198
Wrapped Sea Drake Figurehead: Heroic,8000197
Wrapped Ivory Nui Figurehead: Heroic,8000196
Wrapped Raging Lionheart Figurehead: Heroic,8000195
Wrapped Charred Bonekraal Figurehead: Heroic,8000194
Wrapped Beast Figurehead: Heroic,8000193
Wrapped Bonekraal Figurehead: Heroic,8000192
Wrapped Lionheart Figurehead: Heroic,8000191
Wrapped Goddess Nui Figurehead: Heroic,8000190
Plushiepalooza Pack,8000189
Leopard Purr Tattoo Bikini,8000188
Bound Worker's Compensation: 1000,8000187
Bound Worker's Compensation: 200,8000186
Devilish Chest,8000185
Eat Egg,8000184
Eat Egg,8000183
Eat Egg,8000182
Eat Egg,8000181
Crimson Lightning Essence Fragment,8000180
Spring Festival Egg Basket,8000179
Spring Tidings Token,8000178
100 Loyalty Token Package,8000177
APEX Fragment,8000176
Hatchling Hunter's Chest,8000175
Golden Dawn,8000174
Armored Wavewyrm Costume,8000173
Abyssal Wavewyrm Costume,8000172
Coral Wavewyrm Costume,8000171
Ivory Wavewyrm Costume,8000170
Sojourner's Token,8000169
Sojourner's Cloak,8000168
Sojourner's Glider,8000167
Crimson Lightning,8000166
Crimson Lightning Essence,8000165
Library Index Giftbox,8000163
Bound Tyrenos's Index,8000162
Bound Golden Library Index,8000161
Yata Pirate's Treasure Chest,8000160
Celestial Archeum Supply Crate,8000159
Provisions Pack,8000158
Labor Potion Package,8000157
Bound Worker's Compensation: 500,8000156
Personal Any-Post Owl,8000155
Dark Tear Auramancy Disciple Costume,8000154
Dark Tear Shadowplay Disciple Costume,8000153
Dark Tear Witchcraft Disciple Costume,8000152
XP Boost Potion,8000151
Starlit Valentine Package,8000150
Ruby Valentine Package,8000149
Eastern Legacy Chest,8000148
Aquatic Archeum Supply Crate,8000147
Valentine's Gift,8000146
Valentine's Heart Fireworks,8000145
Glider Customization: Ruby Wings,8000144
Glider Customization: Starlit Wings,8000143
Pure Sky Dynasty Robes,8000142
Blood Dream Dynasty Robes,8000141
Bound Roast Sirloin,8000140
Bound Smoked Sirloin,8000139
Bound Sirloin Kebab,8000138
Bound Savory Sirloin,8000137
Divine Gift,8000136
Nayah Luna Firework,8000135
Discontinued Land Expansion Permit,8000134
Service Staff's Gift Box,8000133
Ursamancer's Archeum Supply Crate,8000132
Friendly Flyer Treasure Chest,8000131
Glider Companion: Sloth,8000130
Rudolph Archeum Supply Crate,8000129
Winter Maiden's Gift,8000128
Snowy Decor Bundle,8000127
Twinkling Decor Bundle,8000126
Black Reindeer,8000125
White Reindeer,8000124
Brown Reindeer,8000123
Rudolph Pet Helm,8000122
Rudolph Pet Legguards,8000121
Rudolph Mount Saddle,8000120
Scroll: Rudolph Hauler,8000119
Scroll: Yuletide Hauler,8000118
Rudolph's Redoubt,8000117
Gingerbread Buckler,8000116
Lollipop Longstaff,8000115
Whirlypop Wand,8000114
Winter Wonderlance,8000113
Twistpop Impaler,8000112
Neverending Gobsmacker,8000111
Yuletide Basher,8000110
Tinsel Tabar,8000109
Tree-Topper Chopper,8000108
Candy Cleaver,8000107
Candy Canetana,8000106
Great Minty Mincer,8000105
Sweet Flavor Saber,8000104
Sugarplum Shank,8000103
Tricked Treat Balloons,8000102
Hallowtide Feast Table,8000101
Snooty Vamp-o'-Lantern,8000100
Rabid Jack-o'-Lantern,8000099
Gleeful Goblin Jack-o'-Lantern,8000098
Farmer's Friend Jack-o'-Lantern,8000097
Jack-o'-Snack-Bowl,8000096
Fallen Leaves,8000095
Autumnal Wreath,8000094
Rickety Picket Fence,8000093
Haunted Rickety Picket Fence,8000092
Spirit-Mimic Balloons,8000091
Rudolph Hauler Fusion Certificate,8000090
Yuletide Hauler Fusion Certificate,8000089
Polar Archeum Supply Crate,8000088
Thanksgiving Harvest,8000087
Drumstick,8000086
Exquisite Dwarven Elixir,8000085
Brisk Dwarven Elixir,8000084
Studious Dwarven Elixir,8000083
Greedy Dwarven Elixir,8000082
Punkster Steamgoggles,8000081
Wrapped Classic Steamracer Leathers,8000080
Classic Racing Kit,8000079
Mirrorshine Racing Kit,8000078
Flashy Racing Kit,8000077
Illustrious Storage Chest,8000076
Striped Archeum Supply Crate,8000075
Hallowtide Goodie Bag,8000074
Gifted Snooty Vamp-o'-Lantern,8000073
Bound Batty Butterscotch,8000072
Bound Pumpkin Spice Taffy,8000071
Bound Marshmallow Sugar Pumpkin,8000070
Bound Frankenflavor Jawbreaker,8000069
Bound Greedy Goblin Gummies,8000068
Hallowtide Giftpack,8000067
Master Chocolatier's Pumpkin,8000066
Marshmallow Sugar Pumpkin,8000065
Frankenflavor Jawbreaker,8000064
Greedy Goblin Gummies,8000063
Hallowtide Fireworks,8000062
^Hallowtide Tombstone|Pierre tombale d'Halloween|Herbstfest-Grabstein^,8000061
Ancient Tombstone,8000060
Gilt Blackwood Coffin,8000059
경매장 등록 해제권(테스트),8000058
Farm Cart Design,8000057
Cart Wheel,8000056
Thunderstruck Log,8000055
Cart Engine,8000054
Cart Shaft,8000053
Superior Worker's Compensation: 500 LP,8000052
Worker's Inspiration,8000051
Archeum Supply Crate,8000050
Limited Edition: Bloodbound Housewarming Gift,8000049
Limited Edition: Snowbound Housewarming Gift,8000048
Limited Edition: Clawbound Housewarming Gift,8000047
Limited Edition: Skybound Housewarming Gift,8000046
Special Delivery Archeum Founder's Chest,8000045
Mirage Donkey,8000044
Mirage Lilyut Horse,8000043
Mirage Snowlion,8000042
Bound Pet Dual-Recovery Potion,8000041
Bound Evenstone,8000040
Black Obsidian Dye,8000039
Verdant Harmony Dye,8000038
Amethyst Siren Dye,8000037
Pink Blush Dye,8000036
Basic Bleach,8000035
Blue Lavender Dye,8000034
Yellow Narcissus Dye,8000033
Red Rose Dye,8000032
Silver Founder's Chest,8000031
Gold Founder's Chest,8000030
Archeum Founder's Chest,8000029
sk_saint001_h,8000028
Auction License,8000027
Gilda Dust,8000026
Expansion Scroll,8000025
Wrapped Scroll: Timber Coupe,8000024
Wrapped Scroll: Comet Speedster,8000023
Vocation Expertise Tonic,8000020
Lucky Quicksilver Tonic,8000019
Immortal XP Tonic,8000018
Honor Boost Tonic,8000017
Founder's Experimental Glider,8000016
Worker's Compensation (Cooldown: 4 hr),8000015
Worker's Compensation (Cooldown: 1 hr),8000014
Worker's Compensation,8000013
Basic Worker's Compensation,8000012
Merchant's Chest,8000011
Explorer's Chest,8000010
Trailblazer Token,8000009
Traveler Token,8000008
Founder Token,8000007
Trailblazer's Cloak,8000006
Crest Stamp Mold,8000005
Glass Phoenix,8000004
Gilt Spiral Glider,8000003
Character Slot Scroll,8000002
APEX,8000001
Kapiros' Legguards,55908
Kapiros' Saddle,55907
Kapiros' Helm,55906
Kapiros,55902
Watering Can Filled with Dew of Vitality,55882
Istalip Teleportation Scroll,55879
Pink Ladybug,55878
Blue Ladybug,55877
Golden Pepi`s Purification Needle,55873
Fierce Manti`s Foreleg,55870
Fierce Manti`s Bodily Fluid,55869
Processed Manti Polish,55868
Captured Swamp Slime,55867
Plumbi`s Net,55866
Slime Capture Net,55865
Green Veil Teleport Scroll,55862
Purifying Needle of Golden Pepi,55861
Purifying Needle of Enraged Pepi,55860
Processed Manti Polishing Agent,55859
Processed Manti Sturdy Rope,55858
Manti Research Report,55857
Manti Front Leg,55856
Manti Fluid,55855
Dew of Vitality,55854
Bucket of Water,55853
Eternal Petal of Tranquility,55852
Petal of Eternity,55851
Petal of Tranquility,55850
Hoshidin,55848
Orange Ladybug,55796
Image Item: Dragon Hunt Uniform,55504
Soul: Miroir Penguin,55470
Dance: Odissi,55315
Dance: House,55314
Dance: Chair,55313
Dance: Back Handspring,55312
Dance: Cheer,55311
Dance: Hips,55310
Dance: Comical Dance,55309
Dance: Nobody,55308
Dance: Robot,55307
Dance: B-Twist,55306
Dance: Musical Turn,55305
Eternal Abyss Teleport Scroll,55174
Eternal Abyss Teleport Scroll,55173
Lv. 1,54952
Ice Pond,54933
Blue Dragon Energy Teleport Scroll: 7 Days,54905
Blue Dragon Energy Teleport Scroll,54904
Image Item: Splendid Haze,54855
Splendid Haze,54854
Penguin Furniture Bundle,54809
Penguin Lamp,54735
Penguin Rug,54734
Penguin Coffee Table,54733
Penguin Sofa,54732
Penguin Chair,54731
Penguin Table,54730
Penguin Vanity Chair,54729
Penguin Vanity,54728
Penguin End Table,54727
Penguin Music Box,54726
Penguin Bed,54725
Winter Maiden Teleport Scroll,54718
Winter Maiden Teleport Scroll: 7 Days,54702
Little Slopeng,54666
"Other
Lv. 1",54609
"Other
Lv. 1",54608
"Other
Lv. 1",54607
"Other
Lv. 1",54606
"Other
Lv. 1",54605
"Other
Lv. 1",54604
"Other
Lv. 1",54603
"Other
Lv. 1",54602
"Other
Lv. 1",54601
"Other
Lv. 1",54600
"Other
Lv. 1",54599
"Other
Lv. 1",54598
"Other
Lv. 1",54597
"Other
Lv. 1",54596
"Other
Lv. 1",54595
"Other
Lv. 1",54594
"Other
Lv. 1",54593
"Other
Lv. 1",54592
"Other
Lv. 1",54591
"Other
Lv. 1",54590
"Other
Lv. 1",54589
"Other
Lv. 1",54588
"Other
Lv. 1",54587
"Other
Lv. 1",54586
"Other
Lv. 1",54585
"Other
Lv. 1",54584
"Other
Lv. 1",54583
"Other
Lv. 1",54582
"Other
Lv. 1",54581
"Other
Lv. 1",54580
"Other
Lv. 1",54579
"Other
Lv. 1",54578
"Other
Lv. 1",54577
"Other
Lv. 1",54576
"Other
Lv. 1",54575
"Other
Lv. 1",54574
"Other
Lv. 1",54573
Image Item: Sunflower Guardian,54568
Image Item: Terradark Guardian,54567
Image Item: Twisted Lava Guardian,54566
Image Item: Twilight Guardian,54565
Image Item: Flameforest Guardian,54564
Image Item: World`s Edge Guardian,54563
Image Item: Rascal Molang Costume,54562
Gray Molang Plushie,54543
Patterned Molang Plushie,54542
White Molang Plushie,54541
Dance: Molang,54524
Gray Molang Mood Light,54522
Patterned Molang Mood Light,54521
White Molang Mood Light,54520
Popsicle Molang,54506
fa_f_face00,54505
"Other
Lv. 1",54504
Toy Hammer Molang,54503
Image Item: Rascal Molang Costume,54500
Little Slopeng Shoes,54494
Little Slopeng Saddle,54493
Little Slopeng Helmet,54492
Scroll: Gray Molang Convertible,54490
Scroll: Patterned Molang Convertible,54489
Scroll: White Molang Convertible,54488
Image Item: Rabbit is Too Sleepy,54477
Image Item: Big Black Bear is Too Sleepy,54476
Image Item: Rabbit is Too Sleepy,54474
Image Item: Big Black Bear is Too Sleepy,54473
Molang Teleport Scroll,54415
Cow-Splash Teleport Scroll: 7 Days,54390
Splendid Haze,54344
Full Kit: Freezing Cold Icehouse,54342
Design: Freezing Cold Icehouse,54340
Unidentified Story Quest Infusion,54334
Image Item: Dread Guard Armor,54318
Image Item: Andelph Mechanic Workwear,54316
Andelph Mechanic Workwear,54315
Andelph Mechanic Workwear,54314
Yard Stone Decor: Winter,54309
Yard Stone Decor: Fall,54308
Yard Stone Decor: Summer,54307
Yard Stone Decor: Spring,54306
Blue Flower Decor,54305
Red Flower Decor,54304
Small Indoor Garden,54303
Indoor Garden,54302
Wall Plant Decor: Large Leaves,54301
Wall Plant Decor: Small Leaves,54300
Water Moss Decor: Yata,54299
Water Moss Decor: Elk,54298
Image Item: Winter Yata Chroma,54295
Wonderland Block: Spade,54294
Wonderland Block: Heart,54293
Wonderland Block: Diamond,54292
Wonderland Block: Clover,54291
Wonderland Slide: Down,54290
Wonderland Slide: Up,54289
Wonderland Slide: Curved,54288
Wonderland Slide: Long Straight,54287
Wonderland Slide: Straight,54286
Mad Hatter Clock Tower,54285
Queen of Hearts Ferris Wheel,54284
Fury Baseball Squad: Rifle,54274
Fury Baseball Squad: Bow,54273
Fury Baseball Squad: Greataxe,54272
Fury Baseball Squad: Axe,54271
Fury Baseball Squad: Greatclub,54270
Fury Baseball Squad: Club,54269
Fury Baseball Squad: Staff,54268
Fury Baseball Squad: Scepter,54267
Fury Baseball Squad: Longspear,54266
Fury Baseball Squad: Shortspear,54265
Fury Baseball Squad: Dagger,54264
Fury Baseball Squad: Nodachi,54263
Fury Baseball Squad: Katana,54262
Fury Baseball Squad: Greatsword,54261
Fury Baseball Squad: Sword,54260
Fury Baseball Squad: Shield,54259
Bouncy Cow Necklace,54249
Bouncy Cow Cushion,54248
Bouncy Cow Horns,54247
Forgotten Mistsong Weapon: Dagger,54206
Forgotten Mistsong Weapon: Shortspear,54205
Forgotten Mistsong Weapon: Bow,54204
Forgotten Mistsong Weapon: Staff,54203
Forgotten Mistsong Weapon: Greatclub,54202
Forgotten Mistsong Weapon: Shield,54201
Forgotten Mistsong Weapon: Nodachi,54200
Dance: Pretty Boy,54195
Dance: Finale,54194
Dance: Wacky,54193
Scroll: Moo Bus,54155
Scroll: Greenman Bus,54154
Scroll: Yata Bus,54153
Event Rabbit Queen Suit,54125
Larva Yellow Teleport Scroll: 7 Days,54115
Image Item: Passionate Red Ribbon Outfit,54037
Passionate Red Ribbon Outfit,54036
Passionate Red Ribbon Outfit,54035
Image Item: Heart Piercer,54034
Image Item: Hellkissed Greatclub,54033
Image Item: Hellkissed Club,54032
Image Item: Hellkissed Scepter,54031
Image Item: Hellkissed Oboe,54030
Image Item: Hellkissed Guitar,54029
Image Item: Hellkissed Bow,54028
Image Item: Mirage Hellkissed Shield,54027
Image Item: Hellkissed Staff,54026
Image Item: Hellkissed Nodachi,54025
Image Item: Hellkissed Katana,54024
Image Item: Hellkissed Greatsword,54023
Image Item: Hellkissed Dagger,54022
Image Item: Hellkissed Sword,54021
Image Item: Rabbit is Too Sleepy,54020
Rabbit is Too Sleepy,54019
Rabbit is Too Sleepy,54018
Image Item: Big Black Bear is Too Sleepy,54016
Big Black Bear is Too Sleepy,54015
Big Black Bear is Too Sleepy,54014
Cow Toy Weapon Customization Crate,54013
Image Item: Cow Toy Shield,54012
Image Item: Cow Toy Rifle,54011
Image Item: Cow Toy Bow,54010
Image Item: Cow Toy Staff,54009
Image Item: Cow Toy Scepter,54008
Image Item: Cow Toy Longspear,54007
Image Item: Cow Toy Shortspear,54006
Image Item: Cow Toy Greatclub,54005
Image Item: Cow Toy Club,54004
Image Item: Cow Toy Greataxe,54003
Image Item: Cow Toy Axe,54002
Image Item: Cow Toy Nodachi,54001
Image Item: Cow Toy Katana,54000
Image Item: Cow Toy Greatsword,53999
Image Item: Cow Toy Sword,53998
Image Item: Cow Toy Dagger,53997
Greenman Toy Weapon Customization Crate,53996
Image Item: Greenman Toy Shield,53995
Image Item: Greenman Toy Rifle,53994
Image Item: Greenman Toy Bow,53993
Image Item: Greenman Toy Staff,53992
Image Item: Greenman Toy Scepter,53991
Image Item: Greenman Toy Longspear,53990
Image Item: Greenman Toy Shortspear,53989
Image Item: Greenman Toy Greatclub,53988
Image Item: Greenman Toy Club,53987
Image Item: Greenman Toy Greataxe,53986
Image Item: Greenman Toy Axe,53985
Image Item: Greenman Toy Nodachi,53984
Image Item: Greenman Toy Katana,53983
Image Item: Greenman Toy Greatsword,53982
Image Item: Greenman Toy Sword,53981
Image Item: Greenman Toy Dagger,53980
Yata Toy Weapon Customization Crate,53979
Image Item: Yata Toy Shield,53978
Image Item: Yata Toy Rifle,53977
Image Item: Yata Toy Bow,53976
Image Item: Yata Toy Staff,53975
Image Item: Yata Toy Scepter,53974
Image Item: Yata Toy Longspear,53973
Image Item: Yata Toy Shortspear,53972
Image Item: Yata Toy Greatclub,53971
Image Item: Yata Toy Club,53970
Image Item: Yata Toy Greataxe,53969
Image Item: Yata Toy Axe,53968
Image Item: Yata Toy Nodachi,53967
Image Item: Yata Toy Katana,53966
Image Item: Yata Toy Greatsword,53965
Image Item: Yata Toy Sword,53964
Image Item: Yata Toy Dagger,53963
Image Item: Winter Ball Attire,53944
Image Item: Sloughed Snake Minion,53940
Bouncy Cow,53939
Valentine Gift Costume,53901
Image Item: Onyx Night Kitsu,53885
Onyx Night Kitsu,53884
Onyx Night Kitsu,53883
Image Item: Garden Gatekeeper,53882
Veroe Rifle,53878
Custom Port Town Triangle Flag Decor,53849
Custom Port Town Square Flag Decor,53848
Port Town Model Ship Decor,53847
Port Town Tube Decor,53846
Port Town Steering Wheel Decor,53845
Port Town Anchor Decor,53844
Port Town Rug,53843
Port Town Shelf,53842
Port Town Chair,53841
Port Town Bed,53840
Image Item: Plague Doctor Costume,53831
Image Item: Moon Bear,53830
Image Item: Rabbit Queen Suit,53829
Fire-breathing Rosiola,53823
Larva Yellow Teleport Scroll,53810
Arkana Wings: Clover,53805
Arkana Wings: Heart,53804
Arkana Wings: Diamond,53803
Arkana Wings: Spade,53802
Image Item: Garden Gatekeeper,53792
Warm Memory Ember,53790
Image Item: Tomb-Bound Wraps,53784
Image Item: Onyx Night Kitsu,53781
Onyx Night Kitsu,53780
Onyx Night Kitsu,53779
Image Item: Careless Whisper Raiment,53741
Image Item: Final Whisper Raiment,53740
Image Item: Smiley Mr. Mittens Outfit,53641
Smiley Mr. Mittens Outfit,53640
Smiley Mr. Mittens Outfit,53639
Onyx Ice Essence: Rifle,53636
Onyx Ice Essence: Bow,53634
Onyx Ice Essence: Greataxe,53633
Onyx Ice Essence: Axe,53632
Onyx Ice Essence: Greatclub,53631
Onyx Ice Essence: Club,53630
Onyx Ice Essence: Staff,53629
Onyx Ice Essence: Scepter,53628
Onyx Ice Essence: Longspear,53627
Onyx Ice Essence: Shortspear,53626
Onyx Ice Essence: Dagger,53625
Onyx Ice Essence: Nodachi,53624
Onyx Ice Essence: Katana,53623
Onyx Ice Essence: Greatsword,53622
Onyx Ice Essence: Sword,53621
Onyx Ice Essence: Shield,53620
Dance: Cow Flag,53618
Dance: Greenman Flag,53617
Dance: Yata Flag,53616
Image Item: Shiny,53601
Image Item: Streetwear Outfit,53597
Event Worker Warning Light Stick,53578
Full Kit: Winter Maiden`s Cozy House,53576
Winter Maiden`s Cozy House,53575
Orange Event Worker Costume: White Hat,53574
Orange Event Worker Costume: Yellow Hat,53573
Fluorescent Event Worker Costume: White Hat,53572
Fluorescent Event Worker Costume: Yellow Hat,53569
Image Item: Sun Zenith Swimsuit,53548
Image Item: Elegant Hanbok,53544
Elegant Hanbok,53543
Elegant Hanbok,53542
Dark Emissary Suit,53530
Image Item: Dark Emissary Suit,53528
Dark Emissary Suit,53527
Dread Guard Katana,53453
Dread Guard Nodachi,53452
Magithopter Image: Sallium Garbs Wings,53451
Image Item: Plague Doctor Costume,53450
Dance: Thumbs Up,53382
Image Item: Streetwear Outfit,53360
Streetwear Outfit,53359
Streetwear Outfit,53358
Surf Board Shield,53338
Blue Coral Toy: Rifle,53328
Blue Coral Toy: Bow,53327
Blue Coral Toy: Greataxe,53326
Blue Coral Toy: Axe,53325
Blue Coral Toy: Greatclub,53324
Blue Coral Toy: Club,53323
Blue Coral Toy: Staff,53322
Blue Coral Toy: Scepter,53321
Blue Coral Toy: Longspear,53320
Blue Coral Toy: Shortspear,53319
Blue Coral Toy: Dagger,53318
Blue Coral Toy: Nodachi,53317
Blue Coral Toy: Katana,53316
Blue Coral Toy: Greatsword,53315
Blue Coral Toy: Sword,53314
Blue Coral Toy: Shield,53313
Meow-paw Teleport Scroll: 7 Days,53299
Image Item: Tomb-Bound Wraps,53297
Image Item: Demon Kiss Costume,53296
Palm Sapling Decor,53281
Image Item: Moon Bear,53246
Image Item: Rabbit Foot Uniform,53245
Image Item: Masquerade Robes,53244
Image Item: Lavender Light,53243
Image Item: Fae Greenman Chroma,53242
Image Item: Blooming Spring Cow Chroma,53241
Image Item: Fae Yata Chroma,53240
Image Item: Restless Dancer Costume,53239
Image Item: Reckless Ravager Plate,53238
Image Item: Lutesong Ceremonial Robes,53237
Image Item: Black Sands Costume,53236
Image Item: Mountain Tribe Costume,53235
Image Item: Reedwind Champion,53234
Image Item: Wartime Nobility Costume,53233
Image Item: Tahyang Lunastone,53232
Image Item: Blue Dragon Costume,53231
Image Item: Holiday Snow Cow Costume,53230
Image Item: Vigilant Nui Chosen Uniform,53229
Image Item: Righteous Nui Chosen Uniform,53228
Image Item: Courageous Nui Chosen Uniform,53227
Image Item: Noble Winter Coat,53226
Image Item: Immortal Guardian Robes,53223
Image Item: Firework Blossom Garb,53222
Image Item: Evening Blossom Garb,53221
Image Item: Spring Blossom Garb,53220
Image Item: Dark Shaman Raiment,53219
Image Item: Elite Shadow Daru Uniform,53218
Image Item: Summer Nights Swimwear,53217
Image Item: Eternal Wish Raiment,53216
Image Item: Inquisitor Robes,53215
Image Item: Colordaze Swimwear,53214
Image Item: Zebra Splash Swimwear,53213
Image Item: Leopard Purr Swimwear,53212
Image Item: Breezy Floral Swimwear,53211
Image Item: Neon Dot Swimwear,53210
Image Item: Sunstripe Swimwear,53209
Image Item: Flashy Polka Dot Swimwear,53208
Image Item: Black Pearl Swimwear,53207
Image Item: Bubblegum Swimwear,53206
Image Item: Leopard Tattoo Swimgear,53205
Image Item: Pure Sky Dynasty Robes,53204
Evening Blossom Garb,53163
Merchant Costume: Fishing,53162
Merchant Costume: Trade,53161
Merchant Costume: Basic,53160
Image Item: Dairy Farmer Chroma,53153
Empowered Compassionate Greatclub,53145
Empowered Guitar of Sacrifice,53144
Empowered Shield of Loyalty,53143
Empowered Bow of Loyalty,53142
Empowered Staff of Loyalty,53141
Empowered Greataxe of Loyalty,53140
Empowered Sword of Honor,53139
Bound Hellkissed Greatclub,53130
Bound Hellkissed Club,53129
Bound Hellkissed Scepter,53128
Bound Hellkissed Oboe,53127
Bound Hellkissed Guitar,53126
Bound Hellkissed Bow,53124
Bound Hellkissed Shield,53123
Bound Hellkissed Staff,53122
Bound Hellkissed Nodachi,53121
Bound Hellkissed Katana,53120
Bound Hellkissed Greatsword,53119
Bound Hellkissed Sword,53118
Bound Hellkissed Dagger,53115
Meow-paw Teleport Scroll,52963
Camp Letter Sign,52962
Colorful Camp Surfboard,52961
Magnastia Shield,52960
Magnastia Rifle,52959
Magnastia Bow,52958
Magnastia Staff,52957
Magnastia Scepter,52956
Magnastia Longspear,52955
Magnastia Shortspear,52954
Magnastia Greatclub,52953
Magnastia Club,52952
Magnastia Greataxe,52951
Magnastia Axe,52950
Magnastia Nodachi,52949
Magnastia Katana,52948
Magnastia Greatsword,52947
Magnastia Sword,52946
Magnastia Dagger,52944
Coupe and Tulip Shield,52943
Coupe and Tulip Rifle,52942
Coupe and Tulip Bow,52941
Coupe and Tulip Staff,52940
Coupe and Tulip Scepter,52939
Coupe and Tulip Longspear,52938
Coupe and Tulip Shortspear,52937
Coupe and Tulip Greatclub,52936
Coupe and Tulip Club,52935
Coupe and Tulip Greataxe,52934
Coupe and Tulip Axe,52933
Coupe and Tulip Nodachi,52932
Coupe and Tulip Katana,52931
Coupe and Tulip Greatsword,52930
Coupe and Tulip Sword,52929
Coupe and Tulip Dagger,52928
Tiny Camp Music Box,52922
Camp Sign Decoration,52921
Camp Surfboard Decoration,52920
Camp Parasol,52919
Camp Chair,52918
Camp Light,52917
Camp Vehicle Bed,52916
Full Kit: Little Witch Pinnacled House,52908
Design: Little Witch Pinnacled House,52907
Wing Flapping Moomoo,52859
Rose Knight Rifle,52839
Rose Knight Bow,52838
Rose Knight Greataxe,52837
Rose Knight Axe,52836
Rose Knight Greatclub,52835
Rose Knight Club,52834
Rose Knight Staff,52833
Rose Knight Scepter,52832
Rose Knight Longspear,52831
Rose Knight Shortspear,52830
Rose Knight Dagger,52829
Rose Knight Nodachi,52828
Rose Knight Katana,52827
Rose Knight Greatsword,52826
Rose Knight Sword,52825
Rose Knight Shield,52824
Image Item: White Night Kitsu,52818
Glaring Eyes Teleport Scroll: 7 Days,52807
Flaming Teleport Scroll: 7 Days,52806
Cherry Blossom Teleport Scroll: 7 Days,52805
Wonderland Small Fountain,52803
Wonderland Good Luck Fence,52802
Wonderland Heart Fence,52801
Wonderland Red Crane Lighting,52800
Wonderland Cat Lighting,52799
Wonderland Table,52798
Wonderland Chair,52797
DO NOT TRANSLATE,52776
DO NOT TRANSLATE,52775
Image Item: Mischievous Kid Costume,52773
Mischievous Kid Costume,52772
Mischievous Kid Costume,52771
Image Item: Cow Is Too Sleepy,52750
Cow Is Too Sleepy,52749
Cow Is Too Sleepy,52748
Image Item: Greenman Is Too Sleepy,52747
Greenman Is Too Sleepy,52746
Greenman Is Too Sleepy,52745
Image Item: Yata Is Too Sleepy,52744
Yata Is Too Sleepy,52743
Yata Is Too Sleepy,52742
Rousing Rabbit Pajamas,52725
Image Item: Wonderland Costume,52671
Wonderland Costume,52670
Wonderland Costume,52669
Wing Flapping Moomoo Shoes,52641
Wing Flapping Moomoo Saddle,52640
Wing Flapping Moomoo Helmet,52639
MooMoo Lighting,52632
MooMoo Couch,52631
MooMoo Rug,52630
MooMoo Coffee Table,52629
MooMoo Chair,52628
MooMoo Table,52627
MooMoo Vanity Chair,52626
MooMoo Vanity,52625
MooMoo Bedside Table,52624
MooMoo Music Box,52623
MooMoo Bed,52622
Image Item: Inquisitor's Robes,52529
Sparkling Winter Festival: Rifle,52525
Sparkling Winter Festival: Bow,52524
Sparkling Winter Festival: Greataxe,52523
Sparkling Winter Festival: Axe,52522
Sparkling Winter Festival: Greatclub,52521
Sparkling Winter Festival: Club,52520
Sparkling Winter Festival: Staff,52519
Sparkling Winter Festival: Scepter,52518
Sparkling Winter Festival: Longspear,52517
Sparkling Winter Festival: Shortspear,52516
Sparkling Winter Festival: Dagger,52515
Sparkling Winter Festival: Nodachi,52514
Sparkling Winter Festival: Katana,52513
Sparkling Winter Festival: Greatsword,52512
Sparkling Winter Festival: Sword,52511
Sparkling Winter Festival: Shield,52510
Winter Maiden's Gift Decoration,52507
Winter Maiden’s Candlestick,52506
Winter Maiden's Couch,52505
Winter Maiden's Feast Table,52504
Winter Maiden's Bed,52503
Image Item: Eclipse Knight Costume,52481
Image Item: Dark Shaman's Raiment,52470
Dance: Rabbit Boogie,52461
Dance: Work It,52460
Image Item: Passionate Costume,52445
Passionate Costume,52444
Passionate Costume,52443
Image Item: Winter Ball Attire,52409
Winter Ball Attire,52408
Winter Ball Attire,52407
Hellfire Steed,52403
Glaring Eyes Teleport Scroll,52327
Flaming Teleport Scroll,52326
Cherry Blossom Teleport Scroll,52325
Scroll: Slopeng Sleigh,52316
Image Item: Rose Costume,52301
Rose Knight Uniform,52300
Rose Knight Uniform,52299
Lullaby Pajamas,52269
Image Item: Costume Designed by North America Design Contest Winner,52261
Snowflake Wings,52244
Dandy Llama,52233
Dandy Llama's Legguards,52232
Dandy Llama's Saddle,52231
Dandy Llama's Helmet,52230
Full Kit: Little Witch's House,52203
Little Witch's House Design,52202
Image Item: Sunset Springtime,52201
Image Item: Sunny Springtime,52200
Image Item: Rosy Springtime,52199
Image Item: Woolly Fluffy Cloak,52142
Woolly Fluffy Cloak,52141
Woolly Fluffy Cloak,52140
Image Item: Red Hood and Tail-Cut Wolf,52126
Red Hood and Tail-Cut Wolf,52125
Red Hood and Tail-Cut Wolf,52124
Dance: Crawl,52123
Dance: Rifle Drill,52122
Hello Kitty Airship,52092
Image Item: Restless Dancer Costume,52087
Image Item: White Night Kitsu,52084
White Night Kitsu,52083
White Night Kitsu,52082
Crimson Royal Aust Rifle,52080
Crimson Royal Aust Bow,52079
Crimson Royal Aust Greataxe,52078
Crimson Royal Aust Axe,52077
Crimson Royal Aust Greatclub,52076
Crimson Royal Aust Club,52075
Crimson Royal Aust Staff,52074
Crimson Royal Aust Scepter,52073
Crimson Royal Aust Longspear,52072
Crimson Royal Aust Shortspear,52071
Crimson Royal Aust Dagger,52070
Crimson Royal Aust Nodachi,52069
Crimson Royal Aust Katana,52068
Crimson Royal Aust Greatsword,52067
Crimson Royal Aust Sword,52066
Crimson Royal Aust Shield,52065
Image Item: Restless Dancer Costume,52062
Spooky Hallowtide Window,52061
Image Item: Werefox Robes,51929
Magithopter Image: Crest Backpack,51913
Scroll: Cow Kart,51843
Scroll: Greenman Kart,51842
Scroll: Yata Kart,51825
Seaside Slayer Weapon Crate,51805
Image Item: Charming Figurine,51800
Image Item: Blue Wolves` Uniform,51799
Soft Cow Plushie,51795
Image Item: Sallium Garbs,51792
Sallium Garbs,51791
Sallium Garbs,51790
Hereafter Hoppington,51774
Reefstalker Wyrm,51771
Image Item: Date Night Costume,51735
Image Item: Gold-lover,51710
Royal Aust Rifle,51686
Astral Rifle,51685
Shattered Chasm Rifles,51684
Image Item: Hydra's Kiss (Rifle),51683
Image Item: Sterling Salvation (Rifle),51682
Dance: Rabbit Boogie,51679
Dance: Work It,51678
Image Item: Moon Bear Chroma,51568
Image Item: Rabbit Queen Suit,51567
Frozen Chair,51561
Seaside Slayer Rifle,51542
Seaside Slayer Bow,51541
Seaside Slayer Greataxe,51540
Seaside Slayer Axe,51539
Seaside Slayer Greatclub,51538
Seaside Slayer Club,51537
Seaside Slayer Staff,51536
Seaside Slayer Scepter,51535
Seaside Slayer Longspear,51534
Seaside Slayer Shortspear,51533
Seaside Slayer Dagger,51532
Seaside Slayer Greatsword,51531
Seaside Slayer Katana,51530
Seaside Slayer Nodachi,51529
Seaside Slayer Sword,51528
Seaside Slayer Shield,51527
Image Item: Tropical Boardwalk Swimwear,51523
Tropical Boardwalk Swimwear,51522
Tropical Boardwalk Swimwear,51521
Image Item: Nutcracker Costume,51479
Image Item: Puppy Onesie,51478
Image Item: Kitty Onesie,51477
Duskgleam Beastmaster Rifle,51466
Duskgleam Beastmaster Bow,51465
Duskgleam Beastmaster Greataxe,51464
Duskgleam Beastmaster Axe,51463
Duskgleam Beastmaster Greatclub,51462
Duskgleam Beastmaster Club,51461
Duskgleam Beastmaster Staff,51460
Duskgleam Beastmaster Scepter,51459
Duskgleam Beastmaster Longspear,51458
Duskgleam Beastmaster Shortspear,51457
Duskgleam Beastmaster Dagger,51456
Duskgleam Beastmaster Nodachi,51455
Duskgleam Beastmaster Katana,51454
Duskgleam Beastmaster Greatsword,51453
Duskgleam Beastmaster Sword,51452
Duskgleam Beastmaster Shield,51451
Ipnysh Warden Costume,51448
Image Item: Dark Hello Kitty Costume,51382
Image Item: Silent Justice,51232
Transformation Elixir,51226
Penguin Snowglobe,51193
Meatball Legguards,51191
Meatball Saddle,51190
Meatball Helmet,51189
Ser Meatball,51188
Explorer`s Ranged Weapon Crate,51185
Image Item: Winter Maiden's Sarafan,51177
Image: Black Night Costume,51176
Black Night Costume,51175
Black Night Costume,51174
Image Item: Immortal Guardian's Robes,51173
Image Item: Orchidna's Snakeskin Shroud,51172
Image Item: Nebe's Icekissed Helper Costume,51141
Nebe's Icekissed Helper Costume,51140
Nebe's Icekissed Helper Costume,51139
30-Day Image Item: Milkmaid Costume,51133
30-Day Image Item: Dairy Farmer Costume,51132
30-Day Image Item: Winter Yata Costume,51131
30-Day Image Item: Blackjack Yata Pirate Costume,51130
30-Day Image Item: Fae Greenman Suit,51129
30-Day Image Item: Fae Yata Costume,51128
30-Day Image Item: Princess Greeniette Costume,51127
30-Day Image Item: Prince Yateo Costume,51126
30-Day Image Item: Autumn Greenman Suit,51125
30-Day Image Item: True Blue Yata Costume,51124
30-Day Image Item: Cheerberry Yata Costume,51123
30-Day Image Item: Bloody Adorable Yata Pirate Costume,51122
30-Day Image Item: Evergreen Suit,51121
Image Item: Nebe's Helper Costume,51107
Nebe's Helper Costume,51106
Pumpkin Collector Token,51097
Broom Race Token Rank 1,51096
Broom Race Token Rank 2,51095
Broom Race Token Rank 3,51094
Broom Race Token Rank 4,51093
Image Item: Icekissed Warrior Garb,51092
Icekissed Warrior Garb,51091
Broom Race Coin,51090
Image Item: Firebrand Courtier's Robes,51085
Image Item: Dance of Life,51084
Spooky Cauldron Mailbox,51077
Dawnsliver Investigator Wardrobe,50798
Image Item: Dawnsliver Investigator Wardrobe,50797
Spooky Pumpkin Bed,50708
Ceremonial Commander's Attire,50568
Ceremonial Commander's Attire,50567
Rousing Rabbit Pajamas,50563
Scroll: Festive Yaer Sleigh,50556
Icekissed Warrior Garb,50549
Spooky Pumpkin Bed,50424
Image Item: Witchcraft Disciple,50420
Magithopter Image: Backpack,50371
Noble's Beach Garments,50337
Noble's Beach Garments,50336
Harani Tutor,50159
Item 50158,50158
Reefstalker Legguards,50156
Reefstalker Saddle,50155
Reefstalker Helmet,50154
Traditional Folk Robes,50090
Image Item: Ceremonial Commander's Attire,50029
Emote: Rally,50017
Arasha Nomad Costume: Casual,49999
Nebe's Helper Costume,49988
Mysterious Riddler Costume,49946
Mysterious Riddler Costume,49945
Dawnsliver Investigator Wardrobe,49940
Small Snowflake Decor,49939
Large Snowflake Decor,49938
Image Item: Violet Waltz (Flute),49935
Image Item: Bard's Scroll (Lute),49934
Image Item: Voidspell (Shield),49933
Image Item: Seer's Anticipation (Shield),49932
Image Item: Bandit King (Bow),49931
Image Item: Wandering Hawk (Bow),49930
Image Item: Spellsinger's Focus (Staff),49929
Image Item: Eternal Prophet (Staff),49928
Image Item: Prophet's Promise (Scepter),49927
Image Item: Steel Sorrow (Scepter),49926
Image Item: Fiendfinder (Longspear),49925
Image Item: Floodcaller Storm (Longspear),49924
Image Item: Heartseeker (Shortspear),49923
Image Item: Leafshredder (Shortspear),49922
Image Item: Eternal Bond (Greatclub),49921
Image Item: Embalmer's Weeping (Greatclub),49920
Image Item: Sunlord's Conquest (Club),49919
Image Item: Merciful Sunset (Club),49918
Image Item: Victor's Passion (Greataxe),49917
Image Item: Gatekeeper's Lament (Axe),49916
Image Item: Lifestealer (Nodachi),49914
Image Item: Winged Sun (Nodachi),49913
Image Item: Dirgebringer (Katana),49912
Image Item: Scoundrel's Moon (Katana),49911
Image Item: Fir Queen's Tears (Greatsword),49910
Image Item: Souldrinker (Sword),49909
Image Item: Shadowhawk's Nightmist (Sword),49908
Image Item: Nightmare Point (Dagger),49907
Image Item: Sacrificial Desire (Dagger),49906
Image Item: Wayfaring Master (Flute),49905
Image Item: Enchanting Scroll (Lute),49904
Image Item: Widowshroud (Shield),49903
Image Item: Deathfletcher (Bow),49902
Image Item: Lidless Rage (Staff),49901
Image Item: Blind Fate (Scepter),49900
Image Item: Jade Despair (Scepter),49899
Image Item: Stormhunter (Longspear),49898
Image Item: Fatesealer (Shortspear),49897
Image Item: Nui's Devotion (Greatclub),49896
Image Item: Nui's Dawn (Club),49895
Image Item: Warlord's Pride (Greataxe),49894
Image Item: Warden's Justice (Axe),49893
Image Item: Razor Visage (Nodachi),49892
Image Item: Moonsong Razor (Katana),49891
Image Item: Kingsbane (Greatsword),49890
Image Item: Endless Thirst (Sword),49889
Image Item: Assassin's Secret (Dagger),49888
Image Item: Insanity Point (Dagger),49887
Nebe`s Favor Magithopter,49755
Winter Globe,49751
Image Item: Reindeer Sanctuary Garb,49712
Image Item: Eclipse Knight Costume,49711
Image Item: Reedwind Champion,49710
Image Item: Royal Assassin Costume,49709
Image Item: Legendary Assassin Costume,49708
Image Item: Restless Dancer Costume,49707
Image Item: Lawkeeper Costume,49706
Image Item: Reckless Ravager's Plate,49705
Image Item: Careless Whisper Raiment,49704
Image Item: Final Whisper Raiment,49703
Image Item: Shadow Daru Uniform,49702
Image Item: Flutterdance Robes,49701
Image Item: Wartime Nobility Costume,49700
Image Item: Battle Fae,49699
Winter Messenger,49698
Frozen Trout Greatclub,49653
Frozen Trout Club,49652
Frozen Trout Scepter,49651
Frozen Trout Longspear,49650
Frozen Trout Shortspear,49649
Frozen Trout Nodachi,49648
Frozen Trout Katana,49647
Frozen Trout Greatsword,49646
Frozen Trout Greataxe,49645
Frozen Trout Axe,49644
Frozen Trout Staff,49643
Frozen Trout Dagger,49642
Frozen Trout Sword,49641
Dance: Moonwalk,49619
Greenman Cheering Rod,49472
Yata Cheering Rod,49471
Appearance Item: Crest Wooden Doll,49470
Hellwraith Kirin,49468
Mistwraith Kirin,49467
Gloomwraith Kirin,49466
Crest Wooden Doll,49463
Image Item: Doctor Healgood,49424
Image Item: Narayana Warrior's Garb,49423
Image Item: Inoch's Battle Robes,49422
Image Item: Pumpkin Charmer Costume,49421
Image Item: Kyprosa's Winter Furs,49420
Image Item: Sea Krait Swimsuit,49419
Image Item: Franken-Yata Costume,49418
Image Item: Embalmed Greenman Costume,49417
Image Item: Rabbit's Foot Uniform,49416
Image Item: Warmth of Ressurection,49415
Image Item: Masquerade Robes,49414
Image Item: True Blue Yata Chroma,49413
Snow Cow,49412
Image Item: Springsong Greenman Chroma,49411
Image Item: Fae Greenman Chroma,49410
Image Item: Autumn Greenman Chroma,49409
Image Item: Evergreen Chroma,49408
Image Item: Fae Yata Chroma,49407
Image Item: Bloody Adorable Yata Pirate Chroma,49406
Image Item: Blackjack Yata Pirate Chroma,49405
Image Item: Cheerberry Yata Chroma,49404
Image Item: Fae Yata Costume,49400
Image Item: Princess Greeniette Costume,49398
Image Item: Prince Yata Costume,49397
Image Item: Autumn Greenman Suit,49396
Image Item: True Blue Yata Costume,49395
Image Item: Cheerberry Yata Costume,49394
Image Item: Bloody Adorable Yata Pirate Costume,49393
Image Item: Evergreen Suit,49392
Image Item: Dazzling Ball Attire,49364
Image Item: Purestar Ball Attire,49363
Image Item: Classique Ball Attire,49362
Image Item: Nuian Navy Uniform,49361
Image Item: Spotless Shore Leave Outfit,49360
Image Item: Shining Shore Leave Outfit,49359
Image Item: Auroran Navy Uniform,49358
Image Item: Denim Mecha Coveralls,49357
Image Item: Scarlet Mecha Coveralls,49356
Image Item: Poinsettia Winter Festival Costume,49355
Image Item: Rags of the Spoonlord,49354
Image Item: Royal's Disguise,49353
Image Item: Naval Service Uniform,49352
Image Item: Prim Service Uniform,49351
Image Item: Prisoner's Pride,49350
Image Item: Northern Legion Uniform,49349
Image Item: Siege Captain's Mail,49348
Image Item: Nightraven Robes,49347
Image Item: Lucky New Year Activewear,49346
Image Item: Pure New Year Activewear,49345
Image Item: Oathbound Plate,49344
Image Item: Ebongleam Dynasty Robes,49343
Image Item: Blood Dream Dynasty Robes,49342
Image Item: Haughty Duelist Costume,49341
Image Item: Arrogant Duelist Costume,49340
Image Item: Kraken House Uniform,49339
Image Item: Wyvern House Uniform,49338
Image Item: Leviathan House Uniform,49337
Image Item: Chimera Ceremonial Uniform,49336
Image Item: Geared Gaslamp Garb,49335
Image Item: Crimson Perinoor Silks,49334
Image Item: Alabaster Perinoor Silks,49333
Image Item: Winter Yata Costume,49332
Image Item: Blackjack Yata Pirate Costume,49331
Image Item: Fae Greenman Suit,49330
Image Item: Bloodmaw Eveningwear,49329
Image Item: Beach Racer's Swimwear,49328
Image Item: Summer Racer's Swimwear,49327
Image Item: Icekissed Winter Festival Costume,49326
Image Item: Golden Dawn,49325
Image Item: Angelic Whisper,49324
Image Item: Devilish Temptation,49323
Image Item: Lotusmist Costume,49322
Image Item: Dragon Cultist Duster,49321
Image Item: Resplendent Memories,49320
Image Item: Midnight Perinoor Silks,49319
Image Item: Icefall Dynasty Robes,49318
Image Item: Oathbreaker Plate,49317
Image Item: Chimera Agent Uniform,49316
Image Item: Black Sands Costume,49315
Image Item: Mountain Tribe Costume,49314
Image Item: Lutesong Ceremonial Robes,49313
Image Item: Tahyang's Battle Plate,49312
Image Item: Dread Guard Armor,49311
Image Item: Blooming Spring Cow Chroma,49310
Image Item: Kraken House Uniform Chroma,49309
Image Item: Wyvern House Uniform Chroma,49308
Image Item: Leviathan House Uniform Chroma,49307
Image Item: Dragon House Uniform Chroma,49306
Image Item: Blossom Perinoor Cottons,49305
Image Item: Snowbright Perinoor Cottons,49304
Image Item: Midnight Perinoor Cottons,49303
Image Item: Classic Service Uniform,49302
Image Item: Spotless Service Uniform,49301
Image Item: Flamewolves Hoodie,49300
Image Item: Crimson Kings Hoodie,49299
Image Item: Haranyan Navy Uniform,49298
Image Item: Rowdy Shore Leave Outfit,49297
Image Item: Arasha Nomad Costume,49296
Image Item: Milkmaid Costume,49295
Image Item: Dairy Farmer Costume,49294
Noble's Beach Garments,49290
Territory Bathing Suit,49258
Full Kit: Winter Maiden Cottage,49238
Winter Maiden Cottage Design,49237
Rabbit Queen Suit,49166
Image Item: Dread Guard Armor,49165
Black Fledgling Phoenix,48936
Bound Jiang Shi Costume,48927
Plague Doctor Costume,48895
Mirage Broom,48870
Mysterious Riddler Costume,48738
Crest Wooden Doll,48737
Triple Engine Hot Air Balloon,48630
Arasha Nomad Costume: Casual,48517
Dance: Elegant Dance,48401
Dance: Charming Dance,48400
Emote: Dogeza,48399
Ruler of the Calmlands,48146
Ruler of Marcala,48145
Ruler of Heedmar,48144
Ruler of Nuimari,48143
Territory Bathing Suit,48139
Moonrise Plate Component Crate,47987
Moonrise Leather Component Crate,47986
Moonrise Cloth Component Crate,47985
Moonrise Plate Armor Crate,47984
Moonrise Leather Armor Crate,47983
Moonrise Cloth Armor Crate,47982
Faint Waveglow Lunagem,47955
Explorer`s 2H Weapon Crate,47869
Explorer`s 1H Weapon Crate,47868
Equipment Awakening Scroll Rank 1,47866
Faint Fireglow Lunagem,47861
Explorer`s Lute,47849
Explorer`s Flute,47848
Rabbit Queen Suit,47711
Masquerade Robes,47710
Butterfly,47707
Frostbreath Decor,47692
Blossom Perinoor Cottons,47672
Snowbright Perinoor Cottons,47671
Midnight Perinoor Cottons,47670
Miroir Penguin,47663
Rabbit's Foot Uniform,47662
Forest Fairy,47655
Warmth of Ressurection,47654
Darugon,47653
Shattered Chasm Greatclub,47651
Shattered Chasm Club,47650
Shattered Chasm Scepter,47649
Shattered Chasm Longspear,47648
Shattered Chasm Shortspear,47647
Shattered Chasm Nodachi,47646
Shattered Chasm Katana,47645
Shattered Chasm Greatsword,47644
Shattered Chasm Bow,47643
Shattered Chasm Greataxe,47642
Shattered Chasm Axe,47641
Shattered Chasm Staff,47640
Shattered Chasm Dagger,47639
Shattered Chasm Sword,47638
Shattered Chasm Shield,47637
Astral Bow,47560
Astral Greataxe,47559
Astral Axe,47558
Astral Greatclub,47557
Astral Club,47556
Astral Staff,47555
Astral Scepter,47554
Astral Longspear,47553
Astral Shortspear,47552
Astral Dagger,47551
Astral Nodachi,47550
Astral Katana,47549
Astral Greatsword,47548
Astral Sword,47547
Astral Shield,47546
Royal Aust Bow,47538
Royal Aust Greataxe,47537
Royal Aust Axe,47536
Royal Aust Greatclub,47535
Royal Aust Club,47534
Royal Aust Staff,47533
Royal Aust Scepter,47532
Royal Aust Longspear,47531
Royal Aust Shortspear,47530
Royal Aust Dagger,47529
Royal Aust Nodachi,47528
Royal Aust Katana,47527
Royal Aust Greatsword,47526
Royal Aust Sword,47525
Royal Aust Shield,47524
Yata Ship Ride,47518
Dread Guard Armor,47475
Raised Mushroom House Design,47392
Full Kit: Raised Mushroom House,47391
Tahyang's Battle Plate,47382
Blooming Spring Cow Chroma,47373
Kraken House Uniform Chroma,47207
Wyvern House Uniform Chroma,47206
Leviathan House Uniform Chroma,47205
Dragon House Uniform Chroma,47204
Charming Figurine,47132
Date Night Costume,47122
Moon Bear Chroma,46987
Dairy Farmer Chroma,46986
Milkmaid Chroma,46985
Springsong Greenman Chroma,46984
Holiday Snow Cow Chroma,46983
Princess Greeniette Chroma,46982
Embalmed Greenman Chroma,46981
Fae Greenman Chroma,46980
Autumn Greenman Chroma,46979
Evergreen Chroma,46978
Winter Yata Chroma,46977
Prince Yateo Chroma,46976
Franken-Yata Chroma,46944
Fae Yata Chroma,46943
Bloody Adorable Yata Pirate Chroma,46942
Blackjack Yata Pirate Chroma,46941
Cheerberry Yata Chroma,46940
True Blue Yata Chroma,46939
Restless Dancer Costume,46880
Haranyan Navy Uniform: Casual,46779
Crimson Kings Hoodie: Casual,46777
Flamewolves Hoodie: Casual,46775
Industrious Friend: Casual,46773
Owl Post Uniform: Casual,46772
Rowdy Shore Leave Outfit: Casual,46771
Cheerful Friend: Casual,46770
Classic Service Uniform: Casual,46769
Spotless Service Uniform: Casual,46766
Doctor Healgood,46756
Narayana Warrior's Garb,46755
Inoch's Battle Robes,46754
Pumpkin Charmer Costume,46753
Kyprosa's Winter Furs,46752
Sea Krait Swimsuit,46751
Franken-Yata Costume,46750
Embalmed Greenman Costume,46749
Autumn Greenman Suit,46748
True Blue Yata Costume,46747
Cheerberry Yata Costume,46746
Bloody Adorable Yata Pirate Costume,46745
Evergreen Suit,46744
Dazzling Ball Attire,46743
Purestar Ball Attire,46742
Classique Ball Attire,46741
Haranyan Navy Uniform,46740
Nuian Navy Uniform,46739
Spotless Shore Leave Outfit,46738
Rowdy Shore Leave Outfit,46737
Shining Shore Leave Outfit,46736
Auroran Navy Uniform,46735
Denim Mecha Coveralls,46734
Scarlet Mecha Coveralls,46733
Poinsettia Winter Festival Costume,46732
Rags of the Spoonlord,46731
Royal's Disguise,46730
Naval Service Uniform,46729
Prim Service Uniform,46728
Classic Service Uniform,46727
Spotless Service Uniform,46726
Prisoner's Pride,46725
Northern Legion Uniform,46724
Siege Captain's Mail,46723
Nightraven Robes,46722
Lucky New Year Activewear,46721
Pure New Year Activewear,46720
Oathbound Plate,46719
Ebongleam Dynasty Robes,46718
Blood Dream Dynasty Robes,46717
Haughty Duelist Costume,46716
Arrogant Duelist Costume,46715
Kraken House Uniform,46714
Wyvern House Uniform,46713
Leviathan House Uniform,46712
Chimera Ceremonial Uniform,46711
Geared Gaslamp Garb,46710
Crimson Perinoor Silks,46709
Alabaster Perinoor Silks,46708
Prince Yateo Costume,46707
Princess Greeniette Costume,46706
Arasha Nomad Costume,46705
Fae Yata Costume,46704
Kraken House Uniform,46636
Wyvern House Uniform,46635
Leviathan House Uniform,46634
Dragon House Uniform,46633
Dance: Cossack,46514
Dance: Polka,46513
Ultimate Fishing Rod,46503
Master's Sturdy Fishing Rod,46501
Reckless Ravager's Plate,46473
Reckless Ravager's Plate,46472
Master's Flexible Fishing Rod,46464
Plague Doctor Costume,46442
DO NOT TRANSLATE,46433
DO NOT TRANSLATE,46432
DO NOT TRANSLATE,46431
DO NOT TRANSLATE,46430
562684 DO NOT TRANSLATE,46264
562682 DO NOT TRANSLATE,46263
562680 DO NOT TRANSLATE,46262
562678 DO NOT TRANSLATE,46261
562676 DO NOT TRANSLATE,46260
562674 DO NOT TRANSLATE,46259
562672 DO NOT TRANSLATE,46258
562670 DO NOT TRANSLATE,46257
Lutesong Ceremonial Robes,46155
Full-Kit: Beanstalk House,46094
Beanstalk House Design,46093
Autumn Greenman Suit,46073
True Blue Yata Costume,46072
Cheerberry Yata Costume,46071
Evergreen Suit,46070
Nutcracker Costume,46035
Dairy Farmer Costume,45905
Black Sands Costume,45866
Effect Testing,45717
Reedwind Champion,45709
Mountain Tribe Costume,45626
Dance of Life,45625
Midnight Perinoor Cottons,45615
Expert's Sturdy Fishing Rod,45614
Veteran's Sturdy Fishing Rod,45613
Novice's Sturdy Fishing Rod,45612
Veteran's Flexible Fishing Rod,45611
Novice's Flexible Fishing Rod,45610
Basic Fishing Rod,45609
Sport Fishing Lure,45600
Dance: Funky Friday,45503
Expert's Flexible Fishing Rod,45501
Puppy Onesie,45495
Kitty Onesie,45491
Wartime Nobility Costume,45490
Full Kit: Forest Mushroom House,45489
Design: Forest Mushroom House,45488
Mushroom Plushie,45487
Magithopter Image: Rose Wings,45486
Mushroom Wall Lamp,45484
Mushroom Table Lamp,45483
Toadstool,45482
Carved Stump Table,45481
Winter Yata Costume,45477
Blackjack Yata Pirate Costume,45476
Fae Greenman Suit: Combat,45475
Bloodmaw Eveningwear,45474
Beach Racer's Swimwear,45473
Summer Racer's Swimwear,45472
Icekissed Winter Festival Costume,45471
Golden Dawn,45470
Angelic Whisper,45469
Devilish Temptation,45468
Lotusmist Costume,45467
Bleak Burial Shroud,45466
Dragon Cultist Duster,45465
Resplendent Memories,45464
Midnight Perinoor Silks,45463
Icefall Dynasty Robes,45462
Oathbreaker Plate,45461
Chimera Agent Uniform,45460
Demon's Kiss Costume,45459
Mushroom Carpet,45456
Mushroom Mattress,45455
Autumn Greenman Suit,45454
Cheerberry Yata Costume,45453
True Blue Yata Costume,45452
Evergreen Suit,45451
Princess Greeniette Costume,45405
Prince Yateo Costume,45404
Yata Mini Fountain,45373
Lawkeeper Costume,45372
Golden Phoenix Regalia,45315
Werefox Robes,45311
Rustic Valentine`s Furniture Bundle,45284
Cupid`s Fireworks,45283
Trysting Tent,45280
Lovers` Log Bench,45278
Romantic Campfire,45277
Floral Flute,45273
Macaron Mandolin,45272
Sugarshot Bow,45271
Bonbon Beheader,45270
Chocolate Chopper,45269
Marshmallow Maul,45268
Marshmallow Masher,45267
Sweet Sprinkle Staff,45266
Sweet Sprinkle Scepter,45265
Perennial Pike,45264
Perennial Poker,45263
Backstab Boutonniere,45262
Nosegay Nodachi,45261
Bouquet Blade,45260
Garland Greatsword,45259
Fragrant Fencer,45258
Blossom Bulwark,45257
Giant Slayer Costume,45256
Santa's Gift Bed,45134
Moonlight Kitsu Leggings,45126
Moonlight Kitsu Armor,45125
Moonlight Kitsu Helmet,45124
Santa Buddies Partitions,44911
Mysterious Crate,44910
Festive Holiday Wreath,44901
Winter Wonderland Window,44836
Tree Topper Bookshelves,44825
Santa Claus Coffee Table,44817
Santa Buddies Couch,44815
Winter Wonderland Phonograph,44812
Festive Snowflake Rug,44680
Yata Hearth Decor,44656
Snowman Hearth Stocking,44655
Santa Hearth Stocking,44654
Dance: Cypress Step,44653
Dance: Wiggle,44652
Crystal Wings,44649
Brave Bison Legguards,44641
Brave Bison Saddle,44640
Brave Bison Helm,44639
Santa Claus Chair,44632
Santa's Sleigh Bed,44622
Dance: Tipsy,44583
Dance: Robot,44582
Gingerbread Lamp,44573
Santa Belly End Table,44572
Monk's Spade,44565
Narayana Staff,44564
Nine-Toothed Rake,44563
Tangerine Ice Cream Weapon Chest,44543
Melon Ice Cream Weapon Chest,44542
Rainbow Ice Cream Bar Bow,44540
Tangerine Ice Cream Staff,44530
Tangerine Ice Cream Scepter,44529
Tangerine Ice Cream Longspear,44528
Tangerine Ice Cream Shortspear,44527
Tangerine Ice Cream Greatclub,44526
Tangerine Ice Cream Club,44525
Tangerine Ice Cream Greataxe,44524
Tangerine Ice Cream Axe,44523
Tangerine Ice Cream Nodachi,44522
Tangerine Ice Cream Katana,44521
Tangerine Ice Cream Greatsword,44520
Tangerine Ice Cream Sword,44519
Tangerine Ice Cream Dagger,44518
Melon Ice Cream Staff,44517
Melon Ice Cream Scepter,44516
Melon Ice Cream Longspear,44515
Melon Ice Cream Shortspear,44514
Melon Ice Cream Greatclub,44513
Melon Ice Cream Club,44512
Melon Ice Cream Greataxe,44511
Melon Ice Cream Axe,44510
Melon Ice Cream Nodachi,44509
Melon Ice Cream Katana,44508
Melon Ice Cream Greatsword,44507
Melon Ice Cream Sword,44506
Melon Ice Cream Dagger,44505
Bat Nap,44494
Blue Nutcracker Statue,44488
Red Nutcracker Statue,44487
Green Nutcracker Statue,44486
Spooky Anywhere Warehouse,44478
Starry Yata Night Light,44428
Brave Bison,44424
Royal Yata Loveseat,44414
Royal Yata Rug,44413
Doublepaw Table,44412
Royal Yata Chair,44364
Royal Yata Table,44363
Dance: Splash,44239
Kirin Legguards,44196
Kirin Saddle,44195
Kirin Helm,44194
Royal Yata Vanity Chair,43945
Royal Yata Vanity,43944
Cumulus Magithopter,43813
Salvage Wardrobe: Casual,43810
Stormwraith Kirin,43800
Yata End Table,43791
Thriving Family Memento,43778
Established Family Memento,43776
Hero's Club,43762
Hero's Scepter,43761
Hero's Sword,43760
Scroll: Black Hello Kitty Roadster,43725
Yata Music Box,43724
Cheerful Friend: Casual,43719
Dance: Mambo,43708
Dance: Jive,43707
Phoenix Phish,43699
Faelight Wings,43692
Diligent Moo Costume: Casual,43671
Yata Stand Crest Frame,43412
Dance: Greenman Dance,43405
Dance: Yata Dance,43404
Wrapped Synthesis Stone Pack,43391
Undigested Flotsam,43385
Strangely Beautiful,43380
Rocket Wings,43379
Meets and Greets,43378
Astra-Blessed Crate,43377
Great Mission Scroll #3,43376
Great Mission Scroll #2,43375
Great Mission Scroll #1,43374
Cloaked Great Mission Pack,43373
School Daze Crate,43372
Mini-Cradle,43370
Customized Wall Decor,43369
Fencey-Fence,43368
Fencey-Fence Post,43367
Daru Statue,43366
Astra-Blessed Newt,43365
Trade Outlet Daru Egg,43364
Captain Daru Egg,43363
Salesman Daru Egg,43362
Residency Daru Egg,43361
Blossoming Greenman Suit: Combat,43360
Cuckoo Rabbit Bloomers,43359
Cuckoo Rabbit Saddle,43358
Cuckoo Rabbit Bonnet,43357
Coral,43356
Moist Daru Egg,43355
Skyfin Sedative,43354
Daru Newt Hatchling,43353
Special ArcheGift,43351
Cooking Utensil Weapon Chest,43350
Lotus Leafy-Leaf,43349
Undigested Flotsam,43348
Mossy-Moss Armchair,43347
Harvester's Bungalow Design,43346
Full Kit: Harvester's Bungalow,43345
Reparation Crate,43344
Honorable Vocation Potion Rank 10,43343
Honorable Vocation Potion Rank 9,43342
Honorable Vocation Potion Rank 8,43341
Honorable Vocation Potion Rank 7,43340
Honorable Vocation Potion Rank 6,43339
Honorable Vocation Potion Rank 5,43338
Protective Helm,43337
Adventurer's Winged Elixir,43336
Judicious Scholar Token,43335
Yata Bonnet Bed,43334
Great Mission,43333
Green Yata Dreamer,43331
Red Dragon Lantern,43330
Labor Day Statue,43328
Through the Miroir Glass Scroll #3,43327
Through the Miroir Glass Scroll #2,43326
Through the Miroir Glass Scroll #1,43325
Haranyan Cargo,43324
Nuian Cargo,43323
Nui's Chosen Gauntlets,43321
Nui's Chosen Sabatons,43320
Nui's Chosen Greaves,43319
Nui's Chosen Cuirass,43318
Nui's Chosen Helm,43317
Nui's Chosen Fists,43316
Nui's Chosen Boots,43315
Nui's Chosen Breeches,43314
Nui's Chosen Jerkin,43313
Nui's Chosen Cap,43312
Nui's Chosen Gloves,43311
Nui's Chosen Shoes,43310
Nui's Chosen Pants,43309
Nui's Chosen Shirt,43308
Nui's Chosen Hood,43307
Labor Day Uniform,43305
Orchidna's Snakeskin Bodysuit,43303
Cloaked Through the Miroir Glass Pack,43302
사용 안함,43301
사용 안함,43300
사용 안함,43299
Shadow Daru Trader,43298
Ravenspine Archeum Supply Crate,43297
Fishbowl,43296
Milk Chocolate,43295
Pink Yata Dreamer,43294
Blue Yata Dreamer,43293
Young Smelts,43292
Cherry Blossom Decor,43291
Pink Marlin Weapon Crate,43290
Great Pink Chowder Clouter,43289
Pink Chowder Clouter,43288
Great Pink Poke,43287
Pink Poke,43286
Great Pink Smackerel,43285
Pink Smackerel,43284
Great Pink Slashimi,43283
Pink Slashimi,43282
Great Pink Swordfish,43281
Pink Barracutana,43280
Great Pink Filleter,43279
Pink Filleter,43278
Pink Fishsticker,43277
Seal Meat,43276
Goldfish Lantern,43274
Dance: Poledance,43273
Copper Hero's Chest,43272
Silver Hero's Chest,43271
"Transportation Ticket: ""Follow""",43270
Careless Whisper Raiment: Combat,43269
Ghirabelle's Letter,43268
Ghirabelle's Letter,43267
Ghirabelle's Letter,43266
Ghirabelle's Letter,43265
Final Whisper Raiment: Combat,43264
Ghirabelle's Letter,43263
Ghirabelle's Letter,43262
Ravenspine Wings,43261
Otherworld Storage Expansion Ticket,43260
Expanded Otherworld Storage Chest,43259
BFF Plushie Crate,43258
Miroir Ice Fishing Rod,43257
Waveworn Sack,43256
Strawberry Chocolate,43255
Daru Darku Chocolate,43254
Sincere Love Letter,43253
Sincere Love Letter,43252
Sincere Love Letter,43251
Sincere Love Letter,43250
Sincere Love Letter,43249
Sincere Love Letter,43248
Sweet Gift Box,43247
Ghirabelle's Milk Chocolate,43246
Forgotten Letter,43239
Bronze Hero Statue,43238
Silver Hero Statue,43237
Gold Hero Statue,43236
Decorative Crest Fish Kite,43235
Crest Goldfish Heater,43233
Crest Goldfish Lantern,43232
Crest Fish Lantern,43231
Red Tiger Archeum Supply Crate,43230
Large Triple Doll Shelf,43229
Large Triple Shelf,43228
Triple Doll Shelf,43227
Adventurer's Creamy Soup,43226
Small Triple Shelf,43225
Adventurer's Gambler's Dream Table,43224
Adventurer's Sumptuous New Year's Feast,43223
Wrapped Miroir Ice Fishing Rod,43222
Severed Arm,43221
Severed Leg,43220
Limbless Torso,43219
Severed Head,43218
Blue Salt Manual,43217
Adventurer's Nayah Luna Pack,43216
Ebonfur Cub,43215
Crater Cub,43214
New Year's Mission,43212
Through the Miroir Glass,43211
Combat Scrolls: Attack,43210
Wrapped Peeper Pot,43209
아키에이지 사전 예약 꾸러미,43207
Rousing Rabbit Pajama Set,43206
Sealed Legend of the Zodiac,43205
NPC Weapon Packs -이프니르 무기 - 한손검,43204
Wingborne Token,43203
Dewdrinker Token,43202
Nui's Guardian Token,43201
Heir's Scepter Token,43200
Thousand Faces Token,43199
Safehouse Token,43198
Beautiful Melody Token,43197
WTB Mittens Token,43196
Pest Control Token,43195
Ultimate Tumbler Token,43194
Mystic Mushroom Token,43193
Restless Token,43192
Grill Master Token,43191
Cherry Blossom Token,43190
Lotus Angel Token,43189
Grappler Token,43188
Clear Eyed Token,43187
Honor Boost Potion,43186
Blue Salt Manual: Miscellaneous,43185
Blue Salt Manual: Crafting,43184
Blue Salt Manual: Harvesting,43183
Wrapped Vanhi,43182
Princess's Divan,43181
Princess's Coffee Table,43180
Lucky Ipnya Scroll,43179
Invisible Hand Token,43178
Ancestral Crate,43177
Ancestor's Coinpurse,43176
Opulent Glory Tassets,43169
Elegant Glory Sash,43168
Ornate Glory Belt,43167
Daily Hype Crate,43166
Peacemaker Token,43165
Glorious Armor Crate,43163
Glorious Weapon Crate,43162
테스트_핫핫,43161
Moonsand Fox (30 Days),43160
Wyrdwinds' Letter,43159
Erenor Life Lunafrost,43158
Erenor Wave Lunafrost,43157
Erenor Earth Lunafrost,43156
Erenor Gale Lunafrost,43155
Erenor Flame Lunafrost,43154
Prodigy's Furniture Collection,43153
Prodigy's Diagram,43152
Akrites's Divine Protection,43151
포장된 PC방 언제나 창고 다루,43150
포장된 PC방 언제나 우편 부엉이,43149
포장된 PC방 에버나이트 목걸이(7 단계),43148
포장된 PC방 에버나이트 목걸이(10 단계),43147
포장된 PC방 보랏빛 마력의 결정체,43146
포장된 PC방 보랏빛 마력의 결정체,43145
포장된 PC방 초록빛 마력의 결정체,43144
포장된 PC방 초록빛 마력의 결정체,43143
포장된 PC방 붉은빛 마력의 결정체,43142
포장된 PC방 붉은빛 마력의 결정체,43141
PC방 보랏빛 마력의 결정체,43140
PC방 초록빛 마력의 결정체,43139
PC방 붉은빛 마력의 결정체,43138
Raised Swept-Roof Cottage Design,43137
Peeper Pot,43136
PC방 행운 열쇠,43135
Ipnysh Starlight Blessing,43134
Ipnysh Moonlight Blessing,43133
Ipnysh Sunlight Blessing,43132
Complete Cursed Armor,43131
Acid Vessel,43130
Acid Gobbet,43129
Cursed Armor Scrap,43128
Princess's Table Lamp,43127
Shatigon's Gift,43126
Scroll: 7-Day Cogwheel Longboard,43125
Erenor Flaming Hatchetblade Cloak,43124
Erenor Hatchetblade Cloak,43123
Erenor Flaming Arrowflash Cloak,43122
Erenor Arrowflash Cloak,43121
Erenor Flaming Bastion Cloak,43120
Erenor Bastion Cloak,43119
Erenor Flaming Twintail Cloak,43118
Erenor Twintail Cloak,43117
Erenor Flaming Windsong Cloak,43116
Erenor Windsong Cloak,43115
1 Year of Camaraderie,43114
2 Years of Camaraderie Token,43113
3 Years of Camaraderie Token,43112
4 Years of Camaraderie Token,43111
4 Years of Camaraderie Potion,43110
Romance Luck Charm,43109
Cargo Certificate,43108
1살 축하 선물,43107
2살 축하 선물,43106
3살 축하 선물,43105
4살 축하 선물,43104
아키에이지 보조배터리 응모권,43103
블루투스 헤드셋 응모권,43101
Lucky Crate,43100
30일 꾸러미,43099
90일 꾸러미,43098
치킨 모바일 상품권 응모권,43097
게이밍 마우스 응모권,43096
게이밍 키보드 응모권,43095
Ancient XP Boost Scroll,43092
Wrapped Hellwing Pegasus,43091
빔 프로젝터 응모권,43090
그래픽 카드 응모권,43089
Lucky Token,43088
Crimson Watch Ring,43087
Crimson Watch Earring,43086
Manticore Crate,43085
Captain's Protection,43084
Erenor Ring,43083
Erenor Earring,43082
Erenor Necklace,43081
Destructive Glory Tassets,43080
Charming Glory Sash,43079
Ambitious Glory Belt,43078
Bleak Arcadian Guardian,43077
Bleak Arcadian Sovereign,43076
Bleak Arcadian Pillager,43075
Destructive Grudge,43074
Burning Pledge,43073
Frozen Anguish,43072
Singing Sea-Blite Seed,43071
Goldenbell Seed,43070
Singing Sea-Blite Leaf,43069
Goldenbell Vine,43068
Hero's Bow,43067
Hero's Staff,43066
Hero's Greatclub,43065
Hero's Greatsword,43064
Grumpytree,43063
Whalesong Medicinal Herb,43062
Golden Ruins Flower Protein Shakes,43061
Malevolent Shadow,43060
Raised Rose Cottage Design,43059
Full Kit: Raised Rose Cottage,43058
Raised Spring Cottage Design,43057
Full Kit: Raised Spring Cottage,43056
Raised Slate Cottage Design,43055
Full Kit: Raised Slate Cottage,43054
Knock-Out Needle,43053
Mysterious Gift,43052
Gift Box,43050
Sweet Heart,43048
Erenor Flute,43047
Erenor Lute,43046
Erenor Shield,43045
Erenor Bow,43044
Erenor Staff,43043
Erenor Scepter,43042
Erenor Longspear,43041
Erenor Shortspear,43040
Erenor Greatclub,43039
Erenor Club,43038
Erenor Greataxe,43037
Erenor Axe,43036
Erenor Nodachi,43035
Erenor Katana,43034
Erenor Greatsword,43033
Erenor Sword,43032
Erenor Dagger,43031
Special Elixir Bundle,43030
Water Elixir,43028
Marvelous Chocolate,43027
Flame Elixir,43026
Wind Elixir,43025
Earth Elixir,43024
Erenor Sash,43023
Erenor Sleeves,43022
Erenor Shoes,43021
Erenor Gloves,43020
Erenor Pants,43019
Erenor Shirt,43018
Erenor Hood,43017
Erenor Belt,43016
Erenor Guards,43015
Erenor Boots,43014
Erenor Fists,43013
Erenor Breeches,43012
Erenor Jerkin,43011
Erenor Cap,43010
Erenor Tassets,43009
Erenor Vambraces,43008
Erenor Sabatons,43007
Erenor Gauntlets,43006
Erenor Greaves,43005
Erenor Cuirass,43004
Erenor Helm,43003
Force Elixir,43002
Honorary Greenman Pack,42999
Honorary Greenman Token,42998
Springsong Greenman Suit: Combat,42997
Springsong Greenman Suit: Combat,42996
Winter Maiden's Special Gift,42995
Large Strawberry Yata Cookie,42994
Large Jelly Cookie Decor,42993
Large Butter Cookie Decor,42992
Large Star Cookie Decor,42991
Large Jam Cookie Decor,42990
Large Chocolate Fondue Cookie Decor,42989
Large Grape Macaron,42988
Large Mint Macaron,42987
Large Lemon Macaron,42986
Large Orange Macaron,42985
Large Peach Macaron,42984
Gummy Bear Cupcake Decor,42983
Yata Wrangler Pack,42982
Yata Wrangler Token,42981
Greenman Voter's Certificate,42980
Yata Voter's Certificate,42979
Winter Maiden Gift Box,42978
Sweet Dreams Bed,42977
Razer Snek,42975
Friendship Token,42974
Typhoon Drake Crate,42973
Wrapped Blue Wolves' Uniform: Combat,42972
사용 안함,42971
Strawberry Yata Cookie,42970
Jelly Cookie Decor,42969
Labor Synthesis Crystal,42968
Butter Cookie Decor,42967
Star Cookie Decor,42966
Jam Cookie Decor,42965
Chocolate Fondue Cookie Decor,42964
Grape Macaron,42963
Mint Macaron,42962
Lemon Macaron,42961
Orange Macaron,42960
Peach Macaron,42959
Auroran Cargo,42958
Haranyan Aged Cargo,42957
Haranyan Merchant Cargo,42956
Haranyan General Cargo,42955
Nuian Aged Cargo,42954
Nuian Merchant Cargo,42953
Nuian General Cargo,42952
Handmade Rose Bouquet,42951
Wrapping Ribbon,42950
Manticore Legguards,42949
Manticore Saddle,42948
Manticore Helm,42947
Full Kit: Raised Swept-Roof Cottage,42946
Full Kit: Desserted Cottage,42945
Desserted Cottage Design,42944
Orchidna's Disciple,42943
Wrapped Rampage B200,42941
Wrapped Rampage S200,42940
Rousing Rabbit Sleepmask,42938
Rousing Rabbit Slippers,42937
Rousing Rabbit Mittens,42936
Rousing Rabbit Pajama Bottoms,42935
Rousing Rabbit Pajama Top,42934
ArcheDelivery Produce Pack,42933
Vehicle Voucher,42932
Abyssal Adept,42931
Locked Chest,42930
Scroll: Rampage C200,42929
Scroll: Rampage B200,42928
Combat Manual,42927
Autumn Lore Book,42926
Reading Light,42925
School Daze Crate,42917
모범생의 책가방,42915
Yata and Greenman Crate,42914
수능생을 위한 선물 꾸러미,42913
Friendmaker Bauble,42912
Vibrant Greenman Buff,42911
Evergreen Yata Buff,42910
Moonsand Fox,42909
ArcheDelivery Order Ticket,42907
ArcheDelivery Order Ticket,42906
ArcheDelivery Order Ticket,42905
ArcheDelivery Order Ticket,42904
ArcheDelivery Order Ticket,42903
ArcheDelivery Order Ticket,42902
ArcheDelivery Order Ticket,42901
ArcheDelivery Order Ticket,42900
ArcheDelivery Order Ticket,42899
ArcheDelivery Order Ticket,42898
ArcheDelivery Order Ticket,42897
ArcheDelivery Order Ticket,42896
Leviathan's Essence,42894
Anthalon's Orders,42893
Sebath's Journal,42892
Sebath's Journal Manuscript,42891
Lost Cargo,42890
ArcheDelivery Order Ticket,42889
Courier Token,42888
Sebath's Locked Chest,42887
Translated Orders,42886
Crimson Watch Warrant,42885
Golden Manticore,42884
ArcheDelivery Order Ticket,42883
Diligent Deliverer's Chest,42881
Eviscerator Crate,42878
ArcheDelivery Lottery Sheet,42877
Transmuter,42876
Mystery Homebody Production Pack,42871
Heather Dye,42869
Immortal Guardian's Robes: Combat,42868
Sage's Cloak,42867
Cloak of Unbinding,42866
Eviscerator Joint Plating,42865
Eviscerator Saddle,42864
Eviscerator Faceplate,42863
wa_f_hair043,42862
fe_f_hair043,42861
ha_f_hair043,42860
el_f_hair043,42859
nu_f_hair043,42858
Mineral Archeum Tree Sapling,42857
dw_f_hair043,42856
Wrapped Pumpkin Charmer Costume: Combat,42855
Haunted Pumpkin-Headed Crate,42854
Dark Shaman's Raiment: Combat,42853
Honorable Vocation Potion Rank 4,42852
Honorable Vocation Potion Rank 3,42851
Honorable Vocation Potion Rank 2,42850
Honorable Vocation Potion Rank 1,42849
Neapolitan Ice Cream Table,42846
Orange Pudding Chair,42845
Strawberry Pudding Chair,42844
Gratitude Gift Box,42842
Vanhi,42838
Nightfire Gilder,42837
Hellwing Pegasus,42836
Orphir's Regrade Charm,42833
Thunderwing Hood,42830
Iron Eviscerator,42827
Welkos's Candy,42825
Wrapped Pavilion Beam Bundle,42824
Orchidna's Music Box,42823
Small Random Migration Pendant,42822
Windwraith's Pipes,42821
wa_f_hair042,42820
fe_f_hair042,42819
nu_f_hair042,42818
ha_f_hair042,42816
el_f_hair042,42815
Inbread Corgi,42814
Pirate Corgi,42813
Pilot Corgi,42812
Welsh Corgi,42811
Inbread Corgi,42810
Pirate Corgi,42809
Pilot Corgi,42808
Welsh Corgi,42807
Welsh Corgi Pup,42806
Prodigy's Furniture Collection,42805
Decorative Daroccoli,42804
Daru Streetlight,42803
Decorative Hoverbloom,42802
Brown Upright Piano,42801
Princess's Floor Lamp,42800
Princess's Sconce,42799
Princess's Rug,42798
Princess's Piano,42797
Princess's Chair,42796
Princess's Round Coffee Table,42795
Captain's Leathers: Combat,42794
Pumpkin Charmer Costume: Combat,42793
Adventurer's Resplendent Regrade Crate,42792
Adventurer's Anchoring Crate,42791
Homebody Token,42790
ArcheAthlete Challenge,42789
ArcheAthlete Challenge,42788
Daru Merchant Certificate,42787
Blank Certificate,42786
Daru Merchant Certificate,42784
Blank Certificate,42783
Homebody Production Pack,42782
Daru Merchant Certificate,42781
Blank Certificate,42780
Smoking Regrade Brazier,42779
Daru Merchant Certificate,42776
Blank Certificate,42775
Crafted Vehicle Frame,42774
Auto Parts Bundle,42773
Seawhip Speedboat Design,42772
Akrites's Fistbump Earring,42768
Akrites's Elite Fistbump Earring,42767
Akrites's Ultimate Fistbump Earring,42766
Akrites's Fistbump Ring,42765
Akrites's Elite Fistbump Ring,42764
Akrites's Ultimate Fistbump Ring,42763
Typhoon Legguards,42756
Typhoon Saddle,42755
Typhoon Helm,42754
dw_f_hair042,42753
dw_f_hair005,42752
Lamon's Prize Yam,42751
Sweet Yellow Yam,42749
Yellow Yam Seed Bundle,42748
Thunderwing Hunter,42747
Scroll: Rampage S200,42744
Titan's Wings,42743
sk_china_combat002,42742
Total Upgrade Ticket,42738
Chef Hat,42737
Stormduster 1000,42736
Hellhound Head,42731
Hellhound Paw,42730
Hellhound Chest,42729
Committed Giftpack,42728
개근 용사의 에아나드 응모권,42727
개근 용사의 아키라이프 응모권,42726
Red Noble's Whimsy Costume: Combat,42725
Black Noble's Whimsy Costume: Combat,42724
Harvest Moon Rice Wine,42723
Sweet Harvest Moon Rice Wine,42722
Craft Box,42721
Aeon Shard,42720
Blue Wolves' Uniform: Combat,42719
Moonlight Box,42718
Distorted Love Lunafrost,42717
Distorted Transcendent Lunafrost,42716
Distorted Tracker Lunafrost,42715
Distorted Hostility Lunafrost,42714
Indomitable Love Lunafrost,42713
Indomitable Tracker Lunafrost,42712
Indomitable Transcendent Lunafrost,42711
Indomitable Hostility Lunafrost,42710
Filling Harvest Moon Taro Soup,42704
Mysterious Aeon Shard,42696
Typhoon Drake,42691
Lucid Refined Lunagem Crate,42689
Scroll: Seaskimmer Speedboat,42688
Clipper Materials Pack,42684
bluewolf001,42676
Scroll: Seawhip Speedboat,42675
Elite Shadow Daru Uniform: Combat,42674
Gold Cat Undergarments,42673
Red Cat Undergarments,42672
Golden Undergarments,42671
Ruby Undergarments,42670
Wrapped Hellhound,42669
Restless Dancer Costume: Combat,42668
PC방: 천 치유형 장비 상자,42667
PC방: 천 마법형 장비 상자,42666
PC방: 가죽 원거리형 장비 상자,42665
PC방: 가죽 근접형 장비 상자,42664
PC방: 판금 수비형 장비 상자,42663
Table Designs,42661
Container Designs,42660
Lighting Designs,42659
Chair Designs,42658
Storage Chest Designs,42657
Wardrobe Designs,42656
Bookshelf Designs,42655
Bed Designs,42654
Full Kit: Stellar Scarecrow Garden,42653
Full Kit: Lunar Scarecrow Garden,42652
Full Kit: Solar Scarecrow Garden,42651
Full Kit: Stellar Scarecrow Garden,42650
Full Kit: Lunar Scarecrow Garden,42649
Full Kit: Solar Scarecrow Garden,42648
Cloaked Migration Talisman,42647
Cloaked Drain Talisman,42646
Big Belly Fish,42645
Wrapped Soulmule,42644
Millionaire Token,42643
The Secret to Wealth,42642
Millionaire's Envelope,42641
Bound Divine Sunlight Shadowguard Charm,42640
PC방 행운 상자 2차,42639
Hellhound,42636
Titan's Mana Potion,42635
Titan's Healing Potion,42634
Radiant Jewel,42633
Legendary Assassin Costume: Combat,42632
Thunderwing Titan's Feather,42631
개근 용사의 에아나드 응모권,42624
개근 용사의 아키라이프 응모권,42623
사전 예약 선물 꾸러미,42622
tool_작살포,42621
Family Name Change Ticket,42620
Soulmule,42619
Princess's End Table,42618
Princess's Dresser,42617
Princess's Partition,42616
Princess's Bed,42615
Crest Coffee Table,42614
Crest Rug,42613
Crest Bed,42612
Sunbitten Bed,42611
Airain Rock-Solid Table,42610
Airain Rock-Solid Barrel,42609
Airain Rock-Solid Lamp,42608
Airain Rock-Solid Chair,42607
Airain Rock-Solid Storage Chest,42606
Airain Rock-Solid Carpet,42605
Airain Rock-Solid Wardrobe,42604
Airain Rock-Solid Bookshelf,42603
Airain Rock-Solid Bed,42602
Royal Assassin Costume: Combat,42601
Sprout Greenman Mask,42600
Nest Greenman Mask,42599
Larva Greenman Mask,42598
Broccoli Greenman Mask,42597
Pure Yata Mask,42596
Arrogant Yata Mask,42595
Spotted Yata Mask,42594
Reliable Yata Mask,42593
Nimble Polaris Bjorne,42591
Reedwind Essence,42590
NPC Weapon Packs - 도구형 무기 - 북채,42589
Ore Sorter,42588
Lucid Unidentified Ore,42587
Vivid Unidentified Ore,42586
Clear Unidentified Ore,42585
Eggy-Weggy Costume,42584
Refining Item 2,42583
Ground Fish Chum,42582
Bubble Energy,42580
Scroll: Bubble Mount,42578
Titan's Wings,42577
Titan's Chain,42576
Titan's Will,42575
Titan's Sorrow,42574
Titan's Fury,42573
Titan's Pain,42572
Titan's Pinion,42571
Titan's Talon,42570
Round Empty Frame,42569
Goblin Trumpet,42568
Burning Titan's Wings,42566
Small Imprinting Stone,42564
Siegeram Taurus Bundle,42562
Sassy Cheer Uniform,42561
150-Slot Rangora's Trove,42560
140-Slot Rangora's Trove,42559
130-Slot Rangora's Trove,42558
120-Slot Rangora's Trove,42557
110-Slot Rangora's Trove,42556
150-Slot Pirate Plushie Trove,42555
140-Slot Pirate Plushie Trove,42554
130-Slot Pirate Plushie Trove,42553
120-Slot Pirate Plushie Trove,42552
110-Slot Pirate Plushie Trove,42551
Crest Trade Pack Storage,42550
Anima Chest,42549
Anima Chest,42548
Free Flying Pack,42547
Siegeram Armor Chest,42546
Siegeram Taurus Bundle,42545
Siegeram Taurus Joint Plating,42542
Siegeram Taurus Saddle,42541
Siegeram Taurus Faceplate,42540
Siegeram Taurus,42539
Suspicious Ring,42538
npc c_112 2chest,42537
npc c_118 2chest,42536
npc c_117 2chest,42535
개근 용사의 에아나드 응모권,42534
개근 용사의 아키라이프 응모권,42533
npc_sk_lord006,42531
npc c_114 3legs,42530
npc c_116 2chest,42529
npc c_115 2chest,42528
npc c_113 2chest,42527
npc c_113 3legs,42526
Stolen Records Scroll,42525
Postowl Feather,42524
Crest Swimwear: Casual,42522
Ale Sprite Soulstone,42521
Ember Nymph Soulstone,42520
tool_깃발(화이트),42519
tool_깃발(브라운),42518
tool_깃발(레드),42517
tool_깃발(그린),42516
tool_깃발(블랙),42515
tool_깃발(청색),42514
Grub Poison,42513
River Flower,42512
Golem Electroshocker,42511
Ceremonial Tools,42510
10-Day Settler Costume,42509
Scroll: Farm Cart (10 days),42508
10-Day Lavaspark,42507
Wrapped 10-Day Lavaspark,42506
10-Day Steel Lightning Legguards,42505
10-Day Steel Lightning Saddle,42504
10-Day Steel Lightning Helm,42503
10-Day Steel Lightning,42502
10-Day Glider Companion: Sloth,42501
Orchidna Teleport Scroll,42500
Chef's Special Soup Ingredients,42499
Scroll: Old Rowboat,42498
최초의 간담회 참석자,42496
It's All Cementics Token,42495
Mustards the Strength Token,42494
Barter $auce Token,42493
Anyfin is Possible Token,42492
So Basalty Token,42491
Stainless Steal Token,42490
Internet Explorer Token,42489
Art-official Intelligence Token,42488
Rooting for Thunder Token,42487
Slayer Enabler Token,42486
Can Be Abrasive Token,42485
Always Ironic Token,42484
Cow-culating Killer Token,42483
Needs Calf-eine Token,42482
Martial Arts and Crafts Token,42481
Darns It All Token,42480
Hard Rock Life Token,42479
Transformative Farmer Token,42478
Driven to Distraction Token,42477
Leaf Me Alone Token,42476
Ink-redible Token,42475
Elementally Talented Token,42474
여종족누드힐타입,42473
Orchidna's Journals: Tahyang,42472
Orchidna's Journals: Inoch,42471
Orchidna's Journals: Aranzeb,42470
Orchidna's Journals: Lucius,42469
Orchidna's Journals: Aranzebia,42468
Orchidna's Journals: Melisara,42467
Orchidna's Journals: Eanna,42466
Orchidna's Journals: Gene,42465
Orchidna's Journals: Ollo,42464
Orchidna's Journals: Kyprosa,42463
Orchidna's Journals: Tahyang Manuscript,42462
Orchidna's Journals: Inoch Manuscript,42461
Orchidna's Journals: Aranzeb Manuscript,42460
Orchidna's Journals: Kyprosa Manuscript,42459
Orchidna's Journals: Lucius Manuscript,42458
Orchidna's Journals: Aranzebia Manuscript,42457
Orchidna's Journals: Melisara Manuscript,42456
Orchidna's Journals: Eanna Manuscript,42455
Orchidna's Journals: Ollo Manuscript,42454
Orchidna's Journals: Gene Manuscript,42453
Prosperity Lute,42451
Sage's Teleporter,42450
Pink Pufferfish Trophy,42449
Permission Slip,42448
Ice Witch's Staff,42447
Wrapped Farm Wagon,42446
Bamhammer,42444
Platinum Orchidna Statue,42443
상단 등짐 클로즈팩,42441
술병 등짐 클로즈팩,42440
Aurora Storage Chest Design,42439
Watermelon Flowerbed,42438
Pansy Flowerbed,42437
Hibiscus Flowerbed,42436
Pineapple Flowerbed,42435
Orange Impatiens Blossom,42434
Amaranth Flowerbed,42433
Empty Brick Flowerbed,42432
Settler's Pack,42430
Beginner's Pack,42429
Wrapped Timber Coupe,42428
Wrapped Apex Squall,42427
Wrapped Comet Speedster,42426
Wrapped Ironclad,42425
Wrapped Fire Ironclad,42424
Wrapped Wheeled Mortar,42423
Maliceforged Shoes,42420
Maliceforged Gloves,42419
Maliceforged Pants,42418
Maliceforged Shirt,42417
Maliceforged Hood,42416
Maliceforged Shoes,42415
Maliceforged Gloves,42414
Maliceforged Pants,42413
Maliceforged Shirt,42412
Maliceforged Hood,42411
Maliceforged Boots,42410
Maliceforged Fists,42409
Maliceforged Breeches,42408
Maliceforged Jerkin,42407
Maliceforged Cap,42406
Maliceforged Sabatons,42405
Maliceforged Gauntlets,42404
Maliceforged Greaves,42403
Maliceforged Cuirass,42402
Maliceforged Helm,42401
Maliceforged Shield,42400
Maliceforged Bow,42399
Maliceforged Greatclub,42398
Maliceforged Staff,42397
Maliceforged Greataxe,42396
Maliceforged Sword,42395
Brinebound Rock,42394
"Roses are Red, Daru are Blue Token",42393
Legendary Hoverbloom Seed,42392
Epic Hoverbloom Seed,42391
Divine Hoverbloom Seed,42390
Celestial Hoverbloom Seed,42389
Unique Hoverbloom Seed,42388
Heroic Hoverbloom Seed,42387
Arcane Hoverbloom Seed,42386
Rare Hoverbloom Seed,42385
Grand Hoverbloom Seed,42384
Basic Hoverbloom Seed,42383
Advanced Vocation Supply Box (1/6),42382
Advanced Vocation Supply Box (2/6),42381
Advanced Vocation Supply Box (3/6),42380
Advanced Vocation Supply Box (4/6),42379
Advanced Vocation Supply Box (5/6),42378
Advanced Vocation Supply Box,42377
Sage's Teleporter,42376
Trial Narayana Squire,42375
Trial Mirage Bjorne,42374
날틀 친구: 둔갑판다(체험용),42373
Wrapped Aquestria,42372
Trial Summer Racer's Swimwear,42371
Greenman's Blessing,42370
Evergreen Yata Buff,42369
Friendmaker Bauble,42368
Noble Promise Shard,42367
Resplendent Friendship Crate,42366
오키드나 피규어 응모권,42365
wa_f_hair015,42364
wa_f_hair014,42363
wa_f_hair013,42362
Ynystere Teleport Scroll,42361
wa_f_hair012,42360
wa_f_hair011,42359
wa_f_hair010,42358
wa_f_hair009,42357
wa_f_hair008,42356
Bath Token,42355
Wrapped Advanced Vocation Supply Box,42354
wa_f_horns011,42353
wa_f_horns012,42352
wa_f_horns013,42351
wa_f_horns014,42350
dw_m_beard006,42349
wa_m_horns014,42348
wa_m_horns013,42347
wa_m_horns012,42346
wa_m_horns011,42345
Heavy Hardwood,42344
Royal Seed,42343
Scented Leaf,42342
Homecoming Gift,42341
Pinion Portal: Marianople,42340
Enchantress's Robes,42339
Captain Fenbard's Token,42338
Ahnimar Water Pack,42337
Silver Key,42336
Copper Key,42335
Mining Explosive,42334
Lost Metallic Crate,42333
Ale Sprite,42332
Ember Nymph,42331
PC방 붉은빛 마력의 결정체,42330
PC방 초록빛 마력의 결정체,42329
PC방 보랏빛 마력의 결정체,42328
30000 루루의 주머니,42327
Draining Talisman Pack,42326
Random Migration Talisman,42325
Devil's Claw,42324
Coral Wavewyrm Costume,42323
Lost Bottle,42322
30-Day Scarlet Wand Earring Box,42321
30-Day Scarlet Wand Earring,42320
Borrowed Lute,42319
Lost Letter,42318
Full Bucket,42317
Johan's Mechanical Cannon,42316
Vince's Diving Helmet,42315
Axle Grease,42314
Bound Celestial Weapon Anchoring Charm,42313
PC방 노동력 200,42312
Labor Reward: 3000,42311
Labor Reward: 2000,42310
Labor Reward: 1000,42309
Labor Reward: 500,42308
Labor Reward: 200,42307
Labor Reward: 100,42306
Labor Reward: 50,42305
Migration Scalpel,42304
Migration Scale,42303
Spirit Migration Talisman,42302
Intelligence Migration Talisman,42301
Stamina Migration Talisman,42300
Agility Migration Talisman,42299
Strength Migration Talisman,42298
Spirit Drain Talisman,42297
Intelligence Drain Talisman,42296
Stamina Drain Talisman,42295
Agility Drain Talisman,42294
Strength Drain Talisman,42293
Spirit Drain Pendant,42292
Intelligence Drain Pendant,42291
Stamina Drain Pendant,42290
Agility Drain Pendant,42289
Strength Drain Pendant,42288
Random Migration Pendant,42287
Passionate Leap (Lv55),42286
Passionate Leap (Lv54),42285
Passionate Leap (Lv53),42284
Passionate Leap (Lv52),42283
Passionate Leap (Lv51),42282
Passionate Leap (Lv50),42281
Passionate Leap (Lv45),42280
Passionate Leap (Lv40),42279
Passionate Leap (Lv35),42278
Passionate Leap (Lv30),42277
Passionate Leap (Lv25),42276
Passionate Leap (Lv20),42275
Passionate Leap (Lv15),42274
Passionate Leap (Lv10),42273
Adventurer's Time's River,42272
Adventurer's Sun's Glory,42271
Adventurer's Meadow Stream,42270
Adventurer's Midsummer Meteor,42269
Refining Item,42268
Garden Gem,42267
wa_f_face01,42266
dw_m_beard010,42264
Daru Flying Machine,42263
Family Growth Ticket,42262
Snowball,42261
Worm Compost,42260
dw_m_hair015,42259
McGaru's Multi-tool,42258
Gargantuan Pink Pufferfish Pack,42257
Pink Pufferfish Pack,42256
소형 복어 꾸러미_사용안함,42255
Pink Pufferfish Fry Pack,42254
Scroll: Daru's Fire Ironclad,42253
Scroll: Daru's Wheeled Mortar,42252
Judge's Longing,42250
PC방: 순수한 마음의 허리띠,42249
PC방: 과묵한 섬광의 가죽 혁대,42248
Red Wine Vinegar,42247
PC방: 차가운 밤물결,42245
PC방: 성난 열망,42244
Draining Orb,42243
Adventurer's Assorted Meatballs,42242
Draining Mote 5,42241
Draining Mote 4,42240
Draining Mote 3,42239
Draining Mote 2,42238
Draining Mote 1,42237
Assorted Meatballs,42236
Massacre Guilt,42235
PC방: 천 치유형 장비 상자,42234
PC방: 천 마법형 장비 상자,42233
PC방: 가죽 원거리형 장비 상자,42232
PC방: 가죽 근접형 장비 상자,42231
PC방: 판금 수비형 장비 상자,42230
PC방: 붉은 매듭달의 반지(2시간),42229
PC방: 붉은 매듭달의 목걸이(2시간),42228
PC방: 붉은 매듭달의 귀걸이(2시간),42227
PC방: 과묵한 섬광의 가죽 토시,42226
PC방: 이글거리는 열정의 토시,42225
PC방: 빛나는 신념의 판금 완갑,42224
PC방: 침묵의 그림자 가죽 토시,42223
PC방: 순수한 마음의 토시,42222
PC방: 눈물 안식 망토,42221
PC방: 탄식 섬광 망토,42220
PC방: 눈물 가호 망토,42219
PC방: 눈물 긍지 망토,42218
PC방: 탄식 바람결 망토,42217
PC방: 빛나는 신념의 판금 요대,42216
PC방: 이글거리는 열정의 허리띠,42215
PC방: 침묵의 그림자 가죽 혁대,42214
PC방: 빛나는 신념의 판금 장화,42213
PC방: 빛나는 신념의 판금 장갑,42212
PC방: 빛나는 신념의 판금 경갑,42211
PC방: 빛나는 신념의 판금 흉갑,42210
PC방: 빛나는 신념의 머리 보호대,42209
PC방: 과묵한 섬광의 가죽 장화,42208
PC방: 과묵한 섬광의 가죽 장갑,42207
PC방: 과묵한 섬광의 가죽 경갑,42206
PC방: 과묵한 섬광의 가죽 갑옷,42205
PC방: 과묵한 섬광의 머리 장식,42204
PC방: 순수한 마음의 신발,42203
PC방: 순수한 마음의 장갑,42202
PC방: 순수한 마음의 하의,42201
PC방: 순수한 마음의 상의,42200
PC방: 순수한 마음의 관,42199
PC방: 침묵의 그림자 가죽 장화,42198
PC방: 침묵의 그림자 가죽 장갑,42197
PC방: 침묵의 그림자 가죽 경갑,42196
PC방: 침묵의 그림자 가죽 갑옷,42195
PC방: 침묵의 그림자 머리 장식,42194
PC방: 이글거리는 열정의 신발,42193
PC방: 이글거리는 열정의 장갑,42192
PC방: 이글거리는 열정의 하의,42191
PC방: 이글거리는 열정의 상의,42190
PC방: 이글거리는 열정의 관,42189
PC방: 오래된 기다림,42188
PC방: 여명의 도망자,42187
PC방: 차가운 밤물결,42186
PC방: 기나긴 망설임,42185
PC방: 산들바람 잰걸음,42184
PC방: 먼지투성이 오선지,42183
PC방: 저녁 떠돌이,42182
PC방: 붉은 눈시울,42181
PC방: 저승의 황혼,42180
PC방: 짙은 밤안개,42179
PC방: 성난 열망,42178
Assorted Ribs,42177
Refined Flower Seed,42176
Refined Herb Seed,42175
Refined Fruit Seed,42174
Refined Spice Seed,42173
Refined Grain Seed,42172
Assorted Sirloin,42171
Assorted Tenderloin,42170
Dawn of Glory,42168
Adventurer's Kingdom's Shadow,42167
Kingdom's Shadow,42166
Snow's Promise,42165
Fortress of Honor,42164
Adventurer's Spellbook: Unstoppable Will,42163
Spellbook: Unstoppable Will,42162
Undigested Kraken's Tentacle,42161
Undigested Electric Eel Pack,42160
Undigested Arowana Pack,42159
Undigested Carp Pack,42158
생활의 아키: 실속형 30일,42157
생활의 아키: 실속형 7일,42156
생활의 아키: 실속형 3일,42155
생활의 아키: 실속형 1일,42154
Wrapped Enraged Red Dragon's Axis Mundi,42153
Wrapped Enraged Red Dragon's Pinion,42152
Wrapped Enraged Red Dragon's Serenity,42151
Wrapped Enraged Red Dragon's Flash,42150
Wrapped Enraged Red Dragon's Seraph,42149
Wrapped Enraged Red Dragon's Pride,42148
Wrapped Enraged Red Dragon's Breath,42147
Wrapped Red Dragon's Axis Mundi,42146
Wrapped Red Dragon's Pinion,42145
Wrapped Red Dragon's Serenity,42144
Wrapped Red Dragon's Flash,42143
Wrapped Red Dragon's Seraph,42142
Wrapped Red Dragon's Pride,42141
Wrapped Red Dragon's Breath,42140
Wrapped Opulent Axis Mundi Cloak,42139
Wrapped Opulent Bounty Hunter Pinion,42138
Wrapped Opulent Gweonid Serenity,42137
Wrapped Opulent Falcorth Flash,42136
Wrapped Opulent Ynystere Seraph,42135
Wrapped Opulent Ishvaran Pride,42134
Wrapped Opulent Halcyona Whisper,42133
Wrapped Hopeful Axis Mundi Cloak,42132
Wrapped Hopeful Bounty Hunter Pinion,42131
Wrapped Hopeful Gweonid Serenity,42130
Wrapped Hopeful Falcorth Flash,42129
Wrapped Hopeful Ynystere Seraph,42128
Wrapped Hopeful Ishvaran Pride,42127
Wrapped Hopeful Halcyona Whisper,42126
Wrapped Solid Axis Mundi Cloak,42125
Wrapped Solid Bounty Hunter Pinion,42124
Wrapped Solid Gweonid Serenity,42123
Wrapped Solid Falcorth Flash,42122
Wrapped Solid Ynystere Seraph,42121
Wrapped Solid Ishvaran Pride,42120
Wrapped Solid Halcyona Whisper,42119
Wrapped Bright Axis Mundi Cloak,42118
Wrapped Bright Bounty Hunter Pinion,42117
Wrapped Bright Gweonid Serenity,42116
Wrapped Bright Falcorth Flash,42115
Wrapped Bright Ynystere Seraph,42114
Wrapped Bright Ishvaran Pride,42113
Wrapped Bright Halcyona Whisper,42112
Rainbow Charm Pouch,42108
not_used,42107
not_used,42106
not_used,42105
Divine Accessory Anchoring Shard,42104
Divine Armor Anchoring Shard,42103
Divine Weapon Anchoring Shard,42102
not_used,42101
not_used,42100
not_used,42099
Celestial Accessory Anchoring Shard,42098
Celestial Armor Anchoring Shard,42097
Celestial Weapon Anchoring Shard,42096
Divine Accessory Anchoring Charm,42095
Divine Armor Anchoring Charm,42094
Divine Weapon Anchoring Charm,42093
Divine Accessory Anchoring Emblem,42092
Divine Armor Anchoring Emblem,42091
Divine Weapon Anchoring Emblem,42090
Celestial Accessory Anchoring Charm,42089
Celestial Armor Anchoring Charm,42088
Celestial Weapon Anchoring Charm,42087
Celestial Accessory Anchoring Emblem,42086
Celestial Armor Anchoring Emblem,42085
Celestial Weapon Anchoring Emblem,42084
Ritual Dance Instructions,42083
Snowspear Mountain Goat Horns,42082
Scroll: Airain Rowboat,42081
Metallic Auroran Crate,42078
Queen's Crate,42077
Prince's Crate,42076
Jester's Crate,42075
Noble's Crate,42074
Merchant's Crate,42073
Priest's Crate,42072
Farmer's Crate,42071
Foxbane Rose,42070
Avalanche Bear Leather,42069
Decorative Silver Oasis Lute,42068
Decorative Windcreek Lute,42067
Decorative Flamesinger,42066
Continuous Mana Potion,42065
Continuous Healing Potion,42064
[TEST]영험한 광석 조각,42063
Hearty Breakfast,42062
Favor,42056
Favor Safekeeper,42055
Aromatic Soup,42054
Savory Bread,42053
Lucky Sapling Pouch,42052
Lucky Gathering Pouch,42051
Lucky Farming Pouch,42050
Divine Die,42049
Rita Rune,42048
Gilda Rune,42047
Stormraw Wave,42046
Alluvion Love,42045
Faint Memory,42044
Sweet Starlight,42043
White Arden Antiquities,42041
Two Crowns Antiquities,42040
Perinoor Antiquities,42039
Hasla Antiquities,42038
Combat Supply Crate,42037
Mistsong Eternal Malice,42036
Mistsong Excrescent Malice,42035
Excrescent Malice,42034
Stacked Abyssal Power,42033
Combat Scroll: Breakthrough,42031
Combat Scroll: Penetration,42030
Millennium Snow Beer Casks,42029
Trade Pack,42028
Aurora Storage Chest,42027
Blue Salt Brotherhood Trade Goods,42026
Multipurpose Workbench,42024
Rokhala Aged Cheese,42023
Sunbite Aged Cheese,42022
Karkasse Aged Cheese,42021
Ahnimar Aged Cheese,42020
Aubre Cradle Aged Cheese,42019
Airain Aged Cheese,42018
Rokhala Aged Salve,42017
Sunbite Aged Salve,42016
Karkasse Aged Salve,42015
Ahnimar Aged Salve,42014
Aubre Cradle Aged Salve,42013
Airain Aged Salve,42012
Rokhala Aged Honey,42011
Sunbite Aged Honey,42010
Karkasse Aged Honey,42009
Ahnimar Aged Honey,42008
Aubre Cradle Aged Honey,42007
Airain Aged Honey,42006
Rokhala Fertilizer,42005
Rokhala Livestock Fodder,42004
Rokhala Auspicious Elixir,42003
Rokhala Alpine Mix,42002
Sunbite Fertilizer,42001
Sunbite Pest Poison,42000
Sunbite Salvation Tea,41999
Sunbite Citrus Cleaner,41998
Karkasse Fertilizer,41997
Karkasse Burn Cream,41996
Karkasse Dragon Jerky,41995
Karkasse Quilts,41994
Ahnimar Fertilizer,41993
Ahnimar Pressed Powder,41992
Ahnimar Mushroom Roulette,41991
Ahnimar Hangover Cure,41990
Aubre Cradle Fertilizer,41989
Aubre Cradle Deviled Eggs,41988
Aubre Cradle Ethanol,41987
Aubre Cradle Rice Flour,41986
Airain Fertilizer,41985
Airain Vegetable Seasoning,41984
Airain Triple Stout,41983
Airain Dream Catchers,41982
dw_m_hair012,41981
Auroran Synthesis Stone Pack,41980
Impatiens Seed Bundle,41979
Impatiens Seed,41978
Perfumed Impatiens,41977
Impatiens,41976
Roast Owl,41974
Flaming Chain,41973
dw_m_hair035,41972
dw_m_hair011,41971
dw_m_hair010,41970
Quartered Crest Cube,41969
Halved Crest Cube,41968
Unidentified Synthesis Costume Crate,41967
Small Wyvern,41965
Pangopup Trade Pack,41964
Shoat Trade Pack,41963
Haranyan Drake Fishing Pack,41962
Rowdy Drake Fishing Pack,41961
Converted Vengeful Wings,41960
Pledged Vengeful Wings,41959
Vengeful Wings,41958
Arlore's Patrol Mech,41957
방울에 퐁당 소환 주문서_test,41956
Matronfist Greatclub,41955
Confession Greatclub,41954
Governor's Greatclub,41953
Construction Greatclub,41952
Andelph Greatclub,41951
Icefang Slayer's Greatclub,41950
Researcher's Greatclub,41949
Dwarven Greatclub,41948
Matronfist Greatclub,41947
Confession Greatclub,41946
Governor's Greatclub,41945
Construction Greatclub,41944
Andelph Greatclub,41943
Icefang Slayer's Greatclub,41942
Researcher's Greatclub,41941
Dwarven Greatclub,41940
Merit Badge Pouch,41939
Freestorm Plate Lowers Chest,41938
Freestorm Plate Uppers Chest,41937
Freestorm Leather Lowers Chest,41936
Freestorm Leather Uppers Chest,41935
Freestorm Cloth Lowers Chest,41934
Freestorm Cloth Uppers Chest,41933
Expiator's Plate Lowers Chest,41932
Expiator's Plate Uppers Chest,41931
Penitent's Leather Lowers Chest,41930
Penitent's Leather Uppers Chest,41929
Solemnspun Cloth Lowers Chest,41928
Solemnspun Cloth Uppers Chest,41927
Pale Rainbow Leather Lowers Chest,41926
Pale Rainbow Leather Uppers Chest,41925
Floralbalm Cloth Lowers Chest,41924
Floralbalm Cloth Uppers Chest,41923
Bronze Peak Plate Lowers Chest,41922
Bronze Peak Plate Uppers Chest,41921
Reindeer Tribe Leather Lowers Chest,41920
Reindeer Tribe Leather Uppers Chest,41919
Barefoot Barley Cloth Lowers Chest,41918
Barefoot Barley Cloth Uppers Chest,41917
Golemtech Plate Lowers Chest,41916
Golemtech Plate Uppers Chest,41915
Iron Road Leather Lowers Chest,41914
Iron Road Leather Uppers Chest,41913
Feyleaf Cloth Lowers Chest,41912
Feyleaf Cloth Uppers Chest,41911
Steelwind Leather Lowers Chest,41910
Steelwind Leather Uppers Chest,41909
Summer Leaf Cloth Lowers Chest,41908
Summer Leaf Cloth Uppers Chest,41907
Unidentified Freestorm Helm,41906
Unidentified Freestorm Sabatons,41905
Unidentified Freestorm Tassets,41904
Unidentified Freestorm Greaves,41903
Unidentified Freestorm Gauntlets,41902
Unidentified Freestorm Vambraces,41901
Unidentified Freestorm Cuirass,41900
Unidentified Freestorm Cap,41899
Unidentified Freestorm Boots,41898
Unidentified Freestorm Belt,41897
Unidentified Freestorm Breeches,41896
Unidentified Freestorm Fists,41895
Unidentified Freestorm Guards,41894
Unidentified Freestorm Jerkin,41893
Unidentified Freestorm Hood,41892
Unidentified Freestorm Shoes,41891
Unidentified Freestorm Sash,41890
Unidentified Freestorm Pants,41889
Unidentified Freestorm Gloves,41888
Unidentified Freestorm Sleeves,41887
Unidentified Freestorm Shirt,41886
Unidentified Expiator's Helm,41885
Unidentified Expiator's Sabatons,41884
Unidentified Expiator's Tassets,41883
Unidentified Expiator's Greaves,41882
Unidentified Expiator's Gauntlets,41881
Unidentified Expiator's Vambraces,41880
Unidentified Expiator's Cuirass,41879
Unidentified Penitent's Cap,41878
Unidentified Penitent's Boots,41877
Unidentified Penitent's Belt,41876
Unidentified Penitent's Breeches,41875
Unidentified Penitent's Fists,41874
Unidentified Penitent's Guards,41873
Unidentified Penitent's Jerkin,41872
Unidentified Solemnspun Hood,41871
Unidentified Solemnspun Shoes,41870
Unidentified Solemnspun Sash,41869
Unidentified Solemnspun Pants,41868
Unidentified Solemnspun Gloves,41867
Unidentified Solemnspun Sleeves,41866
Unidentified Solemnspun Shirt,41865
Unidentified Pale Rainbow Cap,41864
Unidentified Pale Rainbow Boots,41863
Unidentified Pale Rainbow Belt,41862
Unidentified Pale Rainbow Breeches,41861
Unidentified Pale Rainbow Fists,41860
Unidentified Pale Rainbow Guards,41859
Unidentified Pale Rainbow Jerkin,41858
Unidentified Floralbalm Hood,41857
Unidentified Floralbalm Shoes,41856
Unidentified Floralbalm Sash,41855
Unidentified Floralbalm Pants,41854
Unidentified Floralbalm Gloves,41853
Unidentified Floralbalm Sleeves,41852
Unidentified Floralbalm Shirt,41851
Freestorm Lute,41850
Freestorm Shield,41849
Freestorm Bow,41848
Matronfist Staff,41847
Matronfist Nodachi,41846
Matronfist Sword,41845
Faithsworn Lute,41844
Faithsworn Shield,41843
Faithsworn Bow,41842
Confession Staff,41841
Confession Nodachi,41840
Confession Sword,41839
Merchant's Lute,41838
Merchant's Shield,41837
Merchant's Bow,41836
Governor's Staff,41835
Governor's Nodachi,41834
Governor's Sword,41833
Construction Lute,41832
Narij's Shield,41831
Air Raven's Bow,41830
Construction Staff,41829
Construction Nodachi,41828
Construction Sword,41827
Unidentified Bronze Peak Helm,41826
Unidentified Bronze Peak Sabatons,41825
Unidentified Bronze Peak Tassets,41824
Unidentified Bronze Peak Greaves,41823
Unidentified Bronze Peak Gauntlets,41822
Unidentified Bronze Peak Vambraces,41821
Unidentified Bronze Peak Cuirass,41820
Unidentified Reindeer Tribe Cap,41819
Unidentified Reindeer Tribe Boots,41818
Unidentified Reindeer Tribe Belt,41817
Unidentified Reindeer Tribe Breeches,41816
Unidentified Reindeer Tribe Fists,41815
Unidentified Reindeer Tribe Guards,41814
Unidentified Reindeer Tribe Jerkin,41813
Unidentified Barefoot Barley Hood,41812
Unidentified Barefoot Barley Shoes,41811
Unidentified Barefoot Barley Sash,41810
Unidentified Barefoot Barley Pants,41809
Unidentified Barefoot Barley Gloves,41808
Unidentified Barefoot Barley Sleeves,41807
Unidentified Barefoot Barley Shirt,41806
Unidentified Golemtech Helm,41805
Unidentified Golemtech Sabatons,41804
Unidentified Golemtech Tassets,41803
Unidentified Golemtech Greaves,41802
Unidentified Golemtech Gauntlets,41801
Unidentified Golemtech Vambraces,41800
Unidentified Golemtech Cuirass,41799
Unidentified Iron Road Cap,41798
Unidentified Iron Road Boots,41797
Unidentified Iron Road Belt,41796
Unidentified Iron Road Breeches,41795
Unidentified Iron Road Fists,41794
Unidentified Iron Road Guards,41793
Unidentified Iron Road Jerkin,41792
Unidentified Feyleaf Hood,41791
Unidentified Feyleaf Shoes,41790
Unidentified Feyleaf Sash,41789
Unidentified Feyleaf Pants,41788
Unidentified Feyleaf Gloves,41787
Unidentified Feyleaf Sleeves,41786
Unidentified Feyleaf Shirt,41785
Unidentified Steelwind Cap,41784
Unidentified Steelwind Boots,41783
Unidentified Steelwind Belt,41782
Unidentified Steelwind Breeches,41781
Unidentified Steelwind Fists,41780
Unidentified Steelwind Guards,41779
Unidentified Steelwind Jerkin,41778
Unidentified Summer Leaf Hood,41777
Unidentified Summer Leaf Shoes,41776
Unidentified Summer Leaf Sash,41775
Unidentified Summer Leaf Pants,41774
Unidentified Summer Leaf Gloves,41773
Unidentified Summer Leaf Sleeves,41772
Unidentified Summer Leaf Shirt,41771
Andelph Lute,41770
Andelph Shield,41769
Andelph Bow,41768
Andelph Staff,41767
Andelph Nodachi,41766
Andelph Sword,41765
Icefang Slayer's Lute,41764
Icefang Slayer's Shield,41763
Icefang Slayer's Bow,41762
Icefang Slayer's Staff,41761
Icefang Slayer's Nodachi,41760
Icefang Slayer's Sword,41759
Researcher's Lute,41758
Researcher's Shield,41757
Researcher's Bow,41756
Researcher's Staff,41755
Researcher's Nodachi,41754
Researcher's Sword,41753
Dwarven Lute,41752
Dwarven Shield,41751
Dwarven Bow,41750
Dwarven Staff,41749
Dwarven Nodachi,41748
Dwarven Sword,41747
Ruby Mini-Miner,41746
Amethyst Mini-Miner,41745
Mini-Miner Nanobot,41744
Leafcrusher Thornboar,41743
Steelspine Thornboar,41742
Hedgealope Thornboar,41741
Redscale Pangolin,41740
Silverscale Pangolin,41739
Blackscale Pangolin,41738
Freestorm Helm,41737
Freestorm Sabatons,41736
Freestorm Tassets,41735
Freestorm Greaves,41734
Freestorm Gauntlets,41733
Freestorm Vambraces,41732
Freestorm Cuirass,41731
Freestorm Cap,41730
Freestorm Boots,41729
Freestorm Belt,41728
Freestorm Breeches,41727
Freestorm Fists,41726
Freestorm Guards,41725
Freestorm Jerkin,41724
Freestorm Hood,41723
Freestorm Shoes,41722
Freestorm Sash,41721
Freestorm Pants,41720
Freestorm Gloves,41719
Freestorm Sleeves,41718
Freestorm Shirt,41717
Expiator's Helm,41716
Expiator's Sabatons,41715
Expiator's Tassets,41714
Expiator's Greaves,41713
Expiator's Gauntlets,41712
Expiator's Vambraces,41711
Expiator's Cuirass,41710
Penitent's Cap,41709
Penitent's Boots,41708
Penitent's Belt,41707
Penitent's Breeches,41706
Penitent's Fists,41705
Penitent's Guards,41704
Penitent's Jerkin,41703
Solemnspun Hood,41702
Solemnspun Shoes,41701
Solemnspun Sash,41700
Solemnspun Pants,41699
Solemnspun Gloves,41698
Solemnspun Sleeves,41697
Solemnspun Shirt,41696
Pale Rainbow Cap,41695
Pale Rainbow Boots,41694
Pale Rainbow Belt,41693
Pale Rainbow Breeches,41692
Pale Rainbow Fists,41691
Pale Rainbow Guards,41690
Pale Rainbow Jerkin,41689
Floralbalm Hood,41688
Floralbalm Shoes,41687
Floralbalm Sash,41686
Floralbalm Pants,41685
Floralbalm Gloves,41684
Floralbalm Sleeves,41683
Floralbalm Shirt,41682
Freestorm Lute,41681
Freestorm Shield,41680
Freestorm Bow,41679
Matronfist Staff,41678
Matronfist Nodachi,41677
Matronfist Sword,41676
Faithsworn Lute,41675
Faithsworn Shield,41674
Faithsworn Bow,41673
Confession Staff,41672
Confession Nodachi,41671
Confession Sword,41670
Merchant's Lute,41669
Merchant's Shield,41668
Merchant's Bow,41667
Governor's Staff,41666
Governor's Nodachi,41665
Governor's Sword,41664
Construction Lute,41663
Narij's Shield,41662
Air Raven's Bow,41661
Construction Staff,41660
Construction Nodachi,41659
Construction Sword,41658
Bronze Peak Helm,41657
Bronze Peak Sabatons,41656
Bronze Peak Tassets,41655
Bronze Peak Greaves,41654
Bronze Peak Gauntlets,41653
Bronze Peak Vambraces,41652
Bronze Peak Cuirass,41651
Reindeer Tribe Cap,41650
Reindeer Tribe Boots,41649
Reindeer Tribe Belt,41648
Reindeer Tribe Breeches,41647
Reindeer Tribe Fists,41646
Reindeer Tribe Guards,41645
Reindeer Tribe Jerkin,41644
Barefoot Barley Hood,41643
Barefoot Barley Shoes,41642
Barefoot Barley Sash,41641
Barefoot Barley Pants,41640
Barefoot Barley Gloves,41639
Barefoot Barley Sleeves,41638
Barefoot Barley Shirt,41637
Golemtech Helm,41636
Golemtech Sabatons,41635
Golemtech Tassets,41634
Golemtech Greaves,41633
Golemtech Gauntlets,41632
Golemtech Vambraces,41631
Golemtech Cuirass,41630
Iron Road Cap,41629
Iron Road Boots,41628
Iron Road Belt,41627
Iron Road Breeches,41626
Iron Road Fists,41625
Iron Road Guards,41624
Ruby Mini-Miner,41623
Amethyst Mini-Miner,41622
Mini-Miner,41621
Leafcrusher Hoglet,41620
Steelspine Hoglet,41619
Hedgealope Hoglet,41618
Redscale Pangopup,41617
Silverscale Pangopup,41616
Blackscale Pangopup,41615
Iron Road Jerkin,41613
Feyleaf Hood,41612
Feyleaf Shoes,41611
Feyleaf Sash,41610
Feyleaf Pants,41609
Feyleaf Gloves,41608
Feyleaf Sleeves,41607
Feyleaf Shirt,41606
용선용 노,41605
Steelwind Cap,41604
Steelwind Boots,41603
Steelwind Belt,41602
Steelwind Breeches,41601
Steelwind Fists,41600
Steelwind Guards,41599
Steelwind Jerkin,41598
Summer Leaf Hood,41597
Summer Leaf Shoes,41596
Summer Leaf Sash,41595
Summer Leaf Pants,41594
Summer Leaf Gloves,41593
Summer Leaf Sleeves,41592
Summer Leaf Shirt,41591
Andelph Lute,41590
Andelph Shield,41589
Andelph Bow,41588
Andelph Staff,41587
Andelph Nodachi,41586
Andelph Sword,41585
Icefang Slayer's Lute,41584
Icefang Slayer's Shield,41583
Icefang Slayer's Bow,41582
Icefang Slayer's Staff,41581
Icefang Slayer's Nodachi,41580
Icefang Slayer's Sword,41579
Researcher's Lute,41578
Researcher's Shield,41577
Researcher's Bow,41576
Researcher's Staff,41575
Researcher's Nodachi,41574
Researcher's Sword,41573
Dwarven Lute,41571
Dwarven Shield,41570
Dwarven Bow,41569
Dwarven Staff,41568
Dwarven Nodachi,41567
Dwarven Sword,41566
Maestro Music Paper,41565
Narij's Underwear,41564
Aria's Autograph,41563
봉인된 에아나드의 무기 상자 응모권,41562
Titansong Ruby,41561
Scroll: Daru's Enoan Galleon,41560
Scroll: Daru's Fishing Boat,41559
Scroll: Daru's Lutesong Junk,41558
Scroll: Daru's Clipper,41557
Scroll: Daru's Merchant Schooner,41556
Scroll: Red Farm Freighter,41555
Scroll: Daru's Farm Freighter,41554
Scroll: Daru's Farm Hauler,41552
Scroll: Daru's Nova Speedster,41551
Scroll: Daru's Redwood Roadster,41550
Scroll: Daru's Apex Drift,41549
Scroll: Daru's Cogwheel Longboard,41548
Scroll: Daru's Ironclad,41547
Scroll: Daru's Farm Wagon,41546
Scroll: Daru's Comet Speedster,41545
Scroll: Daru's Timber Coupe,41544
Scroll: Daru's Apex Drift,41543
Chill Titan's Wings,41542
Aquestria,41540
삼족오 날개,41539
Titan Summoning Materials,41537
Sunbite Harpy Egg,41536
Yata Apple,41535
tool_꽃다발,41534
Cannon Summoning Materials,41533
Runaway Chick,41531
Cow Fruit,41529
Fresh Goat Meat,41528
wa_m_hair015,41527
wa_m_hair006,41526
Sunbite Milk,41525
Piranha Pack,41522
Catfish Pack,41521
Rainbow Chum,41520
Fruit Tree Sapling,41518
임시이펙트용_haragu,41517
Crazed Energy,41516
Stonerind Pulp,41515
Local Stew,41514
Golden Wool,41513
Royal Jelly,41512
Ironwood Lumber,41511
Wind Essence,41510
Wind Essence,41509
Alkimi's Opal,41508
Secret Astra Contract,41507
Maestro Music Paper,41506
Flawless Cogwheel,41505
Narij's Pants,41504
Narij's Shirt,41503
Colorful Feathers,41502
Huge Egg,41501
wa_m_hair011,41500
wa_m_hair007,41499
wa_f_horns010,41498
wa_f_horns009,41497
wa_f_horns008,41496
wa_f_horns007,41495
wa_f_horns006,41494
wa_f_horns005,41493
wa_f_horns004,41492
wa_f_horns003,41491
wa_m_horns010,41490
dw_m_beard009,41489
Resident Token,41488
Vinetree Chest,41487
Dwarven Telescope,41486
dw_f_hair028,41485
Small Wyvern Legguards,41484
Small Wyvern Saddle,41483
Small Wyvern Helm,41482
Watermelon Seed Bundle,41481
Watermelon Seed,41480
High Quality Hibiscus Sapling,41479
Hibiscus Sapling,41478
Amaranth Seed Bundle,41477
Amaranth Seed,41476
Pansy Seed Bundle,41475
Pansy Seed,41474
Pineapple Seed Bundle,41473
Pineapple Seed,41461
Velvet Pansy Petal,41460
Pansy,41459
Seedless Watermelon,41458
Watermelon,41457
Aromatic Hibiscus,41456
Hibiscus,41455
Dewy Amaranth,41454
Amaranth,41453
Extra-Sweet Pineapple,41452
Pineapple,41451
dw_f_hair026,41449
dw_f_hair039,41448
dw_f_hair036,41447
dw_f_hair035,41446
Decorative Sacred Echo,41445
wa_f_hair007,41444
Hoverbloom Collector,41443
포장된 꼬꼬마 노란 모자,41442
Dr. Conker's Turbo-Powered League Leaper,41441
Leprechaun Silver,41440
Energizing Tea Leaf,41439
Haranyan Navy Uniform: Casual,41438
Rowdy Shore Leave Outfit: Casual,41437
Wingbane Cannon,41436
Regional Stew Pot,41435
Stonerind Pumpkin,41434
Golden Sheep,41433
Royal Hive,41432
Fresh Spring Water,41431
Young Sapling,41430
Golem Electroshocker,41429
Ancient Fruit,41428
Rainbow Ore,41427
wa_m_hair034,41426
dw_m_hair008,41425
wa_m_hair026,41424
wa_m_hair019,41423
wa_m_hair016,41422
wa_m_hair010,41421
wa_m_hair002,41420
Family Certificate,41419
Koven's Warehouse Key,41418
Dr. Conker's Turbo-Powered League Leaper,41417
개근 용사의 에아나드 응모권,41416
개근 용사의 아키라이프 응모권,41415
Chicklet Hat,41414
wa_m_hair035,41413
wa_m_hair042,41412
wa_f_hair006,41408
wa_f_hair005,41407
wa_f_hair004,41406
Vinetree Armor Chest,41405
Wrapped Gweonid Vine Giant,41404
Arasha Giftpack,41403
wa_m_hair037,41402
Vinetree Armor,41401
Vinetree Legguards,41400
Vinetree Saddle,41399
Pacifica's Letter,41393
클로즈팩용 등짐,41391
Winged Battle Crate,41390
Teleport Scroll,41389
Blossom Perinoor Cottons,41388
Unidentified Pigments,41387
Migration Maximizer,41386
Migration Reset,41385
Superior Migration Pendant,41384
Migration Pendant,41383
Wrapped Grim Reaver,41382
Ironwood Tree,41377
Homecoming Warrior's Crate,41376
Voter's Token,41375
Black Sauce Noodles,41374
Armored Wavewyrm Costume: Combat,41373
Abyssal Wavewyrm Costume: Combat,41372
Coral Wavewyrm Costume: Combat,41371
Ivory Wavewyrm Costume: Combat,41370
10-Day Scarlet Wand Earring Box,41369
5-Day Scarlet Wand Earring Box,41368
Day 1 Scarlet Final Month's Box,41367
Wrapped Sincerity,41365
Silver Lightning Crate,41364
Cloaked Ayanad Weapon Crate,41363
Decorative Cherry Blossom Lute,41362
아키루 신속배달 등짐,41361
밭으로 4호의 행운권,41360
5만 캐시의 행운권,41359
푸른 탑의 행운권,41358
1만 금화의 행운권,41357
에아나드의 행운권,41356
봉인된 행운권,41355
아키루 짜장 식사권,41354
Dawnleaf Decor,41344
Dawnleaf Planter,41343
Potted Dawnleaf,41342
Grim Reaver,41341
Dawnleaf Seed,41339
Proficiency Decrease Certificate,41338
Dawnleaf Sapling,41337
Golden Wyvern Scroll,41336
Astra Wings,41335
Dawnleaf Petal,41332
300 캐시,41331
Dawnleaf Apple,41330
Light Territory Product,41324
wa_f_hair002,41323
wa_f_hair003,41322
Flamefeather Crate,41319
100-Slot Rangora's Trove,41318
Decorative Yata Pawprints,41317
Yata Pawprints,41316
Teleport Scroll,41313
Crow Meat,41312
Sunbite Saffron,41311
Spicy Crow Stew,41310
Sacred Bouquet,41309
Narayana Trade Goods,41308
Sleep Stinger,41307
Goat Meat,41306
Sacred Milk,41305
Speaking Stone,41299
Totem of Rest,41298
Cactus Fruit Punch,41296
Ripe Cactus Fruit,41295
Cactus Seed,41294
Governor's Condolences,41293
Governor's Condolences,41292
Governor's Condolences,41291
Governor's Appointment: Immediate,41290
Rainbow Crystal,41289
Bat Eyeball,41288
Bat Guano,41287
Warborn's Journal,41286
Miscellaneous,41285
Fake Souleye,41284
Paraffin Wax,41283
Slime Mucus,41282
Sapling,41281
Merchant Koral's Pouch,41280
Fading Anima,41279
Mud,41278
Slaughterer's Bow,41277
Slaughterer's Shield,41276
Slaughterer's Sword,41275
Slaughterer's Club,41274
Slaughterer's Scepter,41273
Springsong Greenman Suit,41272
Glider Companion: Squirrel,41271
신규 정착 지원 선물 패키지,41270
나눔의 증표,41269
Princess Greeniette Costume: Combat,41266
Prince Yateo Costume: Combat,41265
Fatal Temptation Crate,41263
Gweonid Vine Giant,41262
Phoenix Glider,41261
Inoch's Battle Robes: Combat,41260
Arasha Nomad Costume: Combat,41259
PC방 행운 상자,41255
Bound Serendipity Stone Shard,41253
Bound Duun's Shard,41251
PC방 행운 상자,41250
Doctor Healgood: Combat,41249
dw_f_hair031,41248
Reindeer Sanctuary Garb: Combat,41247
Immigration Ticket,41246
dw_m_hair009,41245
dw_f_hair040,41244
10000 루루의 주머니,41243
5000 루루의 주머니,41242
1000 루루의 주머니,41241
dw_m_hair039,41240
Owl Post Uniform: Casual,41239
dw_m_beard008,41238
Imprinting Stone,41237
10-Day Scarlet Wand Earring,41236
5-Day Scarlet Wand Earring,41235
1-Day Scarlet Wand Earring,41234
Toy Lantern,41233
Crimson Luck Crate,41232
Wrapped Narayana Squire,41231
Princess Greeniette Costume,41230
Bubbling Energy,41229
Liquid Fame,41228
Blue Salt Booster,41227
Halcyona Griffin Hormone,41226
Lucky Libation,41225
Adder Oil,41224
Pure Determination,41223
청동빛 우승 기념패,41221
백은빛 우승 기념패,41220
황금빛 우승 기념패,41219
Farmhouse Door,41218
Yellow Yata Lantern,41216
Blue Yata Lantern,41215
Green Yata Lantern,41214
Red Yata Lantern,41213
Small Yellow Yata Lantern,41212
Small Blue Yata Lantern,41211
Small Green Yata Lantern,41210
Small Red Yata Lantern,41209
50-Slot Rangora's Trove,41208
Sky Lantern,41207
Glimmershine Essence,41206
Springsong Greenman Suit,41205
Farm Freighter Upgrade Ticket,41204
Blue Salt Origins,41203
February Birthstone: Boat Horn Constellation,41202
사랑의 달력 꾸러미,41201
아키에이지 달력 교환권,41200
Wagon Upgrade Pack,41199
Narayana Squire,41198
Advanced Wyvern Legguards,41197
Advanced Wyvern Helm,41196
Advanced Wyvern Saddle,41195
Basic Wyvern Saddle,41194
아키에이지 주화 상자,41193
Small Owl Plushie,41192
Crest Owl Plushie,41191
Crest Large Owl Plushie,41190
Small Crest Yata Plushie,41189
Crest Yata Plushie,41188
Large Crest Yata Plushie,41187
Monkey Rug,41186
Monkey Chair,41185
Decorative Fortune Pipe,41184
Fortune Pipe,41183
Prince Yateo Costume,41182
Unidentified Millionaire's Chest,41180
Wrapped Shadow Daru Costume,41179
Wrapped Birch Treehouse Design,41178
Lucid Refined Lunagem Crate,41177
Wrapped Resplendent Weapon Regrade Scroll,41176
반짝반짝 행운석 상자,41175
Wrapped Accessory Regrade Scroll,41174
Wrapped Armor Regrade Scroll,41173
Wrapped Weapon Regrade Scroll,41172
Wrapped Festival Lantern,41171
Scroll: Red Rudolph Farm Freighter,41167
Scroll: Rudolph Farm Freighter,41166
Scroll: Yuletide Farm Freighter,41165
Scroll: Red Farm Freighter,41164
Scroll: Farm Freighter,41163
Bloodsky Essence,41162
던전의 학살자 증표,41161
명예를 떨친 자의 증표,41160
성과로 별 모은 그대의 증표,41159
해저 탐험가의 증표,41158
결투의 달인 증표,41157
부지런한 손가락의 증표,41156
모범 납세자의 증표,41155
주부 9단의 증표,41154
Topiary Bundle,41153
Prime Lucky Luna Box,41147
Superior Lucky Luna Box,41146
Basic Lucky Luna Box,41145
Wrapped Crest Cube,41142
야타 쿠션 응모권,41141
야타 목베개 응모권,41140
야타 안마봉 응모권,41139
아키에이지 주화,41138
Guild Name Change Ticket,41137
Shadow Daru Uniform: Combat,41136
wa_m_hair038,41135
Retrieved Box,41134
wa_m_horns009,41128
wa_m_horns008,41127
wa_m_horns007,41126
wa_m_horns006,41125
wa_m_horns005,41124
wa_m_horns004,41123
wa_m_horns003,41122
Aria's Composition #4,41121
Aria's Composition #3,41120
Aria's Composition #2,41119
Aria's Composition #1,41118
Hotspring Pond,41116
Manaprint Shard,41113
Wyvern Tamer,41112
Booster Bundle,41111
Blue Ribbon Reward Chest: Eternal,41110
3rd Anniversary Balloon Pack,41108
3rd Anniversary Balloon Bundle,41107
3rd Anniversary Purple Balloon,41106
3rd Anniversary Navy Ballon,41105
3rd Anniversary Blue Balloon,41104
3rd Anniversary Green Balloon,41103
3rd Anniversary Yellow Balloon,41102
3rd Anniversary Orange Balloon,41101
3rd Anniversary Red Balloon,41100
Anywhere Warehouse,41099
Aria's Phonograph,41098
Decorative Snowflower Pipe,41097
Frozen Snowflower Pipe,41096
40-Slot Rangora's Trove,41095
Three-Sun Cloak,41094
Stardust Flower,41093
Hut Constellation Sapling,41092
Brier Constellation Sapling,41091
Leopard Constellation Sapling,41090
Crown Constellation Sapling,41089
Trident Constellation Sapling,41088
Wand Constellation Sapling,41087
Chariot Constellation Sapling,41086
Blind Eye Constellation Sapling,41085
Unicorn Constellation Sapling,41084
Bugle Constellation Sapling,41083
Boat Horn Constellation Sapling,41082
Grumpytree,41081
Beefy Rice Cake Soup,41080
Monkeys Around Token,41079
New Year Card,41078
New Year Card,41077
Kismet Star Shard,41076
Zodiac Leaf,41075
Bow Constellation Sapling,41074
Magic Tempering Crate,41073
Bound Greater Armor Temper,41072
Bound Greater Weapon Temper,41071
Dread Guard Pack,41070
Dread Steed Lunagem: Magic Attack,41069
Dread Steed Lunagem: Defense,41068
Dread Steed Lunagem: Haste,41067
30-Slot Rangora's Trove,41066
Decorative Winter Maiden's Warmth,41065
Winter Maiden's Warmth,41064
Decorative Beribboned Cupcake,41063
Decorative Cupcake,41062
Decorative Santa Cupcake,41061
Decorative Snowman Cupcake,41060
Beribboned Cupcake Whimsy Hat,41059
Cupcake Whimsy Hat,41058
Santa Cupcake Hat,41057
Snowman Cupcake Hat,41056
Booster Bundle,41055
레비아탄의 분노 증표,41054
에안나의 자비 증표,41053
루키우스의 약속 증표,41052
진의 방황 증표,41051
키프로사의 바람 증표,41050
Territory Contribution,41049
Taris Statue,41048
Oven-Roasted Turkey,41047
Wild Golden Wyvern,41046
Tree Pet's Amber,41045
Sealed Inquisitor's Orb,41044
Combat Manual: Temper,41042
Combat Manual: Flame,41041
Combat Manual: Awaken,41040
Combat Manual: Haste,41039
Empty Canvas,41038
Empty Easel,41037
Boot Box,41036
Bound Nui's Favor,41035
Winter Maiden Boot,41034
Winter Maiden Boot,41033
Break Giftbox,41032
Starbound Conviction Greaves,41031
Dashing Evanescence Breeches,41030
Purehearted Goddess Pants,41029
Brutal Annihilator Helm,41028
Screaming Shadow Fists,41027
Cold Flames Hood,41026
Bandit King,41025
Lifestealer,41024
Nightmare Point,41023
Adventurer's Kraken's Might,41022
Adventurer's Nui's Nova,41021
Adventurer's Jujube Sparkling Wine,41020
Adventurer's Jujube Juice,41019
10k Credit Raffle Ticket,41018
Territoken,41017
Wine Dye,41016
Silver Heart Token,41015
Traderunner Token,41014
Treasure Taker Token,41013
Taste Tester Token,41012
Diamonds Are Forever Token,41011
Terminator Token,41010
House of the Iris Sun Token,41009
Bittersweet Token,41008
Spar-Swagger Token,41007
Songstopper Token,41006
"Cold Hands, Fish Heart Token",41005
Soulpainter Token,41004
Kyprosa's Winter Crate,41003
Kyprosa's Winter Furs: Combat,41002
Bound Worn Costume Crate,41001
Black Reindeer Crate,41000
White Reindeer Crate,40999
Brown Reindeer Crate,40998
Fresh Start Chest,40997
Gratitude Chest,40996
Bound Character Slot Expansion Scroll,40995
Nui's Blessed,40994
Millionaire's Envelope #22,40993
Millionaire's Envelope #21,40992
Millionaire's Envelope #20,40991
Millionaire's Envelope #19,40990
Millionaire's Envelope #18,40989
Millionaire's Envelope #17,40988
Millionaire's Envelope #16,40987
Millionaire's Envelope #15,40986
Millionaire's Envelope #14,40985
Millionaire's Envelope #13,40984
Millionaire's Envelope #12,40983
Millionaire's Envelope #11,40982
Millionaire's Envelope #10,40981
Millionaire's Envelope #9,40980
Millionaire's Envelope #8,40979
Millionaire's Envelope #7,40978
Millionaire's Envelope #6,40977
Millionaire's Envelope #5,40976
Millionaire's Envelope #4,40975
Millionaire's Envelope #3,40974
Millionaire's Envelope #2,40973
Millionaire's Envelope #1,40972
Wrapped Advanced Vocation Supply Box,40971
Wrapped Advanced Combat Supply Box,40970
Dread Guard Katana,40969
Dread Guard Nodachi,40968
Dread Guard Armor: Combat,40967
Elven Spirit,40966
Flirty Maid,40965
Stormwing Thunder,40964
Leomorph Loyalty,40963
Seas of Adventure,40962
Brooding Shadowhawk,40961
Emerald Elk,40960
Feathered Friendship,40959
Diamond on the Shore,40958
Edge of the Abyss,40957
Elven Spirit Sketch,40956
Flirty Maid Sketch,40955
Stormwing Thunder Sketch,40954
Leomorph Loyalty Sketch,40953
Seas of Adventure Sketch,40952
Brooding Shadowhawk Sketch,40951
Emerald Elk Sketch,40950
Feathered Friendship Sketch,40949
Diamond on the Shore Sketch,40948
Edge of the Abyss Sketch,40947
Large Sojung Key,40946
Large Aria Key,40945
Advanced Vocation Supply Box (1/6),40944
Advanced Vocation Supply Box (2/6),40943
Advanced Vocation Supply Box (3/6),40942
Advanced Vocation Supply Box (4/6),40941
Advanced Vocation Supply Box (5/6),40940
Vivid Earth Lunascale: Intercept,40939
Vivid Gale Lunascale: Clash,40938
Advanced Vocation Supply Box,40937
Advanced Combat Supply Box (1/6),40936
Advanced Combat Supply Box (2/6),40935
Advanced Combat Supply Box (3/6),40934
Advanced Combat Supply Box (4/6),40933
Advanced Combat Supply Box (5/6),40932
Advanced Combat Supply Box,40931
Golden Wyvern,40930
Crimson Watch Research Box,40929
Queen's Purse,40928
Chubby Bunny,40927
Chibi Elephant,40926
Daru Newt,40925
Chibi Pumpkin,40924
Chibi Rabbit,40923
Chubby Bunny Sketch,40922
Chibi Elephant Sketch,40921
Daru Newt Sketch,40920
Chibi Pumpkin Sketch,40919
Chibi Rabbit Sketch,40918
Empty Easel,40917
Empty Canvas,40916
Ynys Sacred Calf Meat,40915
Trieste Theatrical Techniques,40914
Daru Priest's Gift,40912
Homecoming Ball Attire: Combat,40910
Secret Taris Weapon,40909
Mistsong Reticule,40908
Beginner's Luck Ticket,40907
Superior Wrathsmite Axe Shard,40904
Wrathsmite Axe Shard,40903
Taris's Soul,40902
tool_독립선언문,40901
Taris Figurine,40900
Robotic Revenge Token,40899
Noble Victor: Divine,40898
Noble Victor: Epic,40897
Noble Victor: Legendary,40896
Noble Victor: Mythic,40895
Noble Victor: Eternal,40894
Radiant Victor: Celestial,40893
Radiant Victor: Divine,40892
Radiant Victor: Epic,40891
Radiant Victor: Legendary,40890
Radiant Victor: Mythic,40889
Superior Wrathsmite Axe,40888
Wrathsmite Axe,40887
Flamespite Bow,40886
Millionaire's Chest,40885
Supreme Stealthfang Shield,40884
Supreme Doomshadow Nodachi,40883
Supreme Wicked Whisper Dagger,40882
Supreme Deadly Elegance Staff,40881
Supreme Stealthfang Spear,40880
1000 Gold Ticket,40879
800 Gold Ticket,40878
700 Gold Ticket,40877
600 Gold Ticket,40876
500 Gold Ticket,40875
400 Gold Ticket,40874
300 Gold Ticket,40873
Millionaire Token,40872
How to be a Millionaire,40871
Mysterious Herb Wine,40870
Tall Stair Ladder,40869
Stair Ladder,40868
Short Stair Ladder,40867
Ladder Design List,40866
Rug Design List,40865
Partition Design List,40864
Sunflower Guardian,40863
Terradark Guardian,40862
Twisted Lava Guardian,40861
Twilight Guardian,40860
Flameforest Guardian,40859
World's Edge Guardian,40858
Ynga's Schematics,40857
Leprechaun's Treasure,40856
Wyvern Egg,40855
Full Kit: Birch Treehouse,40854
Birch Treehouse Design,40853
Springsong Greenman Suit,40850
Itty-Bitty Fairy Sparkle Tree,40849
Translation Manual,40848
Haranyan Ambassador's Letter,40847
Nuian Ambassador's Letter,40846
Ancient Ingot,40842
Kadum's Bark,40841
Brimstone Sabatons Wisp,40840
Brimstone Gauntlets Wisp,40839
Brimstone Greaves Wisp,40838
Brimstone Cuirass Wisp,40837
Brimstone Helm Wisp,40836
Brimstone Boots Wisp,40835
Brimstone Fists Wisp,40834
Brimstone Breeches Wisp,40833
Brimstone Jerkin Wisp,40832
Brimstone Cap Wisp,40831
Brimstone Shoes Wisp,40830
Brimstone Gloves Wisp,40829
Brimstone Pants Wisp,40828
Brimstone Shirt Wisp,40827
Brimstone Hood Wisp,40826
Brimstone Shield Wisp,40825
Brimstone Flute Wisp,40824
Brimstone Lute Wisp,40823
Brimstone Bow Wisp,40822
Brimstone Staff Wisp,40821
Brimstone Scepter Wisp,40820
Brimstone Longspear Wisp,40819
Brimstone Shortspear Wisp,40818
Brimstone Greatclub Wisp,40817
Brimstone Club Wisp,40816
Brimstone Greataxe Wisp,40815
Brimstone Axe Wisp,40814
Brimstone Nodachi Wisp,40813
Brimstone Katana Wisp,40812
Brimstone Greatsword Wisp,40811
Brimstone Sword Wisp,40810
Brimstone Dagger Wisp,40809
Cloaked Brimstone Sabatons,40808
Cloaked Brimstone Gauntlets,40807
Cloaked Brimstone Greaves,40806
Cloaked Brimstone Cuirass,40805
Cloaked Brimstone Helm,40804
Cloaked Brimstone Boots,40803
Cloaked Brimstone Fists,40802
Cloaked Brimstone Breeches,40801
Cloaked Brimstone Jerkin,40800
Cloaked Brimstone Cap,40799
Cloaked Brimstone Shoes,40798
Cloaked Brimstone Gloves,40797
Cloaked Brimstone Pants,40796
Cloaked Brimstone Shirt,40795
Cloaked Brimstone Hood,40794
Cloaked Brimstone Shield,40793
Cloaked Brimstone Flute,40792
Cloaked Brimstone Lute,40791
Cloaked Brimstone Bow,40790
Cloaked Brimstone Staff,40789
Cloaked Brimstone Scepter,40788
Cloaked Brimstone Longspear,40787
Cloaked Brimstone Shortspear,40786
Cloaked Brimstone Greatclub,40785
Cloaked Brimstone Club,40784
Cloaked Brimstone Greataxe,40783
Cloaked Brimstone Axe,40782
Cloaked Brimstone Nodachi,40781
Cloaked Brimstone Katana,40780
Cloaked Brimstone Greatsword,40779
Cloaked Brimstone Sword,40778
Cloaked Brimstone Dagger,40777
Umbrella Emote,40776
Fan Emote,40775
Read Emote,40774
Drink Emote,40773
Solemn Emote,40772
Think Emote,40771
Break Time Emote,40770
Guard Emote,40769
Mop Emote,40768
Chop Emote,40767
Sit Straight Emote,40766
Tinker Emote,40765
Hammer Emote,40764
Wipe Emote,40763
Shovel Emote,40762
Dance: Smokin' Waves,40761
Drunk Emote,40757
Wait Emote,40756
Sick Emote,40755
Cower Emote,40754
Hide Tears Emote,40753
Disapprove Emote,40752
Sweep Emote,40751
Simper Emote,40750
Grumble Emote,40749
Nervous Emote,40748
Archer Emote,40747
Stagger Emote,40746
Territory Memory Ember,40745
Guild Oath Ribbon: Eanna,40744
Guild Oath Ribbon: Kyprosa,40743
Guild Oath Ribbon: Lucius,40742
Guild Oath Ribbon: Inoch,40741
Guild Oath Ribbon: Naima,40740
Guild Oath Ribbon: Ollo,40739
Guild Oath Ribbon: Aranzeb,40738
Winter Maiden Boot,40737
Wrathsmite Armor Shard,40736
Vibrant Greenman Buff,40735
Evergreen Yata Buff,40734
20-Slot Rangora's Trove,40733
3-Tier Autumn Lore Bookshelf,40732
2-Tier Autumn Lore Bookshelf,40731
3-Tier Autumn Lore Bookshelf,40730
2-Tier Autumn Lore Bookshelf,40729
Royal Seal,40728
Royal Seal Design,40727
Itty-Bitty Glittergreen,40725
Fairy Sparkle Tree,40724
Starbright Holiday Tree,40723
Candy Cane Post,40722
Starpop Post,40721
Snowflake Star,40720
Prancing Candy Canedeer,40719
Crimson Watch Tribute,40718
Candy Canedeer,40717
Prancing Glowing Candy Canedeer,40716
Glowing Candy Canedeer,40715
Golden Snowflake Garland,40714
Candy Cane Fence,40713
Winter Maiden Wreath,40712
White Holiday Lights,40711
Green and Red Holiday Lights,40710
Red Holiday Lights,40709
Green Holiday Lights,40708
White and Blue Holiday Lights,40707
Blue Holiday Lights,40706
Multi-Color Holiday Lights,40705
Peppermint 9,40704
Peppermint 8,40703
Peppermint 7,40702
Peppermint 6,40701
Peppermint 5,40700
Peppermint 4,40699
Peppermint 3,40698
Peppermint 2,40697
Peppermint 1,40696
Contribution Reward,40695
Peppermint 0,40694
A_test2,40693
A_test,40692
October Birthstone: Bow Constellation,40691
Firespeaker Storybook,40690
Mountcaller Storybook,40689
Airseer Storybook,40688
Illion Sabatons,40687
Illion Sabatons,40686
Illion Sabatons,40685
Illion Sabatons,40684
Illion Gauntlets,40683
Illion Gauntlets,40682
Illion Gauntlets,40681
Illion Gauntlets,40680
Illion Greaves,40679
Illion Greaves,40678
Illion Greaves,40677
Illion Greaves,40676
Illion Cuirass,40675
Illion Cuirass,40674
Illion Cuirass,40673
Illion Cuirass,40672
Illion Helm,40671
Illion Helm,40670
Illion Helm,40669
Illion Helm,40668
Mahra Tali Boots,40667
Mahra Tali Boots,40666
Mahra Tali Boots,40665
Mahra Tali Boots,40664
Mahra Tali Fists,40663
Mahra Tali Fists,40662
Mahra Tali Fists,40661
Mahra Tali Fists,40660
Mahra Tali Breeches,40659
Mahra Tali Breeches,40658
Mahra Tali Breeches,40657
Mahra Tali Breeches,40656
Mahra Tali Jerkin,40655
Mahra Tali Jerkin,40654
Mahra Tali Jerkin,40653
Mahra Tali Jerkin,40652
Mahra Tali Cap,40651
Mahra Tali Cap,40650
Mahra Tali Cap,40649
Mahra Tali Cap,40648
Ehnoïr Shoes,40647
Ehnoïr Shoes,40646
Ehnoïr Shoes,40645
Ehnoïr Shoes,40644
Ehnoïr Gloves,40643
Ehnoïr Gloves,40642
Ehnoïr Gloves,40641
Ehnoïr Gloves,40640
Ehnoïr Pants,40639
Ehnoïr Pants,40638
Ehnoïr Pants,40637
Ehnoïr Pants,40636
Ehnoïr Shirt,40635
Ehnoïr Shirt,40634
Ehnoïr Shirt,40633
Ehnoïr Shirt,40632
Ehnoïr Hood,40631
Ehnoïr Hood,40630
Ehnoïr Hood,40629
Ehnoïr Hood,40628
Widowshroud,40627
Widowshroud,40626
Wayfaring Master,40625
Wayfaring Master,40624
Enchanting Scroll,40623
Enchanting Scroll,40622
Deathfletcher,40621
Deathfletcher,40620
Deathfletcher,40619
Deathfletcher,40618
Lidless Rage,40617
Lidless Rage,40616
Lidless Rage,40615
Lidless Rage,40614
Blind Fate,40613
Blind Fate,40612
Jade Despair,40611
Jade Despair,40610
Stormhunter,40609
Stormhunter,40608
Stormhunter,40607
Stormhunter,40606
Fatesealer,40605
Fatesealer,40604
Fatesealer,40603
Fatesealer,40602
Nui's Devotion,40601
Nui's Devotion,40600
Nui's Devotion,40599
Nui's Devotion,40598
Nui's Dawn,40597
Nui's Dawn,40596
Nui's Dawn,40595
Nui's Dawn,40594
Warlord's Pride,40593
Warlord's Pride,40592
Warden's Justice,40591
Warden's Justice,40590
Razor Visage,40589
Razor Visage,40588
Razor Visage,40587
Razor Visage,40586
Moonsong Razor,40585
Moonsong Razor,40584
Moonsong Razor,40583
Moonsong Razor,40582
Kingsbane,40581
Kingsbane,40580
Endless Thirst,40579
Endless Thirst,40578
Endless Thirst,40577
Endless Thirst,40576
Insanity Point,40575
Insanity Point,40574
Assassin's Secret,40573
Assassin's Secret,40572
Luxury Construction Materials,40571
Advanced Construction Materials,40570
Basic Construction Materials,40569
Territory Capital: Palace Design,40568
Territory Capital: Castle Design,40567
Peppermint Z,40566
Peppermint Y,40565
Peppermint X,40564
Peppermint W,40563
Peppermint V,40562
Peppermint U,40561
Peppermint T,40560
Peppermint S,40559
Peppermint R,40558
Peppermint Q,40557
Peppermint P,40556
Peppermint O,40555
Peppermint N,40554
Peppermint M,40553
Peppermint L,40552
Peppermint K,40551
Peppermint J,40550
Peppermint I,40549
Peppermint H,40548
Peppermint G,40547
Peppermint F,40546
Peppermint E,40545
Peppermint D,40544
Peppermint C,40543
Character Slot Expansion Scroll,40542
Peppermint B,40541
Peppermint A,40540
Full Kit: Storage Silo,40539
Storage Silo Design,40538
Marcala Scented Candles,40537
Sungold Thorn Combs,40536
Heedmar Scented Oils,40535
Calmlands Fern Salad,40534
Nuimari Dried Roots,40533
Exeloch Organic Gems,40532
Story-kindling Fire,40531
Firespeaker Storybook,40530
Mountcaller Storybook,40529
Airseer Storybook,40528
tool_11월 밤의 이야기 피리,40527
Brimstone Orb,40525
Bearly-Balanced Armor Crate,40524
Yata-Unity Armor Crate,40523
Auroria Twilight Sapling,40522
Auroria Mineral Water Pump,40521
Customizable Bearly-Balanced Saddle,40520
Bearly-Balanced Legguards,40519
Bearly-Balanced Helm,40518
Customizable Yata-Unity Saddle,40517
Yata-Unity Legguards,40516
Yata-Unity Helm,40515
Inquisitor's Token,40514
Friendmaker Bauble,40513
Noble Promise Shard,40512
Resplendent Friendship Crate,40511
Glider Customization: Golden Wyrmwings,40510
Decorative Autumn Lore Instrument,40509
Autumn Lore Instrument,40508
tool_메탈사제양손둔기,40507
Mirage Bjorne,40506
Glider Companion: Squirrel,40505
Wrapped Inquisitor's Robes: Defense,40504
Wrapped Inquisitor's Robes: Healing,40503
Wrapped Inquisitor's Robes: Magic,40502
Wrapped Inquisitor's Robes: Ranged,40501
Wrapped Inquisitor's Robes: Melee,40500
Expansion Scroll,40494
Homecoming Supply Gift,40493
Special Homecoming Gift,40492
Honorforged Medal,40491
Sealed Archeum Daeier Necklace (Rank 13),40490
Sealed Archeum Daeier Necklace (Rank 12),40489
Sealed Archeum Daeier Necklace (Rank 11),40488
Sealed Archeum Daeier Necklace (Rank 10),40487
Sealed Diamond Daeier Necklace (Rank 9),40486
Sealed Jade Daeier Necklace (Rank 8),40485
Archeum Daeier Necklace (Rank 13),40483
Archeum Daeier Necklace (Rank 12),40482
Archeum Daeier Necklace (Rank 11),40481
Archeum Daeier Necklace (Rank 10),40480
Diamond Daeier Necklace (Rank 9),40479
Jade Daeier Necklace (Rank 8),40478
Amethyst Daeier Necklace (Rank 7),40477
Sealed Nine-Tailed Crate,40476
Golden Ruins Hunter's Safe,40475
Hasla Hunter's Safe,40474
Epic Inquisitor's Rewards,40473
Divine Inquisitor's Rewards,40472
Celestial Inquisitor's Rewards,40471
Unique Inquisitor's Rewards,40470
Pantheon's Judgement Image Item,40469
Pantheon's Punishment Image Item,40468
Sovereign's Crafting Orb,40467
Perinoor Hunter's Safe,40466
Windscour Hunter's Safe,40465
Rookborne Hunter's Safe,40464
Ynystere Hunter's Safe,40463
Silent Forest Hunter's Safe,40462
Villanelle Hunter's Safe,40461
Solis Hunter's Safe,40460
Mahadevi Hunter's Safe,40459
Tigerspine Hunter's Safe,40458
Falcorth Hunter's Safe,40457
Special Post-Owl Delivery,40456
Arcum Iris Hunter's Safe,40455
Karkasse Hunter's Safe,40454
Lucid Refined Lunagem: Aid,40453
Lucid Refined Lunagem: Extreme,40452
Lucid Refined Lunagem: Marksman,40451
Lucid Refined Lunagem: Buffet,40450
Lucid Refined Lunagem: Salvation,40449
Lucid Refined Lunagem: Apex,40448
Lucid Refined Lunagem: Sharpshot,40447
Lucid Refined Lunagem: Strong Blow,40446
Lucid Refined Lunagem: Magic Defense,40445
Lucid Refined Lunagem: Defense,40444
Vivid Refined Lunagem: Aid,40443
Vivid Refined Lunagem: Extreme,40442
Vivid Refined Lunagem: Marksman,40441
Vivid Refined Lunagem: Buffet,40440
Vivid Refined Lunagem: Salvation,40439
Vivid Refined Lunagem: Apex,40438
Vivid Refined Lunagem: Sharpshot,40437
Vivid Refined Lunagem: Strong Blow,40436
Vivid Refined Lunagem: Magic Defense,40435
Vivid Refined Lunagem: Defense,40434
Clear Refined Lunagem: Aid,40433
Clear Refined Lunagem: Extreme,40432
Clear Refined Lunagem: Marksman,40431
Clear Refined Lunagem: Buffet,40430
Clear Refined Lunagem: Salvation,40429
Clear Refined Lunagem: Apex,40428
Clear Refined Lunagem: Sharpshot,40427
Clear Refined Lunagem: Strong Blow,40426
Clear Refined Lunagem: Magic Defense,40425
Clear Refined Lunagem: Defense,40424
Hellswamp Hunter's Safe,40423
Sanddeep Hunter's Safe,40422
Halcyona Hunter's Safe,40421
Cinderstone Hunter's Safe,40420
Two Crowns Hunter's Safe,40419
Marianople Hunter's Safe,40418
White Arden Hunter's Safe,40417
Dewstone Hunter's Safe,40416
Gweonid Hunter's Safe,40415
Lilyut Hunter's Safe,40414
Solzreed Hunter's Safe,40413
Golden Ruins Hunter Token,40412
Hasla Hunter Token,40411
Perinoor Hunter Token,40410
Windscour Hunter Token,40409
Rookborne Hunter Token,40408
Ynystere Hunter Token,40407
Silent Forest Hunter Token,40406
Villanelle Hunter Token,40405
Solis Hunter Token,40404
Mahadevi Hunter Token,40403
Tigerspine Hunter Token,40402
Administrator's Favorite Bundle,40401
Administrator's Special Bundle,40400
Administrator's Bundle,40399
Sovereign's Robes,40398
Falcorth Hunter Token,40397
Arcum Iris Hunter Token,40396
Karkasse Hunter Token,40395
Hellswamp Hunter Token,40394
Sanddeep Hunter Token,40393
Halcyona Hunter Token,40392
Cinderstone Hunter Token,40391
Two Crowns Hunter Token,40390
Marianople Hunter Token,40389
White Arden Hunter Token,40388
Dewstone Hunter Token,40387
Gweonid Hunter Token,40386
Lilyut Hunter Token,40385
Solzreed Hunter Token,40384
Inquisitor's Scriptures,40383
Dread Steed Crate,40382
Dread Guard Bundle,40381
Dread Steed Legguards,40380
Dread Steed Saddle,40379
Dread Steed Helm,40378
Dread Steed,40377
Prime Territory Farm Design,40376
Advanced Territory Farm Design,40375
Sealed Archeum Evernight Necklace (Rank 13),40367
Archeum Evernight Necklace (Rank 13),40366
Blank Territory Work Permit,40365
Frozen Fisherman Token,40362
Homecoming Consumables Crate,40361
Homecoming Warrior's Weapon Crate,40360
Homecoming Warrior's Crate,40359
A Path to Inquisition,40358
Large Dochul Key,40357
Noble Mission: Mistmerrow Battle,40353
Noble Mission: Lusca Awakening,40352
Noble Mission: Grimghast Rift,40351
Noble Mission: Crimson Rift,40350
Inquisitor's Pledge,40349
Orchid Pufferfish Trophy,40348
Onyx Pufferfish Trophy,40347
Lily Pufferfish Trophy,40346
Purple Pufferfish Trophy,40345
Navy Pufferfish Trophy,40344
Lavender Pufferfish Trophy,40343
Leafy Green Pufferfish Trophy,40342
Narcissus Pufferfish Trophy,40341
Orange Pufferfish Trophy,40340
Rosy Pufferfish Trophy,40339
Goddess's Spear,40338
Scaled Pufferfish Pack,40337
Furry Surprise Chest,40336
Regal Ore,40332
dw_f_hair038,40330
dw_f_hair037,40329
dw_f_hair003,40328
Royal Recipe Scroll,40327
Ragged Inquisitor's Robes,40326
Inquisitor's Robes: Defense,40325
Inquisitor's Robes: Healing,40324
Inquisitor's Robes: Magic Attack,40323
Inquisitor's Robes: Ranged Attack,40322
Inquisitor's Robes: Melee Attack,40321
Wrapped Flamedancer,40320
Pumpkin-Headed Crate,40319
Hallowtide Decor Mystery Box,40318
Demon's Kiss Costume: Combat,40317
Territory Construction Medal,40312
December Birthstone: Hut Constellation,40308
November Birthstone: Brier Constellation,40307
Stolen Territory Goods,40306
dw_f_hair004,40305
Seaknight Chest,40304
Haranyan Guardian Chest,40303
Nuian Guardian Chest,40302
공납용 더미 아이템,40301
Classic Service Uniform: Casual,40300
Spotless Service Uniform: Casual,40299
Flamewolves Hoodie: Casual,40298
Crimson Kings Hoodie,40297
Springsong Greenman Suit,40296
Narrow Pumpkin Spiked Fence,40295
Pumpkin Spiked Fence,40294
Pumpkin Spiked Gate,40293
Narrow Goblin-Skin Spiked Fence,40292
Goblin-Skin Spiked Fence,40291
Goblin-Skin Spiked Gate,40290
Pumpkin Streetlamp,40289
Crooked Pumpkin Lantern,40288
Pumpkin Lantern,40287
Goblin-Skin Streetlamp,40286
Crooked Goblin-Skin Lantern,40285
Goblin-Skin Lantern,40284
Wooden Pumpkin Lantern,40283
Bewitching Pumpkin Lantern,40282
Alabaster Silk Crate,40281
Crimson Silk Crate,40280
Midnight Silk Crate,40279
Alabaster Silk Crate,40278
Crimson Silk Crate,40277
Midnight Silk Crate,40276
Lotusmist Costume: Combat,40275
Exeloch Hunting Order,40274
Sungold Hunting Order,40273
Calmlands Hunting Order,40272
Marcala Hunting Order,40271
Heedmar Hunting Order,40270
Nuimari Hunting Order,40269
Sealed Gilt Deathchill Coffin,40268
Gilt Deathchill Coffin,40267
20k Credits,40265
Seasoned Seaknight,40264
Guardian of Haranya Token,40263
Guardian of Nuia Token,40262
Territory Meat,40261
Territory Fruit,40260
Corpse Restraint,40256
Gallant Snowlion-Herder Crate,40246
Gallant Horse-Herder Crate,40245
Gallant Leomorph-Herder Crate,40244
Gallant Elk-Herder Crate,40243
Gallant Snowlion-Herder Token,40242
Gallant Horse-Herder Token,40241
Gallant Leomorph-Herder Token,40240
Gallant Elk-Herder Token,40239
등짐_테스트_haragu,40238
Rangora Mask,40236
Morpheus Mask,40235
Independence Permit,40234
nu_m_hair_common0100w_type1,40233
Declaration of Independence,40232
Collection Breather,40231
Territory Sapling,40230
Lord's Pence,40229
Narcissus Pedestal Illusion,40228
Ever-Charming Exterminator Token,40227
Deadly Despicable Token,40226
*Stardreamer* Token,40225
Ever-Charming Token,40224
Despicable Token,40223
Daydreamer Token,40222
Roaring Lunagem: Magic Defense,40221
Roaring Lunagem: Defense,40220
Roaring Lunagem: Celerity,40219
Kamari Crate,40218
Decorative Ezna Spirit,40217
Ezna Spirit Flute,40216
Ishvaran Contest Decoration,40214
1st Deadly Despicable Token,40213
1st *Stardreamer* Token,40212
1st Ever-Charming Exterminator Token,40211
10-Slot Rangora's Trove,40210
Rangora's Trove,40209
Festival Lantern,40208
ArcheDelivery Lottery Sheet,40207
Royal Fried Seafood Recipe,40206
Knowledge Essence,40205
Knowledge Crystal,40204
Daru Harvest Moon Giftbox,40203
Mirror of Boundaries,40202
Bound War Tiger Armor Box,40201
Original Painting: Gods and Heroes,40200
Wrapped Kamari,40199
Transportation Hub Design,40198
Diplomacy Headquarters Design,40197
Military Headquarters Design,40196
Territory Workshop Design,40195
Sovereign's Vault Design,40194
Territory Warehouse Design,40193
War Tiger Armor Box,40192
Territory Market Design,40191
Territory Farm Design,40190
Territory Capital: Fortress Design,40189
Gods and Heroes Frame,40188
Moon Crasher Token,40187
Noble's Whimsy Costume,40186
Royal Wheat Dough,40185
^Trimmed Royal Tofu|Tofu royal coupé|Vorbereiteter Königlicher Tofu^,40184
Trimmed Royal Seafood,40183
Trimmed Royal Trout,40182
Trimmed Royal Beef,40181
Trimmed Royal Rice,40180
Prepared Fried Seafood Ingredients,40179
Prepared Salad Ingredients,40178
Prepared Stew Ingredients,40177
^Prepared Chicken Soup Ingredients|Ingrédients soupe au poulet prép.|Vorbereitete Zutaten für Hühnersuppe^,40176
^Prepared Porridge Ingredients|Ingrédients pour porridge préparés|Vorbereitete Zutaten für Brei^,40175
Courier Token,40174
Harvest Moon Rice Wine,40173
Harvest Moon Shortbread,40172
Harvest Moon Dumpling,40171
Harvest Moon Pastry,40170
Filling Harvest Moon Taro Soup,40169
Sweet Harvest Moon Rice Wine,40168
Sealed Scroll: Longboard,40167
Wrapped Red Hauler Fusion Certificate,40166
Territory Product,40165
ArcheDelivery Ticket,40164
ArcheDelivery Ticket,40163
ArcheDelivery Ticket,40162
ArcheDelivery Ticket,40161
ArcheDelivery Ticket,40160
ArcheDelivery Ticket,40159
ArcheDelivery Ticket,40158
ArcheDelivery Ticket,40157
ArcheDelivery Ticket,40156
ArcheDelivery Ticket,40155
ArcheDelivery Ticket,40154
ArcheDelivery Ticket,40153
ArcheDelivery Ticket,40152
ArcheDelivery Ticket,40151
Exeloch Goods,40150
Sungold Goods,40149
Calmlands Goods,40148
Marcala Goods,40147
Heedmar Goods,40146
Nuimari Goods,40145
Rajani -> Kamari Ticket,40144
Shayeera -> Kamari Ticket,40143
Kamari -> Rajani Ticket,40142
Kamari -> Shayeera Ticket,40141
Sealed Lucid Lunagem,40140
Sealed Vivid Lunagem,40139
Sealed Clear Lunagem,40138
Tempting Illusion Lute,40137
Large Credit Box,40136
Small Credit Box,40135
30k Credits,40134
500 Credits,40130
Mistsong Reticule,40128
Mistsong Reticule,40127
Mistsong Reticule,40126
Red Salt,40125
Royal Salad Recipe,40124
Royal Stew Recipe,40123
Royal Porridge Recipe,40122
Royal Chicken Soup Recipe,40121
Legendary Royal Recipe,40120
Tiger Pelt,40119
War Tiger Legguards,40118
War Tiger Saddle,40117
War Tiger Helm,40115
ArcheDelivery Gift Pack,40113
^Royal Food Ticket|Ticket de nourriture royale|Königliche Lebensmittelmarke^,40112
Royal Produce Bundle,40111
Royal Shrimp,40110
Royals Clams,40109
^Royal Tofu|Tofu royal|Königlicher Tofu^,40108
Royal Garlic,40107
Royal Herb Bundle,40106
Royal Seafood,40105
Royal Mullet,40104
Royal Beef,40103
Royal Rice,40102
Royal Wheat Flour,40101
Royal Vegetable Bundle,40100
^Royal Spices|Épices royales|Königliche Gewürze^,40099
Royal Carp,40098
Royal Chicken Meat,40097
Strong Garlic,40096
Strong Mugwort,40095
tool_9월축제한손거품기,40094
Ayanad Accessory Scroll,40093
Ayanad Armorsmithing Scroll,40092
Ayanad Weaponsmithing Scroll,40091
Harvest Moon Gift Bundle,40090
Hello Kitty Gift Box,40089
Royal Fried Seafood,40088
^Red Salt Fried Seafood|Fruits de mer fris au sel rouge|Gebratene Rotsalz-Meeresfrüchte^,40087
Celestial Royal Fried Seafood,40086
Epic Royal Fried Seafood,40085
Mythic Royal Fried Seafood,40084
Royal Salad,40083
^Red Salt Salad|Salade au sel rouge|Rotsalz-Salat^,40082
Celestial Royal Salad,40081
Epic Royal Salad,40080
Mythic Royal Salad,40079
Royal Stew,40078
^Red Salt Stew|Ragoût au sel rouge|Rotsalz-Eintopf^,40077
Celestial Royal Stew,40076
Epic Royal Stew,40075
Mythic Royal Stew,40074
Royal Porridge,40073
^Red Salt Porridge|Porridge au sel rouge|Rotsalz-Brei^,40072
Celestial Royal Porridge,40071
Epic Royal Porridge,40070
Mythic Royal Porridge,40069
Royal Chicken Soup,40068
^Red Salt Chicken Soup|Soupe au poulet au sel rouge|Rotsalz-Hühnersuppe^,40067
Celestial Royal Chicken Soup,40066
Epic Royal Chicken Soup,40065
Mythic Royal Chicken Soup,40064
Royal Porridge Ingredients,40063
Balsam Garden Instrument Decor,40062
Balsam Garden Instrument,40061
Scallion Sniper,40060
Great Stromboli Slicer,40059
Pizza Cutter,40058
Great Cornclobberer,40057
Cornclobberer,40056
Mighty Whisk Walloper,40055
Short Whisk Whaler,40054
Long Dinner Fork,40053
Short Salad Fork,40052
Jamspreader Jackknife,40051
Hummus Humiliator,40050
Marmalade Mangler,40049
Croissant Cleaver,40048
Butter Beheader,40047
Iron Skillet,40046
Creative Recipe Notes,40045
Sweet Pomegranate Drink,40041
Bountiful Harvest Moon Box,40038
Aeon Shard,40037
Hello Kitty Plushie,40035
Hello Kitty Vanity,40034
Three Princesses' Letter,40033
Adventurer's Costume,40032
Bound Blue Regrade Charm,40031
Bound Green Regrade Charm,40030
Bound Red Regrade Charm,40029
Bound Yellow Regrade Charm,40028
Bound Blue Regrade Charm,40027
Bound Green Regrade Charm,40026
Bound Resplendent Accessory Regrade Scroll,40025
Resplendent Regrade Crate,40024
Charm Chest,40023
Regrade Crate,40022
Sharp Cooking Knife,40021
Dull Cooking Knife,40020
Marauder's Glider,40019
Ornate Starflower Carpet,40016
Starflower Carpet,40015
Mountain Stripes Carpet,40014
Warm Ruby Carpet,40013
Ornate Bloomvine Rug,40012
Sunset Breeze Rug,40011
Chrysanthemum Blossom Rug,40010
Lace Pattern Rug,40009
Lotus Rug,40008
Small Sunset Rug,40007
Chrysanthemum Bud Rug,40006
Autumn Wildflower Rug,40005
Parrot Mailbox,40004
Rajani,40003
Shayeera,40002
Kamari,40001
Cryptic Lucky Scroll,39999
Inquisitor's Robes: Combat,39998
October Birthstone: Leopard Constellation,39997
Desert Assassin Giftpack,39995
tool_하리하라 깃발,39992
tool_누이아 깃발,39991
Desert Assassin Plate: Combat,39990
Woodland Kitsu Whistle,39988
Midnight Kitsu Whistle,39987
Full Kit: Test,39986
Full Kit: Test,39985
Lucky Crate,39984
Stellar Mystery Chest,39983
Warrior's Unidentified Crate,39982
Sacred Mystery Chest,39981
Galvanizing Crate,39980
Lucky Token,39979
Any-Post Parrot,39978
September Birthstone: Crown Constellation,39977
Petite Animated Crest Frame,39974
Petite Animated Crest Canvas,39973
Decor Limit Increase,39971
Alabaster Perinoor Silks: Combat,39970
Crimson Perinoor Silks: Combat,39969
Midnight Perinoor Silks: Combat,39968
Wrapped Geared Gaslamp Garb,39967
Wrapped Geared Gaslamp Garb: Combat,39966
Honorbold Benevolence Lunafrost,39965
Honorbound Benevolence Lunafrost,39964
Honorhewn Benevolence Lunafrost,39963
Honorbold Confessor's Lunafrost,39962
Honorbound Confessor's Lunafrost,39961
Honorhewn Confessor's Lunafrost,39960
Honorbold Augur's Lunafrost,39959
Honorbound Augur's Lunafrost,39958
Honorhewn Augur's Lunafrost,39957
Honorhewn Patience Lunafrost,39956
Honorhewn Shield-Bearer Lunafrost,39955
Honorhewn Last Line Lunafrost,39954
Honorhewn Warden Lunafrost,39953
Honorbold Sniper's Lunafrost,39952
Honorbold Conqueror's Lunafrost,39951
Honorbold Ruler's Lunafrost,39950
Honorbold Prophet's Lunafrost,39949
Honorbold Guardian's Lunafrost,39948
Honorbold Agility Lunafrost,39947
Honorbold Calm Lunafrost,39946
Honorbold Precision Lunafrost,39945
Honorbold Warrior's Lunafrost,39944
Honorbold Tranquil Lunafrost,39943
Honorbound Sniper's Lunafrost,39942
Honorhewn Sniper's Lunafrost,39941
Honorbound Conqueror's Lunafrost,39940
Honorhewn Conqueror's Lunafrost,39939
Honorbound Ruler's Lunafrost,39938
Honorhewn Ruler's Lunafrost,39937
Honorbound Prophet's Lunafrost,39936
Honorhewn Prophet's Lunafrost,39935
Honorbound Guardian's Lunafrost,39934
Honorhewn Guardian's Lunafrost,39933
Honorbound Agility Lunafrost,39932
Honorhewn Agility Lunafrost,39931
Honorbound Calm Lunafrost,39930
Honorhewn Calm Lunafrost,39929
Honorbound Precision Lunafrost,39928
Honorhewn Precision Lunafrost,39927
Honorbound Blessed Lunafrost,39926
Honorhewn Blessed Lunafrost,39925
Honorbound Warrior's Lunafrost,39924
Honorhewn Warrior's Lunafrost,39923
Honorbound Intuitive Lunafrost,39922
Honorhewn Intuitive Lunafrost,39921
Honorbound Tranquil Lunafrost,39920
Honorhewn Tranquil Lunafrost,39919
Honorbold Experienced Lunafrost,39918
Honorbold Ethereal Lunafrost,39917
Honorbold Focus Lunafrost,39916
Whyspron Pet Legguards,39914
Whyspron Pet Helm,39913
Whyspron Mount Saddle,39912
Geared Gaslamp Garb: Combat,39911
Bound Super Weapon Temper,39908
Sunfish Fry Trophy,39907
Sunfish Trophy,39906
Gargantuan Sunfish Trophy,39905
Pufferfish Trophy,39904
Pirate Faction Base Teleport Scroll,39903
Haranyan Faction Base Teleport Scroll,39902
Nuian Faction Base Teleport Scroll,39901
The Lakespring Clan,39900
Homebound,39899
Ghost of Terena,39898
Epherium Artisan,39897
Delphinad Masquerade,39896
Daru Giftbox,39895
10k Credit Raffle Ticket,39894
30 ArcheLife Raffle Ticket,39892
야타 쿠션 응모권,39891
야타 목베개 응모권,39890
야타 안마봉 응모권,39889
Bound Red Regrade Charm,39888
Bound Yellow Regrade Charm,39887
Bound Blue Regrade Charm,39886
Bound Green Regrade Charm,39885
Rolled Courtesan Painting,39884
Rolled Aria Painting,39883
Rolled Sojung Painting,39882
Rolled Dochul Painting,39881
Full Kit: Midnight Swept-Roof Mansion,39880
Midnight Swept-Roof Mansion Design,39879
Unidentified Earth Lunarite,39875
Unidentified Bright Yellow Lunarite,39874
Unidentified Gale Lunarite,39873
Small Pufferfish Pack,39872
Pufferfish Pack,39871
Gargantuan Pufferfish Pack,39870
Sealed Mistsong Drum,39869
PC방의 신기루 증표,39868
Spinning Crest Canvas,39867
Animated Crest Frame,39866
Animated Crest Canvas,39865
Mane-Morale Snowlion Armor Crate,39864
Anima-Alliance Leomorph Armor Crate,39863
Antler-Accord Elk Armor Crate,39862
Hoof-Harmony Horse Armor Crate,39861
Gallant White Elk Anima,39860
Gallant Violet Elk Anima,39859
Gallant Green Elk Anima,39858
Gallant Buckskin Anima,39857
Gallant Gray Horse Anima,39856
Gallant Brown Horse Anima,39855
Gallant Browntail Anima,39854
Gallant Blacktail Anima,39853
Gallant Whitetail Anima,39852
Gallant Sandmane Anima,39851
Gallant Snowmane Anima,39850
Gallant Coalmane Anima,39849
Large Mistsong Key,39848
Custom Mane-Morale Saddle,39847
Mane-Morale Legguards,39846
Mane-Morale Saddle,39845
Mane-Morale Helm,39844
Custom Anima-Alliance Leomorph Saddle,39843
Anima-Alliance Legguards,39842
Anima-Alliance Saddle,39841
Anima-Alliance Helm,39840
Custom Antler-Accord Saddle,39839
Antler-Accord Legguards,39838
Antler-Accord Saddle,39837
Antler-Accord Helm,39836
Custom Hoof-Harmony Saddle,39835
Hoof-Harmony Legguards,39834
Hoof-Harmony Saddle,39833
Hoof-Harmony Helm,39832
Superior Earth Lunarite: Intercept,39831
Fine Earth Lunarite: Intercept,39830
Earth Lunarite: Intercept,39829
Superior Gale Lunarite: Clash,39828
Fine Gale Lunarite: Clash,39827
Gale Lunarite: Clash,39826
Lucid Gale Lunagem: Clash,39825
Vivid Gale Lunagem: Clash,39824
Clear Gale Lunagem: Clash,39823
Lucid Earth Lunagem: Intercept,39822
Vivid Earth Lunagem: Intercept,39821
Clear Earth Lunagem: Intercept,39820
Battle Station Pillar,39819
Forgotten Dream,39818
Lucky Starpoint Shard,39816
Lucky Moonpoint Shard,39815
Lucky Sunpoint Shard,39814
Carving Kit,39813
Carved Stone Pillar Illusion,39812
Lotus Vase Illusion,39811
Narcissus Pedestal Illusion,39810
Mandala Pedestal Illusion,39809
Winged Megalith Illusion,39808
Mother and Child Statue Illusion,39807
Dean's Research Bundle,39806
Scholar's Research Bundle,39805
Librarian's Research Bundle,39804
Mistsong Grinding Guardian Scroll,39803
Jujube Sparkling Wine,39802
Jujube Juice,39801
Kyrios Krate,39800
Adventurer's Rainbow Pumpkin Taffy,39799
Adventurer's Ancient Library Relic,39798
Adventurer's Kingdom's Heart,39797
Adventurer's Honor Point Safeguard Potion,39796
Guild Pledge,39795
Enchanting Tail,39794
Tempting Tail,39793
Dream Shard,39792
Disciple of Kyrios Token,39791
Prime Stealthfang Shield,39790
Superior Stealthfang Shield,39789
Stealthfang Shield,39788
Lordly Tower Design,39787
Lordly Wall Design,39786
Dochul's Dagger Shard,39785
Aria's Dagger Shard,39784
Sojung's Dagger Shard,39783
Kyrios's Blessing Krate,39782
War Orders,39781
Sunset Portalstone,39780
Mistsong Waist Armor Crate,39779
Mistsong Wrist Armor Crate,39778
Gracious Loser,39777
Gracious Victor,39776
Spring Swept-Roof Mansion Design,39775
Full-Kit: Spring Swept-Roof Mansion,39774
Full-Kit: Haranyan Private Leatherwork Table,39773
Full Kit: Haranyan Private Smelter,39772
Full-Kit: Haranyan Private Sawmill,39771
Full-Kit: Haranyan Private Loom,39770
Full-Kit: Haranyan Private Masonry Table,39769
Haranyan Private Leatherwork Table Design,39768
Haranyan Private Sawmill Design,39767
Haranyan Private Masonry Table Design,39766
Haranyan Private Loom Design,39765
Haranyan Private Smelter Design,39764
Sojung's Cure,39763
Sojung's Cure,39762
Juniper Fishing Rod,39761
Vivid Soulforged Lunagem: Salvation,39760
Healing Cloth Giftpack,39759
Magic Cloth Giftpack,39758
Ranged Leather Giftpack,39757
Melee Leather Giftpack,39756
Defensive Plate Giftpack,39755
Kyrios's Blessing,39754
Bound Earth Lunadrop,39753
Disciple's Melee Ring,39752
Disciple's Melee Earrings,39751
Disciple's Magic Earrings,39750
Disciple's Magic Ring,39749
Vivid Soulforged Lunagem: Breakthrough,39748
Vivid Soulforged Lunagem: Pierce,39747
Vivid Soulforged Lunagem: Magic Defense,39746
Vivid Soulforged Lunagem: Defense,39745
Vivid Soulforged Lunagem: Impenetrable,39744
Vivid Soulforged Lunagem: Aid,39743
Vivid Soulforged Lunagem: Extreme,39742
Vivid Soulforged Lunagem: Buffet,39741
Vivid Soulforged Lunagem: Sharpshot,39740
Vivid Soulforged Lunagem: Strong Blow,39739
Jade Orb,39738
Trapped Soul,39737
Jade Orb Shard,39736
Sunfish Fry Pack,39735
Sunfish Pack,39734
Gargantuan Sunfish Pack,39733
The Lakespring Clan Manuscript,39732
Homebound Manuscript,39731
Ghost of Terena Manuscript,39730
Epherium Artisan Manuscript,39729
Delphinad Masquerade Manuscript,39728
Prime Doomshadow Nodachi,39727
Prime Wicked Whisper Dagger,39726
Prime Deadly Elegance Staff,39725
Prime Stealthfang Spear,39724
Superior Doomshadow Nodachi,39723
Superior Wicked Whisper Dagger,39722
Superior Deadly Elegance Staff,39721
Superior Stealthfang Spear,39720
Doomshadow Nodachi,39719
Wicked Whisper Dagger,39718
Deadly Elegance Staff,39717
Stealthfang Spear,39716
Abyssal Archaeologist Token,39715
Soulmare,39714
Gallant White Elk,39713
Gallant Violet Elk,39712
Gallant Green Elk,39711
Gallant Buckskin Lilyut Horse,39710
Gallant Gray Lilyut Horse,39709
Gallant Brown Lilyut Horse,39708
Gallant Browntail Leomorph,39707
Gallant Blacktail Leomorph,39706
Gallant Whitetail Leomorph,39705
Gallant Sandmane Snowlion,39704
Chrome Sub Design Scrap,39703
Gallant Coalmane Snowlion,39702
Gallant Snowmane Snowlion,39701
Lordly Supplies,39700
Auroran Repair Tool,39699
Full Kit: Advanced Fellowship Plaza,39698
Advanced Fellowship Plaza Design,39697
Full Kit: Aspen Treehouse,39696
Full Kit: Cherry Treehouse,39695
Full Kit: Oak Treehouse,39694
Aspen Treehouse Design,39693
Cherry Treehouse Design,39692
Oak Treehouse Design,39691
Mistborne Iris,39690
Anti-Poison Talisman,39689
Chrome Steamfish Submarine,39688
Vaultstone Shard,39687
Eternal Flame,39686
tool_우산,39685
Mistsong Lotus Wine,39684
Epherium Scholar's Teacup,39683
Epherium Merchant's Teacup,39682
Epherium Floral Bowl,39681
Epherium Pyramid Plate,39680
Epherium Crux Plate,39679
Epherium Crux Bowl,39678
Epherium Floral Jar,39677
Eternal Ayanad Earrings,39676
Eternal Ayanad Ring,39675
Eternal Ayanad Necklace,39674
fe_m_hair042,39671
fe_m_hair039,39670
Soothsayer Earrings,39668
Soothsayer Ring,39667
Soothsayer Necklace,39666
Sorcerer Earrings,39665
Sorcerer Ring,39664
Sorcerer Necklace,39663
Assassin Earrings,39662
Assassin Ring,39661
Assassin Necklace,39660
Berserker Earrings,39659
Berserker Ring,39658
Berserker Necklace,39657
fe_m_hair038,39656
fe_m_hair034,39655
ha_m_hair042,39654
ha_m_hair039,39653
ha_m_hair038,39652
ha_m_hair034,39651
el_m_hair042,39650
el_m_hair039,39649
el_m_hair038,39648
el_m_hair034,39647
Lullaby Pajama Slippers,39645
Lullaby Pajama Mittens,39644
Lullaby Pajama Bottoms,39642
Lullaby Pajama Top,39641
nu_m_hair042,39640
nu_m_hair039,39639
nu_m_hair038,39638
nu_m_hair034,39637
Ancient Literature Cargo Pack,39636
Rare Wine Cargo Pack,39635
Luxury Porcelain Cargo Pack,39634
Ancient Cargo Pack,39633
ha_f_hair039,39632
ha_f_hair038,39631
ha_f_hair037,39630
ha_f_hair034,39629
fe_f_hair039,39628
fe_f_hair038,39627
fe_f_hair037,39626
fe_f_hair034,39625
Merchant's Epherium Porcelain,39622
Epherium Liquor Bottle,39621
Epherium Floral Bottle,39620
el_f_hair039,39619
el_f_hair038,39618
Delphinad Courtesan Mask,39617
el_f_hair037,39616
Delphinad Merchant Mask,39615
Delphinad Royal Mask,39614
Radiant Earth Lunagem: Tempest,39613
el_f_hair034,39612
Delphinad Jester Mask,39611
Rolled Courtesan Painting,39610
Lakespring High Priest's Mask,39609
Lakespring Shaman's Mask,39608
Dwarven Bridge Rail,39607
Epherium Lotus Fence Pillar,39606
nu_f_hair039,39605
nu_f_hair038,39604
nu_f_hair037,39603
nu_f_hair034,39602
Whispering Lute,39601
Terena Noble's Fence Pillar,39600
Epherium Scholar's Tombstone,39599
Epherium Merchant's Tombstone,39598
Terena Noble's Urn,39597
Terena Noble's Censer,39596
Comital Epherium Porcelain,39595
Epherium Gourd Bottle,39594
Lavish Epherium Porcelain,39593
Noble's Epherium Porcelain,39592
Artisan's Epherium Porcelain,39591
Vaultstone,39590
Hello Kitty Costume: Combat,39586
Bound Worn Costume,39585
Battle Fae: Combat,39584
Homecoming Ball Attire: Combat,39583
Wrapped Skywhisper Glider,39582
Wrapped Skywhisper Glider,39581
Mistmerrow Token,39577
Blood Archeum Crystal,39576
100 Credits,39574
Lucky Token Crate,39572
Celestial Kitsu Legguards,39571
Celestial Kitsu Saddle,39570
Celestial Kitsu Helm,39569
Celestial Kitsu,39568
Bruiser's Badge,39567
Scroll: Hello Kitty Roadster,39566
Cloudstrike Panther,39564
직업 저장 확장 인장(test),39562
Skillsaver Crate,39561
Wrapped Skillsaver Pendant,39560
Skillsaver Pendant,39559
Special Pirate Plushie Trove,39558
Full Kit: Amethyst Solarium,39557
Design: Amethyst Solarium,39556
Full Kit: Ruby Solarium,39555
Design: Ruby Solarium,39554
Mendelsson's Sand Statue: Prosperity,39552
Vivalt's Sand Statue: Victory,39551
Water-Logged Treasure Chest,39550
Catching Fire,39549
tool_수박등짐,39548
Small Mistsong Key,39547
Special Propeller,39546
Furry Grand Combat Costume Crate,39545
Elegant Grand Combat Costume Crate,39544
Eccentric Grand Combat Costume Crate,39543
Grand Combat Costume Crate,39542
Wrapped Chimera Ceremonial Uniform,39541
Wrapped Chimera Agent Uniform,39540
Wrapped Chimera Ceremonial Uniform,39539
Wrapped Chimera Agent Uniform,39538
Synthesis Material Crate,39537
Skywhisper Glider Design,39536
10k Credits,39535
Chimera Ceremonial Uniform: Combat,39533
Chimera Agent Uniform: Combat,39532
Worn Costume,39531
Winter Yata Costume: Combat,39529
Autumn Greenman Suit: Combat,39528
True Blue Yata Costume: Combat,39527
Cheerberry Yata Costume: Combat,39526
Bloody Adorable Yata Pirate Costume: Combat,39525
Blackjack Yata Pirate Costume: Combat,39524
Evergreen Suit: Combat,39523
Bloodmaw Eveningwear: Combat,39522
Dazzling Ball Attire: Combat,39521
Purestar Ball Attire: Combat,39520
Classique Ball Attire: Combat,39519
Icekissed Winter Festival Costume: Combat,39518
Poinsettia Winter Festival Costume: Combat,39517
Angelic Whisper: Combat,39516
Devilish Temptation: Combat,39515
Golden Dawn: Combat,39514
Summer Racer's Swimwear: Combat,39513
Beach Racer's Swimwear: Combat,39512
Haranyan Navy Uniform: Combat,39511
Nuian Navy Uniform: Combat,39510
Spotless Shore Leave Outfit: Combat,39509
Rowdy Shore Leave Outfit: Combat,39508
Shining Shore Leave Outfit: Combat,39507
Auroran Navy Uniform: Combat,39506
Denim Mecha Coveralls: Combat,39505
Scarlet Mecha Coveralls: Combat,39504
Rags of the Spoonlord: Combat,39503
Royal's Disguise: Combat,39502
Naval Service Uniform: Combat,39501
Prim Service Uniform: Combat,39500
Classic Service Uniform: Combat,39499
Spotless Service Uniform: Combat,39498
Pure Memories: Combat,39497
Precious Memories: Combat,39496
Eternal Memories: Combat,39495
Resplendent Memories: Combat,39494
Prisoner's Pride: Combat,39493
Tomb-Bound Wraps: Combat,39492
Northern Legion Uniform: Combat,39491
Champion's Might: Combat,39490
Nightraven Robes: Combat,39489
Lucky New Year Activewear: Combat,39488
Pure New Year Activewear: Combat,39487
Icefall Dynasty Robes: Combat,39486
Blood Dream Dynasty Robes: Combat,39485
Dragon Cultist Duster: Combat,39484
Haughty Duelist Costume: Combat,39483
Arrogant Duelist Costume: Combat,39482
Oathbreaker Plate: Combat,39481
Oathbound Plate: Combat,39480
Ebongleam Dynasty Robes: Combat,39479
Winter Yata Costume: Combat,39478
Autumn Greenman Suit: Combat,39477
True Blue Yata Costume: Combat,39476
Cheerberry Yata Costume: Combat,39475
Haranyan Navy Uniform: Combat,39474
Nuian Navy Uniform: Combat,39473
Spotless Shore Leave Outfit: Combat,39472
Rowdy Shore Leave Outfit: Combat,39471
Shining Shore Leave Outfit: Combat,39470
Auroran Navy Uniform: Combat,39469
Denim Mecha Coveralls: Combat,39468
Scarlet Mecha Coveralls: Combat,39467
Rags of the Spoonlord: Combat,39466
Royal's Disguise: Combat,39465
Dazzling Ball Attire: Combat,39464
Purestar Ball Attire: Combat,39463
Classique Ball Attire: Combat,39462
Champion's Might: Combat,39461
Nightraven Robes: Combat,39460
Vaughn's Handcrafted Beer,39459
Cutie Patootie Token,39458
Faction Materials Pack,39457
Watermelon Sack,39456
Baked Chicken,39454
Mendelsson's Sand Sculpture: Peace,39453
Vivalt's Sand Sculpture: Protection,39452
Crest Umbrella,39451
Watermelon Umbrella,39450
Beach Umbrella,39449
Summer Breeze Lounger,39448
Decorative Silver Oasis Lute,39447
Decorative Windcreek Lute,39446
Watermelon Decor,39445
Scroll: Mango Barrel,39444
Watermelon Swimwear,39443
Rookborne Mountains Teleport Scroll,39442
Bound Supply Box,39441
Silver Oasis Lute,39440
Windcreek Lute,39439
Expert Checkpoint Flag,39438
wa_f_horns002,39432
wa_f_horns001,39431
Kitty Vanity,39430
wa_m_horns002,39429
wa_m_horns001,39428
tool_아리아의 비파,39426
Full Kit Demolition Certificate,39425
Serendipity Stone,39424
Flamedancer,39423
Mistracer,39422
만물루루의 인증서,39420
만물루루의 인증서,39419
만물루루의 인증서,39418
Wrapped Vaughn's Massive Hammer,39417
만물루루의 인증서,39415
Wrapped Steel Lightning,39414
Bound Steel Lightning Armor Crate,39413
Steel Lightning Armor Crate,39412
Hanure Anima,39409
Vaughn's Massive Hammer,39408
5k Credits Raffle Ticket,39407
test_blue_package,39406
August Birthstone: Trident Constellation,39405
July Birthstone: Wand Constellation,39404
test_blue_wing,39403
5000 Credits,39400
4000 Credits,39399
3000 Credits,39398
2000 Credits,39397
1000 Credits,39396
Blossom Perinoor Cottons,39395
Snowbright Perinoor Cottons,39394
Midnight Perinoor Cottons,39393
Full Kit: Tudor Rose Villa,39392
Tudor Rose Villa Design,39391
Scroll: Battle Station,39390
Glider Companion: Panda,39389
루루의 증표,39388
루루의 상자,39387
Waterlogged Corpse,39386
Scroll: Resurrection (3 days),39384
Scroll: Resurrection (7 days),39383
Scroll: Resurrection (30 days),39382
Scroll: Resurrection (1 day),39381
Delphinad Ghost Ship Stone Slab,39379
Cosmic Axis Pioneer Token,39378
Bard Event,39376
Wrapped Lavaspark,39375
Lv1 Worldbuilder Supply Crate,39374
Lv1 Worldbuilder Supply Crate,39373
Lv1 Worldbuilder Supply Crate,39372
Lv1 Worldbuilder Supply Crate,39371
Lv1 Worldbuilder Supply Crate,39370
Lv1 Worldbuilder Supply Crate,39369
Axis Mundi Pioneer Token,39368
Steel Lightning Legguards,39367
Steel Lightning Saddle,39366
Steel Lightning Helm,39365
Steel Lightning,39364
Autumn Greenman Plushie Pet,39363
Wrapped Moby Drake,39362
Blue Diamond Giftpack,39361
Carrot-Captor Legguards,39358
Carrot-Captor Saddle,39357
Carrot-Captor Helm,39356
제이크 인형 머그컵 응모권,39355
Colordaze Swimwear,39353
Zebra Splash Swimwear,39352
Minty Fresh Swimwear,39351
Croc Scale Swimwear,39350
Leopard Purr Swimwear,39349
Breezy Floral Swimwear,39348
Neon Dot Swimwear,39347
Sunstripe Swimwear,39346
Flashy Polka Dot Swimwear,39345
Sun-bleached Swimwear,39344
Black Pearl Swimwear,39343
Suede Swimwear,39342
Indigogo Dancer Swimwear,39341
Kiwi Splash Swimwear,39340
Fiery Swimwear,39339
Bubblegum Swimwear,39338
Bound Blue Regrade Charm,39336
Bound Green Regrade Charm,39335
Daru Giftbox,39334
10K Credits Raffle Ticket,39333
30 ArcheLife Raffle Ticket,39332
캡슐 커피 머신 응모권,39331
LED 모니터 응모권,39330
디지털카메라 응모권,39329
아이패드 미니3 응모권,39328
Greater Dungeon Raffle Ticket,39327
Bulky Obsidian Supply Chest,39326
Obsidian Supply Chest,39325
tool_부채,39324
Greater Armor Temper,39321
Greater Weapon Temper,39320
Weapon Temper,39319
Super Weapon Temper,39318
Skywhisper Glider,39317
Lost Garden Faded Weapon,39316
Loyalty Token,39314
Auroria Dulcet Vitalism Shoes,39313
Auroria Dulcet Vitalism Pants,39312
Auroria Dulcet Vitalism Gloves,39311
Auroria Dulcet Vitalism Sleeves,39310
Auroria Dulcet Vitalism Sash,39309
Auroria Dulcet Vitalism Shirt,39308
Auroria Dulcet Vitalism Cap,39307
Auroria Wistful Songcraft Shoes,39299
Auroria Wistful Songcraft Pants,39298
Auroria Wistful Songcraft Gloves,39297
Auroria Wistful Songcraft Sleeves,39296
Auroria Wistful Songcraft Sash,39295
Auroria Wistful Songcraft Shirt,39294
Auroria Wistful Songcraft Hood,39293
Auroria Songcraft Shoes,39292
Auroria Songcraft Pants,39291
Auroria Songcraft Gloves,39290
Auroria Songcraft Sleeves,39289
Auroria Songcraft Sash,39288
Auroria Songcraft Shirt,39287
Auroria Songcraft Hood,39286
Auroria Devious Shadowplay Boots,39285
Auroria Devious Shadowplay Breeches,39284
Auroria Devious Shadowplay Fists,39283
Auroria Devious Shadowplay Guards,39282
Auroria Devious Shadowplay Belt,39281
Auroria Devious Shadowplay Jerkin,39280
Auroria Devious Shadowplay Cap,39279
Auroria Noble Sorcery Sabatons,39271
Auroria Noble Sorcery Greaves,39270
Auroria Noble Sorcery Gauntlets,39269
Auroria Noble Sorcery Vambraces,39268
Auroria Noble Sorcery Tassets,39267
Auroria Noble Sorcery Cuirass,39266
Auroria Noble Sorcery Helm,39265
Auroria Wildborn Archery Boots,39257
Auroria Wildborn Archery Breeches,39256
Auroria Wildborn Archery Fists,39255
Auroria Wildborn Archery Guards,39254
Auroria Wildborn Archery Belt,39253
Auroria Wildborn Archery Jerkin,39252
Auroria Wildborn Archery Cap,39251
Ayanad Flaming Hatchetblade Cloak,39247
Ayanad Hatchetblade Cloak,39246
Ayanad Flaming Arrowflash Cloak,39245
Ayanad Arrowflash Cloak,39244
Auroria Haunted Occultism Sabatons,39243
Auroria Haunted Occultism Greaves,39242
Auroria Haunted Occultism Gauntlets,39241
Auroria Haunted Occultism Vambraces,39240
Auroria Haunted Occultism Tassets,39239
Auroria Haunted Occultism Cuirass,39238
Auroria Haunted Occultism Helm,39237
Enchanting Melody Sash,39236
Enchanting Melody Sleeves,39235
Enchanting Melody Shoes,39234
Enchanting Melody Gloves,39233
Enchanting Melody Pants,39232
Enchanting Melody Shirt,39231
Enchanting Melody Hood,39230
Auroria Precise Auramancy Shoes,39229
Auroria Precise Auramancy Pants,39228
Auroria Precise Auramancy Gloves,39227
Auroria Precise Auramancy Sleeves,39226
Auroria Precise Auramancy Sash,39225
Auroria Precise Auramancy Shirt,39224
Auroria Precise Auramancy Hood,39223
Tempting Melody Sash,39222
Tempting Melody Sleeves,39221
Tempting Melody Shoes,39220
Tempting Melody Gloves,39219
Tempting Melody Pants,39218
Tempting Melody Shirt,39217
Tempting Melody Hood,39216
Auroria Eternal Defense Boots,39215
Auroria Eternal Defense Breeches,39214
Auroria Eternal Defense Fists,39213
Auroria Eternal Defense Guards,39212
Auroria Eternal Defense Belt,39211
Auroria Eternal Defense Jerkin,39210
Auroria Eternal Defense Cap,39209
Talisman Belt,39208
Talisman Guards,39207
Talisman Boots,39206
Talisman Fists,39205
Talisman Breeches,39204
Talisman Jerkin,39203
Talisman Cap,39202
Auroria Cruel Witchcraft Shoes,39201
Auroria Cruel Witchcraft Pants,39200
Auroria Cruel Witchcraft Gloves,39199
Auroria Cruel Witchcraft Sleeves,39198
Auroria Cruel Witchcraft Sash,39197
Auroria Cruel Witchcraft Shirt,39196
Auroria Cruel Witchcraft Hood,39195
Hexbane Tassets,39194
Hexbane Vambraces,39193
Hexbane Sabatons,39192
Hexbane Gauntlets,39191
Hexbane Greaves,39190
Hexbane Cuirass,39189
Hexbane Helm,39188
Auroria Lorn Battlerage Boots,39187
Auroria Lorn Battlerage Breeches,39186
Auroria Lorn Battlerage Gloves,39185
Auroria Lorn Battlerage Guards,39184
Auroria Lorn Battlerage Belt,39183
Auroria Lorn Battlerage Jerkin,39182
Auroria Lorn Battlerage Cap,39181
Ayanad Flaming Bastion Cloak,39180
Ayanad Bastion Cloak,39179
Ayanad Flaming Twintail Cloak,39178
Ayanad Twintail Cloak,39177
Ayanad Flaming Windsong Cloak,39176
Ayanad Windsong Cloak,39175
tool_울림 현악기,39173
^Shining Blue Marlin Pack|Paquet de makaire bleu brillant|Glänzender Blauer-Marlin-Paket^,39171
Shining Sailfish Pack,39170
Shining Bluefin Pack,39169
Shining Sturgeon Pack,39168
Faint Sacred Echo,39167
Ynys Isle Gemstone,39166
Arcane Desire,39164
Loyalty Gift Box,39163
Loyalty Gift Box,39162
Loyalty Gift Box,39161
Net Cafe Support Box,39160
Tortured Artist Token,39156
나무집 테스트 44,39150
Kidella Ring,39149
Cursed Kidella Ring,39148
Ynys Guardian Ring,39147
Holy Ynys Guardian Ring,39146
Chronofeather,39145
Chronomage's Parchment,39144
Lost Garden Faded Flute,39143
Lost Garden Faded Shield,39142
Lost Garden Faded Bow,39141
Lost Garden Faded Longspear,39140
Lost Garden Faded Shortspear,39139
Lost Garden Faded Staff,39138
Lost Garden Faded Scepter,39137
Lost Garden Faded Greatclub,39136
Lost Garden Faded Club,39135
Lost Garden Faded Greataxe,39134
Lost Garden Faded Katana,39133
Lost Garden Faded Dagger,39132
Lost Garden Faded Axe,39131
Lost Garden Faded Greatsword,39130
Lost Garden Faded Nodachi,39129
Lost Garden Faded Sword,39128
Login Giftbox,39127
Login Gift Trinket,39126
Login Gift Jewel,39125
Login Gift Crystal,39124
girlheart02_cloth001,39121
girlheart01_cloth001,39120
girlheart02_hair01,39119
girlheart02_face01,39118
girlheart01_face01,39117
girlheart01_hair01,39116
Loyalty Token Bundles,39115
Fireworks Decor,39114
Fortified Pickaxe,39113
Fortified Pickaxe,39112
Fortified Pickaxe,39111
Fortified Pickaxe,39110
Fortified Pickaxe 2,39109
Fortified Pickaxe 2,39108
Fortified Pickaxe 2,39107
Fortified Pickaxe 2,39106
tool_우산,39105
Guild Medallion,39104
Duun's Blessing,39103
Silver Regrade Charm,39102
Temporary Epherium Windsong Cloak,39101
Bound Pet Accessory Regrade Scroll,39100
Bound Ship Component Regrade Scroll,39099
Wraithsong Piano,39098
Bound Accessory Regrade Scroll,39097
Adventurer's Mossy Pool,39096
Adventurer's Desert Fire,39095
Adventurer's Tangy Liquor,39094
Adventurer's Tangy Soda,39093
The Kidella Ring,39090
Stone Orb,39089
The Kidella Ring Manuscript,39088
Haranyan Alliance Wall Energy,39087
Nuian Alliance Wall Energy,39086
Prime Tenacious Giftbox,39085
Superior Tenacious Giftbox,39083
Tenacious Giftbox,39082
Haranyan Alliance Bridge Energy,39081
Nuian Alliance Bridge Energy,39080
Auroran Synthesis Stone,39079
Auroran Synthesis Shard,39078
Armored Wavewyrm Costume,39077
Abyssal Wavewyrm Costume,39076
Coral Wavewyrm Costume,39075
Ivory Wavewyrm Costume,39074
Vivid Earth Lunascale: Mastery,39072
Vivid Gale Lunascale: Breakthrough,39071
Vivid Gale Lunascale: Pierce,39070
Vivid Gale Lunascale: Torrent,39069
Vivid Gale Lunascale: Tempest,39068
Vivid Gale Lunascale: Solace,39067
Vivid Gale Lunascale: Overpower,39066
Vivid Gale Lunascale: Consolation,39065
Vivid Gale Lunascale: Aggro,39064
Vivid Earth Lunascale: Impenetrable,39063
Vivid Earth Lunascale: Celerity,39062
Vivid Earth Lunascale: Esoteric,39061
Vivid Earth Lunascale: Finesse,39060
Vivid Earth Lunascale: Vitality,39059
Lucid Earth Lunagem: Tempest,39058
Vivid Earth Lunagem: Tempest,39057
Clear Earth Lunagem: Tempest,39056
Pioneer Earrings,39055
Hardy Warrior's Vambraces,39054
Hardy Warrior's Guards,39053
Hardy Warrior's Sleeves,39052
Heartless Warrior's Vambraces,39051
Heartless Warrior's Guards,39050
Heartless Warrior's Sleeves,39049
Design: Andelph Typhoon Rudder,39048
Design: Andelph Seastorm Rudder,39047
Design: Andelph Mistral Rudder,39046
Design: Andelph Seabreeze Rudder,39045
Design: Sirensong Typhoon Rudder,39044
Design: Sirensong Seastorm Rudder,39043
Design: Sirensong Mistral Rudder,39042
Design: Sirensong Seabreeze Rudder,39041
Design: Sirensong Seabreeze Rudder,39040
Pirate's Archeum Bundle,39038
Guild Flare,39037
TESTCOSPLAYAUCTION,39036
Pioneer's Archeum Bundle,39035
Andelph Typhoon Rudder,39034
Andelph Seastorm Rudder,39033
Andelph Mistral Rudder,39032
Andelph Seabreeze Rudder,39031
Sirensong Typhoon Rudder,39030
Sirensong Seastorm Rudder,39029
Sirensong Mistral Rudder,39028
Sirensong Seabreeze Rudder,39027
Soulmare,39022
Dawnbreak Dove,39021
testauc,39019
Mirage Snowlion,39018
Mirage Lilyut Horse,39017
Mirage Donkey,39016
Eternal Wish Raiment,39014
Small Shadowguard Firecracker,39013
Vivalt's Sketch,39012
Mendelsson's Sketch,39011
"Brown ""Snowlion Snuggles"" Painting",39010
"Pink ""Snowlion Snuggles"" Painting",39009
"Purple ""Snowlion Snuggles"" Painting",39008
"Purple ""Whole Yata Joy"" Painting",39007
"Pink ""Whole Yata Joy"" Painting",39006
"Brown ""Whole Yata Joy"" Painting",39005
100-Slot Pirate Plushie Trove,38997
50-Slot Pirate Plushie Trove,38996
40-Slot Pirate Plushie Trove,38995
30-Slot Pirate Plushie Trove,38994
20-Slot Pirate Plushie Trove,38993
10-Slot Pirate Plushie Trove,38992
Bound Seajoy Banquet Voucher,38991
Hereafter Cake Table,38990
Bashing Bouquet,38989
Housepet Crate,38988
Grand Wolfhound Picture,38987
Grand Elk Picture,38986
Grand Yata Picture,38985
Grand Cat Picture,38984
Large Everbloom Cherry Tree,38983
Small Everbloom Cherry Tree,38982
Cherry Blossom Reflecting Pool,38981
Glider Companion: Squirrel,38980
Crest Tanning Platform,38979
Delphinad Mountain Galoshes,38978
Delphinad Stone Galoshes,38977
Delphinad Ocean Galoshes,38976
Delphinad Lake Galoshes,38975
Delphinad Meadow Galoshes,38974
Delphinad Wave Galoshes,38973
Delphinad Tidal Galoshes,38972
Delphinad Squall Galoshes,38971
Delphinad Gale Galoshes,38970
Delphinad Typhoon Galoshes,38969
Delphinad Lightning Galoshes,38968
Delphinad Flame Galoshes,38967
Delphinad Quake Galoshes,38966
Delphinad Desert Galoshes,38965
Delphinad Earth Galoshes,38964
Delphinad Mountain Chestplate,38963
Delphinad Stone Chestplate,38962
Delphinad Ocean Chestplate,38961
Delphinad Lake Chestplate,38960
Delphinad Meadow Chestplate,38959
Delphinad Wave Chestplate,38958
Delphinad Tidal Chestplate,38957
Delphinad Squall Chestplate,38956
Delphinad Gale Chestplate,38955
Delphinad Typhoon Chestplate,38954
Delphinad Lightning Chestplate,38953
Delphinad Flame Chestplate,38952
Delphinad Quake Chestplate,38951
Delphinad Desert Chestplate,38950
Delphinad Earth Chestplate,38949
Delphinad Mountain Headdress,38948
Delphinad Stone Headdress,38947
Delphinad Ocean Headdress,38946
Delphinad Lake Headdress,38945
Delphinad Meadow Headdress,38944
Delphinad Wave Headdress,38943
Delphinad Tidal Headdress,38942
Delphinad Squall Headdress,38941
Delphinad Gale Headdress,38940
Delphinad Typhoon Headdress,38939
Delphinad Lightning Headdress,38938
Delphinad Flame Headdress,38937
Delphinad Quake Headdress,38936
Delphinad Desert Headdress,38935
Delphinad Earth Headdress,38934
Net Cafe Support Box,38933
Silver Tick-Tock Pack,38932
Golden Tick-Tock Pack,38931
Guardian’s Token,38930
Wrapped Lady Fluffsworth Crate,38928
Wrapped Sir Hoppington Crate,38927
Wrapped Lord Cottontail Crate,38926
Peace Treaty,38925
Beast Lord's Bell,38924
Fortified Pickaxe 2,38923
test_무료 루루,38922
Lucid Archeum Bundle,38921
Clear Archeum Bundle,38920
Fortified Pickaxe,38919
Gilded Chronochest,38918
Divine Chronochest,38917
Meritorious Chronochest,38916
Warrior's Chronochest,38915
Steel Lightning Crate,38914
Chronofeather Ball,38913
Kestrel Net,38912
Captured Painted Falcon Chick,38911
Equipment Box Key,38910
Locked Equipment Box,38909
Bound Golden Teardrop Chest,38908
Bound Lucid Wave Lunagem: Magic Defense,38907
Bound Lucid Wave Lunagem: Defense,38906
Bound Vivid Wave Lunagem: Magic Defense,38905
Bound Vivid Wave Lunagem: Defense,38904
Cruel Sunshadow,38903
Bitter Heavendusk,38902
Brilliant Sunsetter,38901
Sunshadow,38900
Heavendusk,38899
Sunsetter,38898
Crazed Slayer's Vambraces,38897
Crazed Slayer's Tassets,38896
Crazed Slayer's Sabatons,38895
Crazed Slayer's Gauntlets,38894
Crazed Slayer's Greaves,38893
Crazed Slayer's Cuirass,38892
Crazed Slayer's Helm,38891
Crazed Hermit's Guards,38890
Crazed Hermit's Belt,38889
Crazed Hermit's Boots,38888
Crazed Hermit's Fists,38887
Crazed Hermit's Breeches,38886
Crazed Hermit's Jerkin,38885
Crazed Hermit's Cap,38884
Crazed Wizard's Sleeves,38883
Crazed Wizard's Sash,38882
Crazed Wizard's Shoes,38881
Crazed Wizard's Gloves,38880
Crazed Wizard's Pants,38879
Crazed Wizard's Shirt,38878
Crazed Wizard's Hood,38877
Razor Thornwrath Shield,38876
Toxic Sea Serpent's Malice,38875
Bird Feed,38874
Deeply Branded Scepter,38873
Grinding Boneshatter,38872
Relentless Destroyer's Smite,38871
Festering Amputator,38870
Branded Scepter,38869
Boneshatter,38868
Destroyer's Smite,38867
Amputator,38866
Merciless Arterial Staff,38865
Soulless Crimson Canine,38864
Heartless Necromancer's Vision,38863
Nimble Bloodmist Blade,38862
Arterial Staff,38861
Crimson Canine,38860
Necromancer's Vision,38859
Bloodmist Blade,38858
Silver Tick-Tock Legguards,38857
White Blazer Rabbit Saddle,38856
Silver Tick-Tock Top Hat,38855
Heartless Argent's Sabatons,38854
Heartless Argent's Cuirass,38853
Heartless Argent's Greaves,38852
Heartless Disciple's Boots,38851
Heartless Disciple's Breeches,38850
Heartless Disciple's Jerkin,38849
Heartless Monk's Pants,38848
Heartless Monk's Shoes,38847
Heartless Monk's Shirt,38846
Plate Mana Wisp,38845
Leather Mana Wisp,38844
Cloth Mana Wisp,38843
Ring Mana Wisp,38842
Small Jewelry Mana Wisp,38841
Large Jewelry Mana Wisp,38840
Musical Mana Wisp,38839
Two-Hander Wood Mana Wisp,38838
Wooden Mana Wisp,38837
Two-Hander Metal Mana Wisp,38836
One-Hander Metal Mana Wisp,38835
Springscent Coronet,38834
Flamesinger,38833
Sacred Echo,38832
Cherry Blossom Lute,38831
Honorable Leader's Crate,38830
Glorious Leader's Crate,38829
Bronze Hero Statue,38828
Hardy Bruiser's Sabatons,38827
Hardy Bruiser's Greaves,38826
Hardy Bruiser's Cuirass,38825
Andelph Zephyr Rudder,38824
Hardy Highwayman's Breeches,38822
Hardy Highwayman's Boots,38821
Hardy Highwayman's Jerkin,38820
Hardy Thief's Shoes,38819
Hardy Thief's Pants,38818
Hardy Thief's Shirt,38817
Sunstrength Stone,38815
Mistmight Stone,38814
Battle Prize Crate 5,38813
Battle Prize Crate 4,38812
Battle Prize Crate 3,38811
Battle Prize Crate 2,38810
Battle Prize Crate 1,38809
Prize Crate 5,38808
Prize Crate 4,38807
Prize Crate 3,38806
Prize Crate 2,38805
Prize Crate 1,38804
Andelph Fishing Boat Propellant,38803
Shadowguard Fireworks Trade Pack,38802
Snowlion Fur,38801
Silver Hero Statue,38800
Gold Hero Statue,38799
Design: Tower Defense Steamtank,38797
Topiary Leaf,38796
Golden Tick-Tock Legguards,38795
Black Blazer Rabbit Saddle,38794
Golden Tick-Tock Top Hat,38793
Topiary Flowerbed,38792
Topiary Flowerpot,38791
Soulforged Lunagem: Impenetrable,38790
Soulforged Lunagem: Aid,38788
Soulforged Lunagem: Extreme,38787
Soulforged Lunagem: Marksman,38786
Soulforged Lunagem: Buffet,38785
Soulforged Lunagem: Salvation,38784
Soulforged Lunagem: Apex,38783
Soulforged Lunagem: Sharpshot,38782
Soulforged Lunagem: Strong Blow,38781
Faint Archeum Bundle,38778
Large Bullhorn,38777
Mini-Bullhorn,38776
June Birthstone: Chariot Constellation,38775
Topiary Fruit,38774
Topiary Sapling,38772
Lady Fluffsworth,38771
Sir Hoppington,38770
Origin of the Cherry Blossom Festival,38769
Lord Cottontail,38768
Shroudmaster Earring,38767
Shroudmaster Necklace,38766
Shroudmaster Ring,38765
Dreadnaught's Earring,38764
Dreadnaught's Necklace,38763
Dreadnaught's Ring,38762
Hereafter Roses,38761
Ocher Destruction Safeguard,38760
Orange Downgrade Safeguard,38759
Superior White Regrade Charm,38758
White Regrade Charm,38757
Superior Red Regrade Charm,38756
Celestial Regrade Charm,38755
Orange Regrade Charm,38754
Yellow Regrade Charm,38753
Purple Regrade Charm,38752
Life Prize Token,38751
Wave Prize Token,38750
Earth Prize Token,38749
Gale Prize Token,38748
Flame Prize Token,38747
Life Prize Token,38746
Wave Prize Token,38745
Earth Prize Token,38744
Gale Prize Token,38743
Flame Prize Token,38742
Donation Envelope,38741
Empty Envelope,38740
May Birthstone: Blind Eye Constellation,38739
Tame Seabug,38738
Beekeeper Hat,38737
Cherry Rice Wine,38736
Net Cafe Support Box,38734
Net Cafe Support Box,38733
Net Cafe Support Box,38732
Net Cafe Support Box,38731
Net Cafe Support Box,38730
Net Cafe Support Box,38729
Net Cafe Support Box,38728
Net Cafe Support Box,38727
Net Cafe Support Box,38726
Net Cafe Support Box,38725
Net Cafe Support Box,38724
Net Cafe Support Box,38723
ha_m_hair041,38722
ha_m_hair040,38721
fe_m_hair041,38720
fe_m_hair040,38719
el_m_hair041,38718
el_m_hair040,38717
nu_m_hair041,38716
nu_m_hair040,38715
April Birthstone: Unicorn Constellation,38714
Cherry Nectar,38713
Petal,38712
Rice Malt,38711
dw_m_hair041,38710
dw_m_hair040,38709
Superior Grinding Guardian Scroll,38708
Grinding Guardian Scroll,38707
Twisted Warrior's Sleeves,38706
Chronoleash,38705
Young Orange Tabby Housepet,38704
Elk Calf Housepet,38703
Yata Calf Housepet,38702
Young Puppy Housepet,38701
Young Gray Tabby Housepet,38700
Young Calico Housepet,38699
Young Black Cat Housepet,38698
Young Seal-Point Housepet,38697
Faded Mirror of Boundaries,38696
Guild Totem: Parry,38695
Guild Totem: Evasion,38694
Guild Totem: Received Damage Reduction,38693
Guild Totem: Magic Defense,38692
Guild Totem: Physical Defense,38691
Guild Totem: Critical Hit,38690
Guild Totem: Damage,38689
Guild Totem: XP Gain,38688
(개척테스트용)치트,38687
(개척테스트용)치트,38686
Wrapped Vocation Supply Box,38685
Wrapped Combat Supply Box,38684
Delphinad Flaming Hatchetblade Cloak,38683
Epherium Hatchetblade Cloak,38682
Delphinad Hatchetblade Cloak,38681
Delphinad Flaming Arrowflash Cloak,38680
Epherium Arrowflash Cloak,38679
Delphinad Arrowflash Cloak,38678
Delphinad Flaming Bastion Cloak,38677
Epherium Bastion Cloak,38676
Delphinad Bastion Cloak,38675
Delphinad Flaming Twintail Cloak,38674
Epherium Twintail Cloak,38673
Delphinad Twintail Cloak,38672
Delphinad Flaming Windsong Cloak,38671
Epherium Windsong Cloak,38670
Delphinad Windsong Cloak,38669
Vocation Supply Box,38668
Combat Supply Box,38667
Faction Base Guide's Certificate,38666
A Brief Guide to Faction Bases,38665
Guild Ribbon: Eanna,38664
Guild Ribbon: Kyprosa,38663
Guild Ribbon: Lucius,38662
Guild Ribbon: Inoch,38661
Guild Ribbon: Naima,38660
Guild Ribbon: Ollo,38659
Guild Ribbon: Aranzeb,38658
Vocation Guide's Certificate,38655
Combat Guide's Certificate,38654
Classroom Bundle,38653
Combat Scroll: Toughness,38651
Combat Scroll: Resilience,38650
Combat Scroll: Focus,38649
Vocation Guide's Gift Box,38648
Combat Guide's Gift Box,38647
Homecoming Helm,38646
Homecoming Sabatons,38645
Homecoming Greaves,38644
Homecoming Gauntlets,38643
Homecoming Cuirass,38642
Homecoming Hood,38641
Homecoming Shoes,38640
Homecoming Pants,38639
Homecoming Gloves,38638
Homecoming Shirt,38637
Bound Caernord Sea Serpent Propulsion System,38636
Bound Caernord Zephyr Triangular Rig,38635
Homecoming Cap,38634
Homecoming Boots,38633
Homecoming Breeches,38632
Homecoming Fists,38631
Homecoming Jerkin,38630
Homecoming Equipment Box,38629
Homecoming Plate Armor Box,38628
Homecoming Cloth Armor Box,38627
Homecoming Leather Armor Box,38626
Gilda Star Bag,38625
Arche Webtoon Author's Token,38624
Immortal Demon's Heart,38623
Undying Demon's Heart,38622
Demon's Heart,38621
Distorted Chanter's Sash,38620
Distorted Chanter's Sleeves,38619
Distorted Chanter's Shoes,38618
Distorted Chanter's Gloves,38617
Distorted Chanter's Pants,38616
Distorted Chanter's Shirt,38615
Distorted Chanter's Mask,38614
Sirensong Zephyr Rudder,38613
Sirensong Fishing Boat Propellant,38612
Scroll: Moby Drake,38611
Enthusiastic Adventurer's Wings,38610
Enthusiastic Adventurer's Token,38609
Classroom Lockbox,38608
Classroom Lecture Desk,38607
Gray Ghost Rabbit,38606
Homecoming Key,38605
Adventurer's Hearty Soup,38604
Adventurer's Deluxe Sandwich,38603
Bound Superior Tempering Burnish,38602
Bound Armor Regrade Scroll,38601
Bound Weapon Regrade Scroll,38600
Adventurer's Costume,38599
Bound XP Boost Scroll,38598
Enthusiasm Reward (Lv. 55),38597
Enthusiasm Reward (Lv. 54),38596
Enthusiasm Reward (Lv. 53),38595
Enthusiasm Reward (Lv. 52),38594
Enthusiasm Reward (Lv. 51),38593
Enthusiasm Reward (Lv. 50),38592
Enthusiasm Reward (Lv. 40),38591
Enthusiasm Reward (Lv. 30),38590
Enthusiasm Reward (Lv. 20),38589
Enthusiasm Reward (Lv. 10),38588
Destiny's Gift (Lv. 54),38586
Destiny's Gift (Lv. 53),38585
Destiny's Gift (Lv. 52),38584
Destiny's Gift (Lv. 51),38583
Destiny's Gift (Lv. 50),38582
Destiny's Gift (Lv. 40),38581
Destiny's Gift (Lv. 30),38580
Destiny's Gift (Lv. 20),38579
Destiny's Gift (Lv. 10),38578
Homecoming Bow,38577
Homecoming Shield,38576
Homecoming Scepter,38575
Homecoming Club,38574
Homecoming Sword,38573
Homecoming Dagger,38572
A Brief Vocation Guide,38571
A Brief Combat Guide,38570
Welcome Back!,38569
Mornstone,38568
Arched Door Partition,38566
Hatched Door Partition,38565
Tall Columned Partition,38564
Columned Partition,38563
Cottage Stone Partition,38562
Rustic Plank Partition,38560
Ash Stucco Partition,38558
Lattice Door Partition,38557
Mahogany Stucco Partition,38555
fe_f_hair036,38548
fe_f_hair035,38547
ha_f_hair036,38546
ha_f_hair035,38545
el_f_hair036,38544
el_f_hair035,38543
nu_f_hair036,38542
nu_f_hair035,38541
Scroll: Instant Resurrection,38539
[Ancient Dungeon] Powder Keg,38538
Net Cafe Support Box,38537
Net Cafe Support Box,38536
Net Cafe Support Box,38535
Net Cafe Support Box,38534
Net Cafe Support Box,38533
Net Cafe Support Box,38532
Stone Lion's Eye,38531
March Birthstone: Bugle Constellation,38528
Silent Forest Token,38527
Mahadevi Token,38526
Villanelle Token,38525
White Arden Token,38524
Falcorth Plains Token,38523
Calmlands Token,38522
Sungold Fields Token,38521
Exeloch Token,38520
Admin's Handmade Candy,38519
Stylish Underwear Box,38518
Secret Life Lunatear,38517
Secret Wave Lunatear,38516
Secret Earth Lunatear,38515
Secret Gale Lunatear,38514
Secret Fire Lunatear,38513
Hidden Lunabox,38512
Heartfelt Candy,38511
Beastmaster Token,38510
Wooden Pet Bed,38509
Playful Pet Cushion,38508
Cozy Pet Bed,38507
Tufted Pet Tower,38506
Collectible Cutout Box,38505
Li'l Wolfhound Cutout,38504
Li'l Elk Cutout,38503
Li'l Yata Cutout,38502
Li'l Kitten Cutout,38501
Pure Memories,38500
Precious Memories,38499
Eternal Memories,38498
Resplendent Memories,38497
Constellation Jar,38496
Crimson Watch Box,38491
Boxed Exeloch Chocolate,38490
Boxed Calmlands Chocolate,38489
Boxed Falcorth Chocolate,38488
Boxed Sungold Chocolate,38487
Chronoleash,38485
Master's Music,38481
Specialization Snowflake Shard,38480
Vocation Supply Box,38479
Combat Supply Box,38478
Wrapped Golden Valentine's Day Bundle,38477
Devilish Temptation Bundle,38476
Angelic Whisper Bundle,38475
Golden Dawn,38473
Stray Yata Calf Housepet,38465
Stray Elk Calf Housepet,38464
Classroom Chalkboard,38463
Classroom Chair,38462
Classroom Desk,38461
Administrator's Handmade Chocolate,38459
Sweet Hopes Chocolate,38458
Hall of Retribution Key,38457
Voter's Gift,38456
Postulant's Nave Key,38454
Frost Denistrious's Staff,38451
Demon War Heroes Picture Box,38447
Adhesive Crest Dome,38444
Crest Ramp,38442
Crest Stairs,38441
Enoan Galleon Blueprint Fragment,38440
Glider Customization: Inky Feathered Dragon,38439
Festival Pet Accessory 3,38438
Festival Pet Accessory 2,38437
Festival Pet Accessory 1,38436
tool_설녀의 지팡이,38435
Recharged Denistrious's Staff,38434
D Monster: Snowmaid Staff,38433
D Monster: Snowmaid Longspear,38432
First Auroran Hero Token,38431
First Pirate Hero Token,38430
Morpheus's Treasure Chest,38429
First Hero of Haranya Token,38428
First Hero of Nuia Token,38427
Precious Voter Token,38426
White Day Bundle,38425
Bard Music Box,38424
Signed Certificate,38423
Stray Elephant Calf,38422
Young Animal Tonic,38421
Healthy Elk Calf Housepet,38420
Healthy Yata Calf Housepet,38419
Healthy Wolfhound Pup Housepet,38418
Healthy Black Cat Housepet,38417
Healthy Orange Tabby Housepet,38416
Healthy Gray Tabby Housepet,38415
Healthy Seal-Point Housepet,38414
Healthy Calico Housepet,38413
Shoddy Player Nation Hero Cloak,38412
Shoddy Amarendra IV's Hero Cloak,38411
Shoddy Andrion II's Hero Cloak,38410
Shoddy Morpheus's Hero Cloak,38409
Frail Orange Tabby Housepet,38403
Frail Elk Calf Housepet,38400
Frail Yata Calf Housepet,38399
Frail Wolfhound Housepet,38398
Frail Gray Tabby Housepet,38397
Frail Calico Housepet,38396
Frail Black Cat Housepet,38395
Frail Seal-Point Housepet,38394
Mouse Hat Green Elk Housepet,38393
Pink Hat Green Elk Housepet,38392
Sheepish Green Elk Housepet,38391
Green Elk Housepet,38390
Red Hood Brown Yata Housepet,38389
Pacified Brown Yata Housepet,38388
Messenger Brown Yata Housepet,38387
Brown Yata Housepet,38386
Hotdog Gray Wolfhound Housepet,38385
Milkman Gray Wolfhound Housepet,38384
Courageous Gray Wolfhound Housepet,38383
Gray Wolfhound Housepet,38382
Pirate Orange Tabby Housepet,38381
Inbox Orange Tabby Housepet,38380
Witchy Orange Tabby Housepet,38379
Orange Tabby Housepet,38378
Pirate Gray Tabby Housepet,38377
Inbox Gray Tabby Housepet,38376
Witchy Gray Tabby Housepet,38375
Gray Tabby Housepet,38374
Pirate Calico Housepet,38373
Inbox Calico Housepet,38372
Witchy Calico Housepet,38371
Calico Housepet,38370
Pirate Black Cat Housepet,38369
Inbox Black Cat Housepet,38368
Witchy Black Cat Housepet,38367
Black Cat Housepet,38366
Pirate Seal-Point Housepet,38365
Inbox Seal-Point Housepet,38364
Witchy Seal-Point Housepet,38363
Seal-Point Housepet,38362
Denistrious's Sealbreaker Scroll,38361
Pirate Seal-Point Housepet,38360
Mouse Hat Green Elk Housepet,38359
Pink Hat Green Elk Housepet,38358
Sheepish Green Elk Housepet,38357
Green Elk Housepet,38356
Green Elk Calf Housepet,38355
Red Hood Brown Yata Housepet,38354
Pacified Brown Yata Housepet,38353
Messenger Brown Yata Housepet,38352
Brown Yata Housepet,38351
Brown Yata Calf Housepet,38350
Hotdog Gray Wolfhound Housepet,38349
Milkman Gray Wolfhound Housepet,38348
Courageous Gray Wolfhound Housepet,38347
Gray Wolfhound Housepet,38346
Gray Wolfhound Puppy Housepet,38345
Pirate Orange Tabby Housepet,38344
Inbox Orange Tabby Housepet,38343
Witchy Orange Tabby Housepet,38342
Orange Tabby Housepet,38341
Pirate Gray Tabby Housepet,38340
Inbox Gray Tabby Housepet,38339
Witchy Gray Tabby Housepet,38338
Gray Tabby Housepet,38337
Pirate Calico Housepet,38336
Inbox Calico Housepet,38335
Witchy Calico Housepet,38334
Calico Housepet,38333
Pirate Black Cat Housepet,38332
Inbox Black Cat Housepet,38331
Witchy Black Cat Housepet,38330
Black Cat Housepet,38329
Inbox Seal-Point Housepet,38328
Witchy Seal-Point Housepet,38327
Seal-Point Housepet,38326
Demon War Memorial Frame,38325
Demon War Heroes: Sixth Piece,38324
Demon War Heroes: Fifth Piece,38323
Demon War Heroes: Fourth Piece,38322
Demon War Heroes: Third Piece,38321
Demon War Heroes: Second Piece,38320
Demon War Heroes: First Piece,38319
Bound Iron Golem Lunagem: Swiftness,38318
Blank Paper Stack,38313
Coin Chest,38312
Mirage Green Regrade Charm,38311
Sweet Chocolate Jar,38310
Glowing Ayanad Heartstone,38307
Ayanad Heartstone,38306
Heart of Ayanad Manacore,38304
Denistrious's Damaged Staff,38303
Freezing Wardbreaker Scroll,38302
Denistrious's Sealbreaker Scroll,38301
Hidden Scroll Piece,38300
Mineral Archeum Tree Seed,38297
Mineral Archeum Tree Sapling (Event),38295
Sheep Sleep Hat,38286
Righteous Reward,38285
In Grape Spirits Token,38278
Dawndrinker Token,38277
Oremonger Token,38276
Woodland Wonder Token,38275
Hamtastic Token,38274
Ginseng Genius Token,38273
봉인된 라바 EX-1 소환 주문서,38266
Scroll: Tower Defense Steamtank,38263
Epherium Quake Independent Suspension,38258
Epherium Quake Shock Absorber,38257
Epherium Quake Output Amplifier,38256
Bugira's Legacy,38251
Donation Reward Box,38250
Merit Ayanad Armorsmithing Scroll Bundle,38249
Merit Ayanad Weaponsmithing Scroll Bundle,38248
Mirage Warrior's Bow,38247
Mirage Warrior's Greatclub,38246
Mirage Warrior's Staff,38245
Mirage Warrior's Katana,38244
Mirage Warrior's Bow,38243
Mirage Warrior's Greatclub,38242
Mirage Warrior's Staff,38241
Mirage Warrior's Katana,38240
Mirage Warrior's Bow,38239
Mirage Warrior's Greatclub,38238
Mirage Warrior's Staff,38237
Mirage Warrior's Katana,38236
Sopere's Frog (10 kg),38235
Sopere's Frog (6 kg),38234
Sopere's Frog (5 kg),38233
Sopere's Frog (4 kg),38232
Sopere's Frog (3 kg),38231
Sopere's Frog (2 kg),38230
Sopere's Frog (1 kg),38229
Sopere's Frog,38228
Tenacious Glory Tassets,38224
Cruel Glory Sash,38223
Reckless Glory Belt,38222
Dark Warrior's Guards,38221
Shadow Warrior's Shadows,38220
Crimson Warrior's Vambraces,38219
Wyrdwind Viola Design,38218
Decorative Orgel,38217
Decorative Viola,38216
Decorative Violin,38215
Decorative Contrabass,38214
Decorative Cello,38213
Combat Support Box,38208
Art Decoration Design,38204
Brahms's Harmonious Melody Design,38202
Trieste Cello Design,38201
Noryette Contrabass Design,38200
Brahms's Harmonious Melody,38194
Noryettes Contrabass,38193
Triestes Cello,38192
Patrol Mech Battle Box,38191
Andelph Suspension Saddle,38190
Andelph Shock-Absorbing Legguards,38189
Andelph Amplification Helm,38188
Moonfeather Griffin Box,38187
Royal Griffin Box,38186
Nocturne Griffin Box,38185
Crimson Watch Cloak,38183
Lucid Eternal Vitalism Lunagem,38182
Lucid Eternal Songcraft Lunagem,38181
Lucid Eternal Shadowplay Lunagem,38180
Lucid Eternal Sorcery Lunagem,38179
Lucid Eternal Archery Lunagem,38178
Lucid Eternal Occultism Lunagem,38177
Lucid Eternal Auramancy Lunagem,38176
Lucid Eternal Defense Lunagem,38175
Lucid Eternal Witchcraft Lunagem,38174
Lucid Eternal Battlerage Lunagem,38173
Lucid Ancient Vitalism Lunagem,38172
Lucid Ancient Songcraft Lunagem,38171
Lucid Ancient Shadowplay Lunagem,38170
Lucid Ancient Sorcery Lunagem,38169
Lucid Ancient Archery Lunagem,38168
Lucid Ancient Occultism Lunagem,38167
Lucid Ancient Auramancy Lunagem,38166
Lucid Ancient Defense Lunagem,38165
Lucid Ancient Witchcraft Lunagem,38164
Lucid Ancient Battlerage Lunagem,38163
Vivid Eternal Vitalism Lunagem,38162
Vivid Eternal Songcraft Lunagem,38161
Vivid Eternal Shadowplay Lunagem,38160
Vivid Eternal Sorcery Lunagem,38159
Vivid Eternal Archery Lunagem,38158
Vivid Eternal Occultism Lunagem,38157
Vivid Eternal Auramancy Lunagem,38156
Vivid Eternal Defense Lunagem,38155
Vivid Eternal Witchcraft Lunagem,38154
Vivid Eternal Battlerage Lunagem,38153
Vivid Ancient Vitalism Lunagem,38152
Vivid Ancient Songcraft Lunagem,38151
Vivid Ancient Shadowplay Lunagem,38150
Vivid Ancient Sorcery Lunagem,38149
Vivid Ancient Archery Lunagem,38148
Vivid Ancient Occultism Lunagem,38147
Vivid Ancient Auramancy Lunagem,38146
Vivid Ancient Defense Lunagem,38145
Vivid Ancient Witchcraft Lunagem,38144
Vivid Ancient Battlerage Lunagem,38143
Clear Eternal Vitalism Lunagem,38142
Clear Eternal Songcraft Lunagem,38141
Clear Eternal Shadowplay Lunagem,38140
Clear Eternal Sorcery Lunagem,38139
Clear Eternal Archery Lunagem,38138
Clear Eternal Occultism Lunagem,38137
Clear Eternal Auramancy Lunagem,38136
Clear Eternal Defense Lunagem,38135
Clear Eternal Witchcraft Lunagem,38134
Clear Eternal Battlerage Lunagem,38133
Clear Ancient Vitalism Lunagem,38132
Clear Ancient Songcraft Lunagem,38131
Clear Ancient Shadowplay Lunagem,38130
Clear Ancient Sorcery Lunagem,38129
Clear Ancient Archery Lunagem,38128
Clear Ancient Occultism Lunagem,38127
Clear Ancient Auramancy Lunagem,38126
Clear Ancient Defense Lunagem,38125
Clear Ancient Witchcraft Lunagem,38124
Clear Ancient Battlerage Lunagem,38123
Stalwart Memory Shard,38122
Mystic Memory Shard,38121
Ferocious Memory Shard,38120
Soulforged Priest's Shoes,38119
Soulforged Priest's Gloves,38118
Soulforged Priest's Pants,38117
Soulforged Priest's Shirt,38116
Soulforged Priest's Hood,38115
Soulforged Shoes,38114
Soulforged Gloves,38113
Soulforged Pants,38112
Soulforged Shirt,38111
Soulforged Hood,38110
Soulforged Boots,38109
Soulforged Fists,38108
Soulforged Breeches,38107
Soulforged Jerkin,38106
Soulforged Cap,38105
Soulforged Sabatons,38104
Soulforged Gauntlets,38103
Soulforged Greaves,38102
Soulforged Cuirass,38101
Soulforged Helm,38100
Soulforged Shield,38099
Soulforged Bow,38098
Soulforged Greatclub,38097
Soulforged Staff,38096
Soulforged Greataxe,38095
Soulforged Sword,38094
Revenant Soulstone,38093
Full Kit: Rose Quartz Solarium,38092
Rose Quartz Solarium Design,38091
Pet Accessory Workbench Design,38089
Pet Accessory Workbench,38088
Pet Accessory Regrade Scroll,38087
라바 선수상 꾸러미,38086
Alexander's Memoirs,38085
Alexander's Memoirs,38084
The Death of the Council,38083
Kyprosa's Letter,38082
Ayanad Senior Council Minutes,38081
Memories of Ayanad,38080
Warm Orb,38078
Warm Orb,38077
Warm Orb,38076
Warm Orb,38075
Warm Orb,38074
Kyprosa's Letter Scrap,38073
Warm Orb,38072
Warm Orb,38071
Ayanad Senior Council Minutes,38069
tool_제식한손검,38068
라바 가구 꾸러미,38067
Griffin Saddle,38066
Griffin Legguards,38065
Griffin Helm,38064
Blessed Sphere,38063
Beast Master's Bell,38062
Beast Binder's Bell,38061
Beast Keeper's Bell,38060
Beast Trainer's Bell,38059
Net Cafe Support Box,38057
Net Cafe Support Box,38056
Net Cafe Support Box,38055
Net Cafe Support Box,38054
Epherium Hero Cloak,38053
Delphinad Hero Cloak,38052
Ayanad Hero Cloak,38051
Epherium Hero Cloak,38050
Delphinad Hero Cloak,38049
Ayanad Hero Cloak,38048
Epherium Hero Cloak,38047
Delphinad Hero Cloak,38046
Ayanad Hero Cloak,38045
Epherium Hero Cloak,38044
Delphinad Hero Cloak,38043
Ayanad Hero Cloak,38042
Erenor Hero Cloak,38041
Erenor Hero Cloak,38040
Erenor Hero Cloak,38039
Erenor Hero Cloak,38038
Glowing Sealed Delphinad Ring,38036
Glowing Sealed Delphinad Necklace,38035
Glowing Sealed Delphinad Earring,38034
Glowing Sealed Delphinad Tassets,38033
Glowing Sealed Delphinad Vambraces,38032
Glowing Sealed Delphinad Sabatons,38031
Glowing Sealed Delphinad Gauntlets,38030
Glowing Sealed Delphinad Greaves,38029
Glowing Sealed Delphinad Cuirass,38028
Glowing Sealed Delphinad Helm,38027
Glowing Sealed Delphinad Belt,38026
Glowing Sealed Delphinad Guards,38025
Glowing Sealed Delphinad Boots,38024
Glowing Sealed Delphinad Fists,38023
Glowing Sealed Delphinad Breeches,38022
Glowing Sealed Delphinad Jerkin,38021
Glowing Sealed Delphinad Cap,38020
Glowing Sealed Delphinad Sash,38019
Glowing Sealed Delphinad Sleeves,38018
Glowing Sealed Delphinad Shoes,38017
Glowing Sealed Delphinad Gloves,38016
Glowing Sealed Delphinad Pants,38015
Glowing Sealed Delphinad Shirt,38014
Glowing Sealed Delphinad Hood,38013
Glowing Sealed Delphinad Flute,38012
Glowing Sealed Delphinad Lute,38011
Glowing Sealed Delphinad Scepter,38010
Glowing Sealed Delphinad Longspear,38009
Glowing Sealed Delphinad Greatclub,38008
Glowing Sealed Delphinad Greataxe,38007
Glowing Sealed Delphinad Nodachi,38006
Glowing Sealed Delphinad Greatsword,38005
Glowing Sealed Delphinad Shield,38004
Glowing Sealed Delphinad Bow,38003
Glowing Sealed Delphinad Staff,38002
Glowing Sealed Delphinad Shortspear,38001
Glowing Sealed Delphinad Club,38000
Glowing Sealed Delphinad Axe,37999
Glowing Sealed Delphinad Katana,37998
Glowing Sealed Delphinad Sword,37997
Glowing Sealed Delphinad Dagger,37996
Glowing Sealed Epherium Ring,37995
Glowing Sealed Epherium Earring,37994
Glowing Sealed Epherium Necklace,37993
Glowing Sealed Epherium Tassets,37992
Glowing Sealed Epherium Vambraces,37991
Glowing Sealed Epherium Sabatons,37990
Glowing Sealed Epherium Gauntlets,37989
Glowing Sealed Epherium Greaves,37988
Glowing Sealed Epherium Cuirass,37987
Glowing Sealed Epherium Helm,37986
Glowing Sealed Epherium Belt,37985
Glowing Sealed Epherium Guards,37984
Glowing Sealed Epherium Boots,37983
Glowing Sealed Epherium Fists,37982
Glowing Sealed Epherium Breeches,37981
Glowing Sealed Epherium Jerkin,37980
Glowing Sealed Epherium Cap,37979
Glowing Sealed Epherium Sash,37978
Glowing Sealed Epherium Sleeves,37977
Glowing Sealed Epherium Shoes,37976
Glowing Sealed Epherium Gloves,37975
Glowing Sealed Epherium Pants,37974
Glowing Sealed Epherium Shirt,37973
Glowing Sealed Epherium Hood,37972
Glowing Sealed Epherium Flute,37971
Glowing Sealed Epherium Lute,37970
Glowing Sealed Epherium Scepter,37969
Glowing Sealed Epherium Longspear,37968
Glowing Sealed Epherium Greatclub,37967
Glowing Sealed Epherium Greataxe,37966
Glowing Sealed Epherium Nodachi,37965
Glowing Sealed Epherium Greatsword,37964
Glowing Sealed Epherium Shield,37963
Glowing Sealed Epherium Bow,37962
Glowing Sealed Epherium Staff,37961
Glowing Sealed Epherium Shortspear,37960
Glowing Sealed Epherium Club,37959
Glowing Sealed Epherium Axe,37958
Glowing Sealed Epherium Katana,37957
Glowing Sealed Epherium Sword,37956
Glowing Sealed Epherium Dagger,37955
Glowing Sealed Magnificent Ring,37954
Glowing Sealed Magnificent Earring,37953
Glowing Sealed Magnificent Necklace,37952
Glowing Sealed Magnificent Tassets,37951
Glowing Sealed Magnificent Vambraces,37950
Glowing Sealed Magnificent Sabatons,37949
Glowing Sealed Magnificent Gauntlets,37948
Glowing Sealed Magnificent Greaves,37947
Glowing Sealed Magnificent Cuirass,37946
Glowing Sealed Magnificent Helm,37945
Glowing Sealed Magnificent Belt,37944
Glowing Sealed Magnificent Guards,37943
Glowing Sealed Magnificent Boots,37942
Glowing Sealed Magnificent Fists,37941
Glowing Sealed Magnificent Breeches,37940
Glowing Sealed Magnificent Jerkin,37939
Glowing Sealed Magnificent Cap,37938
Glowing Sealed Magnificent Sash,37937
Glowing Sealed Magnificent Sleeves,37936
Glowing Sealed Magnificent Shoes,37935
Glowing Sealed Magnificent Gloves,37934
Glowing Sealed Magnificent Pants,37933
Glowing Sealed Magnificent Shirt,37932
Glowing Sealed Magnificent Hood,37931
Glowing Sealed Magnificent Flute,37930
Glowing Sealed Magnificent Lute,37929
Glowing Sealed Magnificent Scepter,37928
Glowing Sealed Magnificent Longspear,37927
Glowing Sealed Magnificent Greatclub,37926
Glowing Sealed Magnificent Greataxe,37925
Glowing Sealed Magnificent Nodachi,37924
Glowing Sealed Magnificent Greatsword,37923
Glowing Sealed Magnificent Shield,37922
Glowing Sealed Magnificent Bow,37921
Glowing Sealed Magnificent Staff,37920
Glowing Sealed Magnificent Shortspear,37919
Glowing Sealed Magnificent Club,37918
Glowing Sealed Magnificent Axe,37917
Glowing Sealed Magnificent Katana,37916
Glowing Sealed Magnificent Sword,37915
Glowing Sealed Magnificent Dagger,37914
Winter Maiden's Cookie Pack,37913
Sealed Archeum Evernight Necklace (Rank 12),37912
Sealed Archeum Evernight Necklace (Rank 11),37911
Mermaid Double Bathtub,37910
Archeum Evernight Necklace (Rank 12),37909
Archeum Evernight Necklace (Rank 11),37908
Beast Tamer's Bell,37907
Red Rudolph Hauler Upgrade Ticket,37906
Rudolph Hauler Upgrade Ticket,37905
Yuletide Hauler Upgrade Ticket,37904
ha_m_hair036,37903
ha_m_hair035,37902
el_m_hair036,37900
el_m_hair035,37899
nu_m_hair036,37898
nu_m_hair035,37897
Construction Brick Bundle,37896
Finishing Touches Bundle,37895
Construction Tool Bundle,37894
Wooden Beam Bundle,37893
Blue Dusk Antidote,37892
Blue Dusk Antidote,37891
Souleye,37890
Scorpion's Tears Antidote,37889
Blackroot Potion,37888
Blackroot Fragment,37887
Herbalist Gyuseok's Letter,37886
Urgal's Secret Orders,37885
Letos's Secret Ledger,37884
John Smith's Note,37883
Nui's Shield Coded Letter,37882
Nui's Shield Coded Letter,37881
Scroll: Red Rudolph Hauler,37880
Secret Note,37879
Secret Note,37878
Epherium Mountain Galoshes,37877
Epherium Stone Galoshes,37876
Epherium Ocean Galoshes,37875
Epherium Lake Galoshes,37874
Epherium Meadow Galoshes,37873
Epherium Wave Galoshes,37872
Epherium Tidal Galoshes,37871
Epherium Squall Galoshes,37870
Epherium Gale Galoshes,37869
Epherium Typhoon Galoshes,37868
Epherium Lightning Galoshes,37867
Epherium Flame Galoshes,37866
Epherium Quake Galoshes,37865
Epherium Desert Galoshes,37864
Epherium Earth Galoshes,37863
Magnificent Mountain Galoshes,37862
Magnificent Stone Galoshes,37861
Magnificent Ocean Galoshes,37860
Magnificent Lake Galoshes,37859
Magnificent Meadow Galoshes,37858
Magnificent Wave Galoshes,37857
Magnificent Tidal Galoshes,37856
Magnificent Squall Galoshes,37855
Magnificent Gale Galoshes,37854
Magnificent Typhoon Galoshes,37853
Magnificent Lightning Galoshes,37852
Magnificent Flame Galoshes,37851
Magnificent Quake Galoshes,37850
Magnificent Desert Galoshes,37849
Magnificent Earth Galoshes,37848
Illustrious Mountain Galoshes,37847
Illustrious Stone Galoshes,37846
Illustrious Ocean Galoshes,37845
Illustrious Lake Galoshes,37844
Illustrious Meadow Galoshes,37843
Illustrious Wave Galoshes,37842
Illustrious Tidal Galoshes,37841
Illustrious Squall Galoshes,37840
Illustrious Gale Galoshes,37839
Illustrious Typhoon Galoshes,37838
Illustrious Lightning Galoshes,37837
Illustrious Flame Galoshes,37836
Illustrious Quake Galoshes,37835
Illustrious Desert Galoshes,37834
Illustrious Earth Galoshes,37833
Conqueror's Mountain Galoshes,37832
Conqueror's Stone Galoshes,37831
Conqueror's Ocean Galoshes,37830
Conqueror's Lake Galoshes,37829
Conqueror's Meadow Galoshes,37828
Conqueror's Wave Galoshes,37827
Conqueror's Tidal Galoshes,37826
Conqueror's Squall Galoshes,37825
Conqueror's Gale Galoshes,37824
Conqueror's Typhoon Galoshes,37823
Conqueror's Lightning Galoshes,37822
Conqueror's Flame Galoshes,37821
Conqueror's Quake Galoshes,37820
Conqueror's Desert Galoshes,37819
Conqueror's Earth Galoshes,37818
Artisan's Mountain Galoshes,37817
Artisan's Stone Galoshes,37816
Artisan's Ocean Galoshes,37815
Artisan's Lake Galoshes,37814
Artisan's Meadow Galoshes,37813
Artisan's Wave Galoshes,37812
Artisan's Tidal Galoshes,37811
Artisan's Squall Galoshes,37810
Artisan's Gale Galoshes,37809
Artisan's Typhoon Galoshes,37808
Artisan's Lightning Galoshes,37807
Artisan's Flame Galoshes,37806
Artisan's Quake Galoshes,37805
Artisan's Desert Galoshes,37804
Artisan's Earth Galoshes,37803
Artificer's Mountain Galoshes,37802
Artificer's Stone Galoshes,37801
Artificer's Ocean Galoshes,37800
Artificer's Lake Galoshes,37799
Artificer's Meadow Galoshes,37798
Artificer's Wave Galoshes,37797
Artificer's Tidal Galoshes,37796
Artificer's Squall Galoshes,37795
Artificer's Gale Galoshes,37794
Artificer's Typhoon Galoshes,37793
Artificer's Lightning Galoshes,37792
Artificer's Flame Galoshes,37791
Artificer's Quake Galoshes,37790
Artificer's Desert Galoshes,37789
Artificer's Earth Galoshes,37788
Craftsman's Mountain Galoshes,37787
Craftsman's Stone Galoshes,37786
Craftsman's Ocean Galoshes,37785
Craftsman's Lake Galoshes,37784
Craftsman's Meadow Galoshes,37783
Craftsman's Wave Galoshes,37782
Craftsman's Tidal Galoshes,37781
Craftsman's Squall Galoshes,37780
Craftsman's Gale Galoshes,37779
Craftsman's Typhoon Galoshes,37778
Craftsman's Lightning Galoshes,37777
Craftsman's Flame Galoshes,37776
Craftsman's Quake Galoshes,37775
Craftsman's Desert Galoshes,37774
Craftsman's Earth Galoshes,37773
Epherium Mountain Chestplate,37772
Epherium Stone Chestplate,37771
Epherium Ocean Chestplate,37770
Epherium Lake Chestplate,37769
Epherium Meadow Chestplate,37768
Epherium Wave Chestplate,37767
Epherium Tidal Chestplate,37766
Epherium Squall Chestplate,37765
Epherium Gale Chestplate,37764
Epherium Typhoon Chestplate,37763
Epherium Lightning Chestplate,37762
Epherium Flame Chestplate,37761
Epherium Quake Chestplate,37760
Epherium Desert Chestplate,37759
Epherium Earth Chestplate,37758
Magnificent Mountain Chestplate,37757
Magnificent Stone Chestplate,37756
Magnificent Ocean Chestplate,37755
Magnificent Lake Chestplate,37754
Magnificent Meadow Chestplate,37753
Magnificent Wave Chestplate,37752
Magnificent Tidal Chestplate,37751
Magnificent Squall Chestplate,37750
Magnificent Gale Chestplate,37749
Magnificent Typhoon Chestplate,37748
Magnificent Lightning Chestplate,37747
Magnificent Flame Chestplate,37746
Magnificent Quake Chestplate,37745
Magnificent Desert Chestplate,37744
Magnificent Earth Chestplate,37743
Illustrious Mountain Chestplate,37742
Illustrious Stone Chestplate,37741
Illustrious Ocean Chestplate,37740
Illustrious Lake Chestplate,37739
Illustrious Meadow Chestplate,37738
Illustrious Wave Chestplate,37737
Illustrious Tidal Chestplate,37736
Illustrious Squall Chestplate,37735
Illustrious Gale Chestplate,37734
Illustrious Typhoon Chestplate,37733
Illustrious Lightning Chestplate,37732
Illustrious Flame Chestplate,37731
Illustrious Quake Chestplate,37730
Illustrious Desert Chestplate,37729
Illustrious Earth Chestplate,37728
Conqueror's Mountain Chestplate,37727
Conqueror's Stone Chestplate,37726
Conqueror's Ocean Chestplate,37725
Conqueror's Lake Chestplate,37724
Conqueror's Meadow Chestplate,37723
Conqueror's Wave Chestplate,37722
Conqueror's Tidal Chestplate,37721
Conqueror's Squall Chestplate,37720
Conqueror's Gale Chestplate,37719
Conqueror's Typhoon Chestplate,37718
Conqueror's Lightning Chestplate,37717
Conqueror's Flame Chestplate,37716
Conqueror's Quake Chestplate,37715
Conqueror's Desert Chestplate,37714
Conqueror's Earth Chestplate,37713
Artisan's Mountain Chestplate,37712
Artisan's Stone Chestplate,37711
Artisan's Ocean Chestplate,37710
Artisan's Lake Chestplate,37709
Artisan's Meadow Chestplate,37708
Artisan's Wave Chestplate,37707
Artisan's Tidal Chestplate,37706
Artisan's Squall Chestplate,37705
Artisan's Gale Chestplate,37704
Artisan's Typhoon Chestplate,37703
Artisan's Lightning Chestplate,37702
Artisan's Flame Chestplate,37701
Artisan's Quake Chestplate,37700
Artisan's Desert Chestplate,37699
Artisan's Earth Chestplate,37698
Artificer's Mountain Chestplate,37697
Artificer's Stone Chestplate,37696
Artificer's Ocean Chestplate,37695
Artificer's Lake Chestplate,37694
Artificer's Meadow Chestplate,37693
Artificer's Wave Chestplate,37692
Artificer's Tidal Chestplate,37691
Artificer's Squall Chestplate,37690
Artificer's Gale Chestplate,37689
Artificer's Typhoon Chestplate,37688
Artificer's Lightning Chestplate,37687
Artificer's Flame Chestplate,37686
Artificer's Quake Chestplate,37685
Artificer's Desert Chestplate,37684
Artificer's Earth Chestplate,37683
Craftsman's Mountain Chestplate,37682
Craftsman's Stone Chestplate,37681
Craftsman's Ocean Chestplate,37680
Craftsman's Lake Chestplate,37679
Craftsman's Meadow Chestplate,37678
Craftsman's Wave Chestplate,37677
Craftsman's Tidal Chestplate,37676
Craftsman's Squall Chestplate,37675
Craftsman's Gale Chestplate,37674
Craftsman's Typhoon Chestplate,37673
Craftsman's Lightning Chestplate,37672
Craftsman's Flame Chestplate,37671
Craftsman's Quake Chestplate,37670
Craftsman's Desert Chestplate,37669
Craftsman's Earth Chestplate,37668
Epherium Mountain Headdress,37667
Epherium Stone Headdress,37666
Epherium Ocean Headdress,37665
Epherium Lake Headdress,37664
Epherium Meadow Headdress,37663
Epherium Wave Headdress,37662
Epherium Tidal Headdress,37661
Epherium Squall Headdress,37660
Epherium Gale Headdress,37659
Epherium Typhoon Headdress,37658
Epherium Lightning Headdress,37657
Epherium Flame Headdress,37656
Epherium Quake Headdress,37655
Epherium Desert Headdress,37654
Epherium Earth Headdress,37653
Magnificent Mountain Headdress,37652
Magnificent Stone Headdress,37651
Magnificent Ocean Headdress,37650
Magnificent Lake Headdress,37649
Magnificent Meadow Headdress,37648
Magnificent Wave Headdress,37647
Magnificent Tidal Headdress,37646
Magnificent Squall Headdress,37645
Magnificent Gale Headdress,37644
Magnificent Typhoon Headdress,37643
Magnificent Lightning Headdress,37642
Magnificent Flame Headdress,37641
Magnificent Quake Headdress,37640
Magnificent Desert Headdress,37639
Magnificent Earth Headdress,37638
Illustrious Mountain Headdress,37637
Illustrious Stone Headdress,37636
Illustrious Ocean Headdress,37635
Illustrious Lake Headdress,37634
Illustrious Meadow Headdress,37633
Illustrious Wave Headdress,37632
Illustrious Tidal Headdress,37631
Illustrious Squall Headdress,37630
Illustrious Gale Headdress,37629
Illustrious Typhoon Headdress,37628
Illustrious Lightning Headdress,37627
Illustrious Flame Headdress,37626
Illustrious Quake Headdress,37625
Illustrious Desert Headdress,37624
Illustrious Earth Headdress,37623
Conqueror's Mountain Headdress,37622
Conqueror's Stone Headdress,37621
Conqueror's Ocean Headdress,37620
Conqueror's Lake Headdress,37619
Conqueror's Meadow Headdress,37618
Conqueror's Wave Headdress,37617
Conqueror's Tidal Headdress,37616
Conqueror's Squall Headdress,37615
Conqueror's Gale Headdress,37614
Conqueror's Typhoon Headdress,37613
Conqueror's Lightning Headdress,37612
Conqueror's Flame Headdress,37611
Conqueror's Quake Headdress,37610
Conqueror's Desert Headdress,37609
Conqueror's Earth Headdress,37608
Artisan's Mountain Headdress,37607
Artisan's Stone Headdress,37606
Artisan's Ocean Headdress,37605
Artisan's Lake Headdress,37604
Artisan's Meadow Headdress,37603
Artisan's Wave Headdress,37602
Artisan's Tidal Headdress,37601
Artisan's Squall Headdress,37600
Artisan's Gale Headdress,37599
Artisan's Typhoon Headdress,37598
Artisan's Lightning Headdress,37597
Artisan's Flame Headdress,37596
Artisan's Quake Headdress,37595
Artisan's Desert Headdress,37594
Artisan's Earth Headdress,37593
Artificer's Mountain Headdress,37592
Artificer's Stone Headdress,37591
Artificer's Ocean Headdress,37590
Artificer's Lake Headdress,37589
Artificer's Meadow Headdress,37588
Artificer's Wave Headdress,37587
Artificer's Tidal Headdress,37586
Artificer's Squall Headdress,37585
Artificer's Gale Headdress,37584
Artificer's Typhoon Headdress,37583
Artificer's Lightning Headdress,37582
Artificer's Flame Headdress,37581
Artificer's Quake Headdress,37580
Artificer's Desert Headdress,37579
Artificer's Earth Headdress,37578
Craftsman's Mountain Headdress,37577
Craftsman's Stone Headdress,37576
Craftsman's Ocean Headdress,37575
Craftsman's Lake Headdress,37574
Craftsman's Meadow Headdress,37573
Craftsman's Wave Headdress,37572
Craftsman's Tidal Headdress,37571
Craftsman's Squall Headdress,37570
Craftsman's Gale Headdress,37569
Craftsman's Typhoon Headdress,37568
Craftsman's Lightning Headdress,37567
Craftsman's Flame Headdress,37566
Craftsman's Quake Headdress,37565
Craftsman's Desert Headdress,37564
Craftsman's Earth Headdress,37563
Full Kit: Tradesman's Villa (Veranda),37562
Full Kit: Apothecary's Villa (Veranda),37561
Full Kit: Armorer's Villa (Veranda),37560
Tradesman's Villa (Veranda) Design,37559
Apothecary's Villa (Veranda) Design,37558
Armorer's Villa (Veranda) Design,37557
Pink Octopus Boater,37556
Bound Green Regrade Charm,37554
Honorbold Benevolence Lunafrost,37553
Honorbound Benevolence Lunafrost,37552
Honorhewn Benevolence Lunafrost,37551
Glowing Sealed Illustrious Ring,37550
Glowing Sealed Illustrious Earring,37549
Glowing Sealed Illustrious Necklace,37548
Glowing Sealed Illustrious Tassets,37547
Glowing Sealed Illustrious Vambraces,37546
Glowing Sealed Illustrious Sabatons,37545
Glowing Sealed Illustrious Gauntlets,37544
Glowing Sealed Illustrious Greaves,37543
Glowing Sealed Illustrious Cuirass,37542
Glowing Sealed Illustrious Helm,37541
Glowing Sealed Illustrious Belt,37540
Glowing Sealed Illustrious Guards,37539
Glowing Sealed Illustrious Boots,37538
Glowing Sealed Illustrious Fists,37537
Glowing Sealed Illustrious Breeches,37536
Glowing Sealed Illustrious Jerkin,37535
Glowing Sealed Illustrious Cap,37534
Glowing Sealed Illustrious Sash,37533
Glowing Sealed Illustrious Sleeves,37532
Glowing Sealed Illustrious Shoes,37531
Glowing Sealed Illustrious Gloves,37530
Glowing Sealed Illustrious Pants,37529
Glowing Sealed Illustrious Shirt,37528
Glowing Sealed Illustrious Hood,37527
Glowing Sealed Illustrious Staff,37526
Glowing Sealed Illustrious Scepter,37525
Glowing Sealed Illustrious Flute,37524
Glowing Sealed Illustrious Lute,37523
Glowing Sealed Illustrious Bow,37522
Glowing Sealed Illustrious Shield,37521
Glowing Sealed Illustrious Longspear,37520
Glowing Sealed Illustrious Greatclub,37519
Glowing Sealed Illustrious Greataxe,37518
Glowing Sealed Illustrious Nodachi,37517
Glowing Sealed Illustrious Greatsword,37516
Glowing Sealed Illustrious Shortspear,37515
Glowing Sealed Illustrious Club,37514
Glowing Sealed Illustrious Axe,37513
Glowing Sealed Illustrious Katana,37512
Glowing Sealed Illustrious Sword,37511
Glowing Sealed Illustrious Dagger,37510
Adventurer's Growthstone,37508
Moonfeather Griffin,37507
Rudolph Pet Helm,37505
Rudolph Pet Legguards,37504
Rudolph Mount Saddle,37503
Full Kit: Sapphire Solarium,37502
Sapphire Solarium Design,37501
Full Kit: Tradesman's Chalet (Terrace),37500
Full Kit: Apothecary's Chalet (Terrace),37499
Full Kit: Armorer's Chalet (Terrace),37498
Full Kit: Tradesman's Villa (Sunroom),37497
Full Kit: Apothecary's Villa (Sunroom),37496
Full Kit: Armorer's Villa (Sunroom),37495
Tradesman's Chalet (Terrace) Design,37494
Apothecary's Chalet (Terrace) Design,37493
Armorer's Chalet (Terrace) Design,37492
Tradesman's Villa (Sunroom) Design,37491
Apothecary's Villa (Sunroom) Design,37490
Armorer's Villa (Sunroom) Design,37489
Hasla Fertilizer,37488
Ynystere Fertilizer,37487
Rookborne Fertilizer,37486
Perinoor Fertilizer,37485
Windscour Fertilizer,37484
tool_유물붓,37483
Villanelle Fertilizer,37482
Silent Forest Fertilizer,37481
Tigerspine Fertilizer,37480
Falcorth Fertilizer,37479
Mahadevi Fertilizer,37478
Arcum Iris Fertilizer,37477
Solis Fertilizer,37476
Sanddeep Fertilizer,37475
Halcyona Fertilizer,37474
Cinderstone Fertilizer,37473
Hellswamp Fertilizer,37472
Two Crowns Fertilizer,37471
Lilyut Hills Fertilizer,37470
White Arden Fertilizer,37469
Solzreed Fertilizer,37468
Dewstone Fertilizer,37467
Marianople Fertilizer,37466
Gweonid Fertilizer,37465
Archeologist's Storage Chest,37441
Pagemaster's Storage Chest,37440
Full Kit: Tradesman's Chalet (Balcony),37439
Full Kit: Apothecary's Chalet (Balcony),37438
Full Kit: Armorer's Chalet (Balcony),37437
Full Kit: Tradesman's Villa (Porch),37436
Full Kit: Apothecary's Villa (Porch),37435
Full Kit: Armorer's Villa (Porch),37434
Full Kit: Tradesman's Chalet,37433
Full Kit: Apothecary's Chalet,37432
Full Kit: Armorer's Chalet,37431
Full Kit: Tradesman's Villa,37430
Full Kit: Apothecary's Villa,37429
Full Kit: Armorer's Villa,37428
Full Kit: Tradesman's Townhouse,37427
Full Kit: Apothecary's Townhouse,37426
Full Kit: Armorer's Townhouse,37425
Full Kit: Tradesman's Manor,37424
Full Kit: Apothecary's Manor,37423
Full Kit: Armorer's Manor,37422
Full Kit: Miner's Farmhouse,37421
Full Kit: Rancher's Farmhouse,37420
Full Kit: Harvester's Farmhouse,37419
Tradesman's Chalet (Balcony) Design,37166
Apothecary's Chalet (Balcony) Design,37165
Armorer's Chalet (Balcony) Design,37164
Tradesman's Villa (Porch) Design,37163
Apothecary's Villa (Porch) Design,37162
Armorer's Villa (Porch) Design,37161
Tradesman's Chalet Design,37160
Apothecary's Chalet Design,37159
Armorer's Chalet Design,37158
Tradesman's Villa Design,37157
Apothecary's Villa Design,37156
Armorer's Villa Design,37155
Tradesman's Townhouse Design,37154
Apothecary's Townhouse Design,37153
Armorer's Townhouse Design,37152
Tradesman's Manor Design,37151
Apothecary's Manor Design,37150
Armorer's Manor Design,37149
Black Reindeer,37148
White Reindeer,37147
Miner's Farmhouse Design,37144
Rancher's Farmhouse Design,37143
Harvester's Farmhouse Design,37142
Royal Griffin,37141
Nocturne Griffin,37140
Andelph Patrol Mech,37136
Winter Maiden's Lullaby,37135
Winter Maiden Festival Tree Chest,37134
Winter Maiden Festival Parchment #7,37133
Winter Maiden Festival Parchment #2,37132
Winter Maiden Festival Parchment #5,37131
Winter Maiden Festival Parchment #4,37130
Winter Maiden Festival Parchment #1,37129
Winter Maiden Festival Parchment #2,37128
Yellow Larva Bed,37127
Dawn Moringa Fruit,37126
A Base Instinct,37125
Manuscript: Cow Lady,37124
Manuscript: The Cow,37123
Manuscript: Moringa Turns Even Cows into Men,37122
Manuscript: Memories of the Dairy Cow,37121
Manuscript: Dream of Cow's Milk,37120
Manuscript: Neighbor,37119
Manuscript: Good Neighbor,37118
Manuscript: The Girl Next Door,37117
Manuscript: Untitled,37116
Manuscript: The Werecat Firran's Curse,37115
Manuscript: I Too Am Useful!,37114
Manuscript: Butterfly Effect,37113
Manuscript: Purge,37112
Manuscript: Eternal Light of Delphinad,37111
Manuscript: Abyssal Crystal,37110
Manuscript: Do You Know Who Came Up with the Bandage Costume?,37109
Manuscript: A Wager Started in a Far Place,37108
Manuscript: Sea Demons,37107
Manuscript: Workshop 17!,37106
Manuscript: Human...,37105
Manuscript: Test in the Labyrinth,37104
Manuscript: Plantain Lily,37103
Manuscript: Iyor's Adventure: Untold Last Story,37102
Manuscript: Fate,37101
Manuscript: Angry,37100
Manuscript: Snowflake,37099
Manuscript: I Still Don't Know the Name of the Flowers I Saw That Day,37098
Manuscript: White Arden Spring Flower Festival,37097
Manuscript: You're Also a Flower,37096
Manuscript: A Necromancer's Story,37095
Manuscript: Haunted Village Orbern,37094
Manuscript: Two Weddings,37093
Manuscript: That Day's Adventurer,37092
Manuscript: Vengeful Revenant,37091
Manuscript: Earring of Memories,37090
Manuscript: Beyond Time,37089
Manuscript: Waste Paper Collector,37088
Manuscript: From Tragedy to Tragedy,37087
Manuscript: Rumors,37086
Manuscript: Red Night Pavanne,37085
Manuscript: Rangora,37084
Manuscript: Homecoming,37083
Manuscript: Story of the Desireen Chief,37082
"Manuscript: Horse-carving Girl, Doll-making Boy",37081
Manuscript: A Journey Ends,37080
Goddess's Mission Chest,37079
Library Mission Instructions,37078
Library Mission Instructions,37077
Library Mission Instructions,37076
Archives Mission Instructions,37075
Archives Mission Instructions,37074
Archives Mission Instructions,37073
Garden Mission Instructions,37072
Garden Mission Instructions,37071
Garden Mission Instructions,37070
Encyclopedia Room Mission Instructions,37069
Encyclopedia Room Mission Instructions,37068
Encyclopedia Room Mission Instructions,37067
Gift Ticket Box #10,37066
Gift Ticket Box #9,37065
Gift Ticket Box #8,37064
Gift Ticket Box #7,37063
Gift Ticket Box #6,37062
Gift Ticket Box #5,37061
Gift Ticket Box #4,37060
Gift Ticket Box #3,37059
Gift Ticket Box #2,37058
Gift Ticket Box #1,37057
어느 한 강령술사의 이야기,37056
Haunted Village Orbern,37055
두번의 결혼,37054
That Day's Adventurer,37053
복수귀,37052
Moringa Energy Box,37051
Moringa Energy Box,37050
Moringa Energy Box,37049
Moringa Energy Box,37048
Moringa Energy Box,37047
Moringa Energy Box,37046
Ashes of Moringa Fruit,37045
Moringa Regrade Scroll,37044
Legendary Moringa Fruit,37043
Vibrant Moringa Fruit,37041
Vibrant Moringa Fruit,37040
Vibrant Moringa Fruit,37039
Vibrant Moringa Fruit,37038
Vibrant Moringa Fruit,37037
Vibrant Moringa Fruit,37036
기억의 귀걸이,37035
시간을 넘어서,37034
폐지 수집가,37033
From Tragedy to Tragedy,37032
소문,37031
Red Night Pavanne,37030
Rangora,37029
귀향,37028
바라기 마을의 촌장 이야기,37027
"말을 깎는 소녀, 인형을 만드는 소년",37026
A Journey Ends,37025
Archeum Figurehead,37024
Zodiac Festival Parchment,37023
Winter Maiden Festival Parchment #1,37022
Lucky Charm,37021
Fortune Charm,37020
Lover's Charm,37019
Wool Hat,37018
Autumn Lore Memory Shelf,37017
Hut Constellation Token,37016
Brier Constellation Token,37015
Leopard Constellation Token,37014
Crown Constellation Token,37013
Trident Constellation Token,37012
Wand Constellation Token,37011
Chariot Constellation Token,37010
Blind Eye Constellation Token,37009
Unicorn Constellation Token,37008
Bugle Constellation Token,37007
Boat Horn Constellation Token,37006
Bow Constellation Token,37005
Winter Maiden's Teenie Gold Star Candy,37004
Winter Maiden's Giant Silver Star Candy,37003
Winter Maiden's Teenie Pink Hard Candy,37002
Winter Maiden's Giant Azure Hard Candy,37001
Winter Maiden's Teenie Rainbow Lollipop,37000
Winter Maiden's Giant Rainbow Lollipop,36999
Winter Maiden's Teenie Pink Pretzel,36998
Winter Maiden's Giant Green Pretzel,36997
Winter Maiden's Teenie Red Candy Cane,36996
Winter Maiden's Giant Green Candy Cane,36995
Winter Maiden's Teenie Blue Sugar Cane,36994
Record of a Special Day,36993
Winter Maiden's Giant Green Sugar Cane,36992
Winter Maiden's Red Nose Rudolph Cookie,36991
Winter Maiden's Happy Gingerbread Cookie,36990
Winter Maiden's Teenie Purple Pretzel,36989
Obsidian Plate Armor Box,36988
Obsidian Cloth Armor Box,36987
Obsidian Leather Armor Box,36986
Garden Key,36985
Glowing Ore Piece,36984
나도 쓸모있다구!!,36983
나비효과,36982
정화,36981
델피나드의 영원한 빛,36980
Abyssal Crystal,36979
Timewinder Token,36978
Divine Key Box,36977
붕대 의상이 어떻게 나온건지 알아?,36976
머나먼 곳에서 시작된 내기,36975
바다의 악마,36974
제 17공방 !,36973
인간아….,36972
Test in the Labyrinth,36971
Plantain Lily,36970
Ultimate Weapon Chest,36969
"이요르의 모험, 그 숨겨진 마지막 이야기",36968
운명,36967
화가 나다,36966
Snowflake,36965
그날 본 꽃잎의 이름을 나는 아직 모른다.,36964
White Arden Spring Flower Festival,36963
너도 꽃,36962
이웃,36961
이웃사촌,36960
이웃집의 그녀,36959
무제,36958
검은고양이 페레의 저주,36957
젖소부인,36956
Durable Bridle,36955
The Cow,36954
모링가는 젖소도 인간으로 만든다.,36953
젖소의 기억,36952
소젖몽,36951
Snow White Winter Picture Box,36950
Adventurer's Plate Armor Box,36949
Adventurer's Cloth Armor Box,36948
Adventurer's Leather Armor Box,36947
Adventurer's Epherium Quake Tassets,36946
Adventurer's Epherium Quake Vambraces,36945
Adventurer's Epherium Quake Sabatons,36944
Adventurer's Epherium Quake Gauntlets,36943
Adventurer's Epherium Quake Greaves,36942
Adventurer's Epherium Quake Cuirass,36941
Adventurer's Epherium Quake Helm,36940
Adventurer's Epherium Ocean Sash,36939
Adventurer's Epherium Ocean Sleeves,36938
Adventurer's Epherium Ocean Shoes,36937
Adventurer's Epherium Ocean Gloves,36936
Adventurer's Epherium Ocean Pants,36935
Adventurer's Epherium Ocean Shirt,36934
Adventurer's Epherium Ocean Hood,36933
Adventurer's Epherium Typhoon Belt,36932
Adventurer's Epherium Typhoon Guards,36931
Adventurer's Epherium Typhoon Boots,36930
Adventurer's Epherium Typhoon Fists,36929
Adventurer's Epherium Typhoon Breeches,36928
Adventurer's Epherium Typhoon Jerkin,36927
Adventurer's Epherium Typhoon Cap,36926
Garden Key for You,36925
Snowing Table,36924
2nd Anniversary Event Weapon Voucher,36923
Warm Gift Box,36922
Warm Gift Box,36921
Bugira's Sunken Treasure Chest,36920
Snowball Basket,36919
Crate Buster Candy Cane,36918
Memory Ember,36917
Gift Ticket Box #10,36915
Gift Ticket Box #9,36914
Gift Ticket Box #8,36913
Gift Ticket Box #7,36912
Gift Ticket Box #6,36911
Gift Ticket Box #5,36910
Gift Ticket Box #4,36909
Gift Ticket Box #3,36908
Gift Ticket Box #2,36907
Gift Ticket Box #1,36906
Gift Ticket,36905
2nd Anniversary Offline Merchandise Raffle Ticket D,36904
2nd Anniversary Offline Merchandise Raffle Ticket C,36903
2nd Anniversary Lap Blanket Ticket,36902
2nd Anniversary Mug Cup Ticket,36901
Mystical Crystal,36900
Zodiac Owl Feather,36899
Mirage Heir's Shield,36898
Mirage Heir's Bow,36897
Mirage Heir's Club,36896
Mirage Heir's Scepter,36895
Mirage Heir's Sword,36894
Stuffed Plushie Chest,36891
Twelve Constellations Wooden Crate,36889
Brown Reindeer,36888
Goddess's Relic Chest,36887
Companion's Growthstone,36886
Snowball,36885
Frozen Soulstone,36884
Stolen Festival Decorations,36883
Mysterious Hothouse Herb Pot,36882
Mysterious Hothouse Spice Pot,36881
Mysterious Hothouse Flower Pot,36880
Mysterious Hothouse Crops Pot,36879
Mysterious Hothouse Vegetable Pot,36878
Concentrated Hero Power,36877
Legend of the Zodiac,36876
Flamewolves Hoodie,36875
Blue Devils Hoodie,36874
Crimson Kings Hoodie,36873
Legend of the Zodiac Collection 3,36872
Bound Vocation Hastener Scroll,36871
Legend of the Zodiac Collection 2,36870
Legend of the Zodiac Collection 1,36869
Dawn Bundle,36868
Bound Red Regrade Charm,36867
Legend of the Zodiac: The Hut,36866
Legend of the Zodiac: The Brier,36865
Legend of the Zodiac: The Leopard,36864
Legend of the Zodiac: The Crown,36863
Legend of the Zodiac: The Trident,36862
Legend of the Zodiac: The Wand,36861
Legend of the Zodiac: The Chariot,36860
Legend of the Zodiac: The Blind Eye,36858
Legend of the Zodiac: The Unicorn,36857
Legend of the Zodiac: The Bugle,36856
Legend of the Zodiac: The Boat Horn,36855
Legend of the Zodiac: The Bow,36854
Lore Queen's Token,36853
Lore King's Token,36852
Zodiac Festival Pouch,36851
Autumn Lore Shelf,36850
Beefy Rice Cake Soup,36849
Snow White Winter Picture Box,36848
Higher Ground Inn,36847
Higher Ground Inn: Twelfth Piece,36846
Higher Ground Inn: Eleventh Piece,36845
Higher Ground Inn: Tenth Piece,36844
Higher Ground Inn: Ninth Piece,36843
Higher Ground Inn: Eighth Piece,36842
Higher Ground Inn: Seventh Piece,36841
Higher Ground Inn: Sixth Piece,36840
Higher Ground Inn: Fifth Piece,36839
Higher Ground Inn: Fourth Piece,36838
Higher Ground Inn: Third Piece,36837
Higher Ground Inn: Second Piece,36836
Higher Ground Inn: First Piece,36835
Resplendent Heir's Shield,36834
Resplendent Heir's Bow,36833
Resplendent Heir's Club,36832
Resplendent Heir's Scepter,36831
Resplendent Heir's Sword,36830
Resplendent Heir's Dagger,36829
Brilliant Heir's Shield,36828
Brilliant Heir's Bow,36827
Brilliant Heir's Club,36826
Brilliant Heir's Scepter,36825
Brilliant Heir's Sword,36824
Brilliant Heir's Dagger,36823
Shining Heir's Shield,36822
Shining Heir's Bow,36821
Shining Heir's Club,36820
Shining Heir's Scepter,36819
Shining Heir's Sword,36818
Shining Heir's Dagger,36817
Resplendent Heir's Weapon Chest,36815
Brilliant Heir's Weapon Chest,36814
Shining Heir's Weapon Chest,36813
Glowing Ore Piece,36812
Mystical Story Jar,36811
A Base Instinct,36810
Calming Pipe,36809
Empty Epherium Siege Report,36808
wa_f_hair001,36807
wa_f_face00,36806
wa_f_nude,36805
Winter Yata Costume,36804
Full Bucket,36803
라바 선수상: 레드,36802
라바 선수상: 옐로우,36801
Scroll: Larva EX-2,36797
Wyrdwind Viola,36796
Ezna's Funeral Hymn,36795
Candy-fueled Bestcargot,36794
Candy-fueled Fastropod,36793
Candy-fueled Shellraiser,36792
Autumn Lore Bronze Goblet,36789
Autumn Lore Silver Goblet,36788
Autumn Lore Golden Goblet,36787
First Snow,36786
Painted Forest's Song,36785
Miracle of the Sand Castle,36784
Lustrous Golden Wool,36783
Andelph Orgel,36782
Old Scroll,36780
Story Globe,36779
Detection Dog,36778
Loka's Living Legend,36777
Goddess's Gift Box,36776
Skyline Waistcoat Ensemble,36775
Any-Post Yellow Larva,36774
Red Larva Chair,36773
Guarded Storage Chest,36772
Scroll: Rudolph Hauler,36769
Enola's Token,36768
Bartolo's Token,36767
Scroll: Yuletide Hauler,36766
Red Giftpack,36764
Goddess's Gift Box,36763
100 Credits Ticket,36761
라바 인형 응모권,36760
Test Winner's Item Bundle,36759
Glider Companion: Red,36758
Loyalty Token Pouch,36757
Blue Giftpack,36756
Letter to the Liberated,36755
Liberator's Gift Pack,36754
Test Winner's Box,36753
Divine Jackpot Prayer Box,36752
Scroll: Mirage Enoan Galleon,36751
Scroll: Mirage Redwood Roadster,36750
Net Cafe Support Box,36749
Net Cafe Support Box,36748
Net Cafe Support Box,36747
Net Cafe Support Box,36746
Net Cafe Support Box,36745
Net Cafe Support Box,36744
Net Cafe Support Box,36743
Net Cafe Support Box,36742
Rainbow Pumpkin Taffy,36740
Grape Pumpkin Taffy,36739
Berry Pumpkin Taffy,36738
Lime Pumpkin Taffy,36737
Lemon Pumpkin Taffy,36736
Cinnamon Pumpkin Taffy,36735
Old Key,36734
dw_f_face00,36724
Discontinued Remodeling Permit,36721
Crimson Watch Harpoon Cannon,36720
Centennial Legacy Piece,36719
Centennial Legacy Piece,36718
Centennial Legacy Piece,36717
Centennial Legacy Piece,36716
Centennial Legacy Piece,36715
Centennial Legacy Piece,36714
Marianople Violin,36707
Illustrious Storage Chest,36706
Candy-filled Pumpkin Decoration,36701
Black Kitten Caboodle,36693
Yata Pumpkin Hat,36692
Young Black Cat Housepet,36691
Plush Kitten Play,36690
Comforting Kitten's Cuddle,36689
Night Ruler Costume Gift,36688
Hallowtide Festival Token Box,36687
Hallowtide Festival Token Box,36686
Battle Fae,36681
Azure Pumpkin Candy,36680
Titan Hunter's Top Hat,36679
Purple Pumpkin Candy,36678
Yellow Pumpkin Candy,36670
Festival Pumpkin Decoration,36669
Festival Pumpkin,36668
dw_f_hair002,36667
Divine Skein,36666
Staff Captain's Letter of Recommendation,36665
Mirage Caernord Sea Serpent Propellant,36664
Mirage Typhoon Shroudlight,36663
Mirage Seabreeze Plank,36662
Mirage Typhoon Sea Monster Sonar,36661
Mirage Typhoon Compass,36660
Mirage Typhoon Telescope,36659
Mirage Captain's Cannon,36658
Mirage Mounted Shield,36657
Mirage Multipurpose Cannon,36656
Mirage High-Angle Siege Cannon,36655
Mirage Naval Cannon,36654
Mirage Shrapnel Cannon,36653
Mirage Chain-Shot Cannon,36652
Mirage Large-Caliber Cannon,36651
Mirage High-Speed Siege Cannon,36650
Mirage Mistral Mast,36649
Mirage Caernord Zephyr Triangular Rig,36648
Mirage Enoan Zephyr Double Square Rig,36647
Mirage Eznan Zephyr Square Mainsail,36646
Mirage Eznan Zephyr Square Foresail,36645
Mirage Caernord Typhoon Rudder,36644
Mirage Eznan Typhoon Rudder,36643
Mirage Tsunami Figurehead,36642
Mirage Beast Figurehead,36641
Mirage Raging Lionheart Figurehead,36640
Mirage Ivory Nui Figurehead,36639
Mirage Goddess Nui Figurehead,36638
Padmos Lumber,36636
Tropical Plant Pot,36635
Vocation Support Box,36634
Combat Support Box,36633
Delphinad Ghost Ship Bronze Statue,36632
Wrapped Grave Keeper's Stash,36631
Tomb-Bound Wraps,36630
Excavated Crimson Watch Relic Chest,36629
Carefully Wrapped Crimson Lightning Chest,36628
Bathtub Bundle,36627
Potted Palm,36626
Elven Hotspring,36625
Promise Crystal,36624
Oath Crystal,36623
Wrapped Monster Festival Box,36622
Sealed Blackwood Box,36621
Sealed Gilt Blackwood Coffin,36620
Bestcargot Racing Snail,36616
Fastropod Racing Snail,36615
Bound Steel Ammo,36614
Bound Shatigon's Sand,36613
Proven Warrior Chest,36612
Fallen Leaves,36611
Autumnal Wreath,36610
Cooling Pond,36609
Loyalty Token Pond,36608
Bound Resplendent Armor Regrade Scroll,36606
Bound Resplendent Weapon Regrade Scroll,36605
Bound Superior Red Regrade Charm,36604
Promise Crystal,36603
Bound Superior Yellow Regrade Charm,36602
Proven Warrior Chest,36601
Spirit-Mimic Balloons,36599
Tricked Treat Balloons,36598
Hallowtide Feast Table,36597
Snooty Vamp-o'-Lantern,36596
Rabid Jack-o'-Lantern,36595
Gleeful Goblin Jack-o'-Lantern,36594
Farmer's Friend Jack-o'-Lantern,36593
Jack-o'-Snack-Bowl,36592
Shellraiser Racing Snail,36591
Fifth Keeper's Carver Material,36590
Fourth Keeper's Carver Material,36589
Third Keeper's Carver Material,36588
Second Keeper's Carver Material,36587
First Keeper's Carver Material,36586
Fifth Keeper's Carver Material,36585
Fourth Keeper's Carver Material,36584
Third Keeper's Carver Material,36583
Second Keeper's Carver Material,36582
First Keeper's Carver Material,36581
Thank You Letter,36580
Crystal Carver,36579
Promise Crystal,36578
Promise Crystal,36577
Promise Crystal,36576
Promise Crystal,36575
Promise Crystal,36574
Oath Crystal,36573
Oath Crystal,36572
Oath Crystal,36571
Oath Crystal,36570
Oath Crystal,36569
Oath Crystal,36568
Yin-Yang Fabric,36566
Special Glider Steering Mechanism,36565
Yin-Yang Wings Design,36564
Radiant Vitalism Lunagem Box,36563
Radiant Sorcery Lunagem Box,36562
Radiant Archery Lunagem Box,36561
Radiant Battlerage Lunagem Box,36560
Summer Leaf Premium Dye,36559
Morning Cocoa Dye,36558
Ocean Calm Premium Dye,36557
Ashen Smoke Premium Dye,36556
Storm Cloud Premium Dye,36555
Gift Coin,36554
PC방 전투 비법서 꾸러미,36551
Special Combat Boost: Ward,36550
Special Combat Boost: Fierce,36549
Special Combat Boost: Zeal,36548
Special Combat Boost: Promise,36547
Special Combat Boost: Haste,36546
Smoking Regrade Brazier,36545
PC방의 여명,36544
PC방 탐욕의 비약,36543
Mineral Archeum Tree Sapling,36541
Stone Sprite Token,36540
Large Plushie Box,36539
Third Massive Steamgoggle Daru Plushie Material,36538
Second Massive Steamgoggle Daru Plushie Material,36537
First Massive Steamgoggle Daru Plushie Material,36536
Third Massive Patty-Pie Cow Plushie Material,36535
Second Massive Patty-Pie Cow Plushie Material,36534
First Massive Patty-Pie Cow Plushie Material,36533
Harvest Moon Giftbox,36531
Mireyna's Dragon Hunt Journal Manuscript,36530
PC방의 신기루 상급자 시전속도 반지,36527
PC방의 신기루 숙련자 시전속도 반지,36526
PC방의 신기루 초심자 시전속도 반지,36525
PC방의 신기루 상급자 시전속도 귀걸이,36524
PC방의 신기루 숙련자 시전속도 귀걸이,36523
PC방의 신기루 초심자 시전속도 귀걸이,36522
PC방의 신기루 상급자 시전속도 목걸이,36521
PC방의 신기루 숙련자 시전속도 목걸이,36520
PC방의 신기루 초심자 시전속도 목걸이,36519
dw_f_hair034,36518
PC방의 신기루 상급자 공격속도 반지,36517
PC방의 신기루 숙련자 공격속도 반지,36516
PC방의 신기루 초심자 공격속도 반지,36515
PC방의 신기루 상급자 공격속도 귀걸이,36514
PC방의 신기루 숙련자 공격속도 귀걸이,36513
PC방의 신기루 초심자 공격속도 귀걸이,36512
PC방의 신기루 상급자 공격속도 목걸이,36511
PC방의 신기루 숙련자 공격속도 목걸이,36510
PC방의 신기루 초심자 공격속도 목걸이,36509
PC방의 신기루 상급자 활,36508
PC방의 신기루 숙련자 활,36507
PC방의 신기루 초심자 활,36506
PC방의 신기루 상급자 방패,36505
PC방의 신기루 숙련자 방패,36504
PC방의 신기루 초심자 방패,36503
PC방의 신기루 상급자 한손검,36502
PC방의 신기루 숙련자 한손검,36501
PC방의 신기루 초심자 한손검,36500
PC방의 신기루 상급자 한손둔기,36499
PC방의 신기루 숙련자 한손둔기,36498
PC방의 신기루 초심자 한손둔기,36497
PC방의 신기루 상급자 한손지팡이,36496
PC방의 신기루 숙련자 한손지팡이,36495
PC방의 신기루 초심자 한손지팡이,36494
PC방 오스테라 무역선 소환 주문서,36493
PC방 농업용 달구지 소환 주문서,36492
PC방 경험치 비약,36491
PC방 명상 물약,36490
PC방 치유 물약,36489
Amethyst Gembloom Seed,36487
Citrine Gembloom Seed,36486
Ruby Gembloom Seed,36485
Tasty Sardine,36484
Fresh Vegetables,36483
Bound Super Armor Temper,36482
Bound Prime Weapon Temper,36481
Harvest Key,36480
Harvest Chest,36479
Harvest Chest,36478
Harvest Chest,36477
Harvest Chest,36476
Harvest Chest,36475
Young Seal-Point Housepet,36474
Young Orange Tabby Housepet,36473
Young Calico Housepet,36472
Young Gray Tabby Housepet,36471
Kitten Caboodle,36470
Crunchy Vegetables,36469
Large Farm Fence,36468
Medium Farm Fence,36467
Short Farm Fence,36466
Farmhouse Fence,36465
Farmhouse Door,36464
Short Red Lined Fence,36463
Red Lined Fence,36462
Red Lined Door,36461
Short Traditional Gilt Fence,36460
Traditional Gilt Fence,36459
Traditional Gilt Door,36458
Medium Tiled Roof Column,36457
Gray Brick Wall Gate,36456
Large Gray Brick Wall,36455
Medium Gray Brick Wall,36454
Rare Rice Flour,36453
Royal Vegetable Porridge,36452
Medium Tiled Roof Column,36451
Large Red Brick Wall,36450
Red Brick Wall,36449
Red Brick Wall Gate,36448
Red Brick Wall,36447
Short Red Brick Wall,36446
Rare Rice Pack,36445
Quality Milk,36444
Sacred Milk,36443
Massive Steamgoggle Daru Plushie,36442
Massive Kobold Shaman Plushie,36441
Massive Groundling Shaman Plushie,36440
Massive Baby Narayana Plushie,36439
Massive Morpheus Pirate Plushie,36438
Massive Jack-o'-Hattern Plushie,36437
Massive Patty-Pie Cow Plushie,36436
Massive Home Sweet Home Plushie,36435
Massive Neckerchief Yata Plushie,36434
Massive Carefree Yata Plushie,36433
Massive Black Yata Plushie,36432
Massive Striped Yata Plushie,36431
Massive Yata Plushie,36430
Massive Dashing Snowlion Plushie,36429
Massive Dapper Snowlion Plushie,36428
Massive Coalmane Snowlion Plushie,36427
Massive Snowmane Snowlion Plushie,36426
Massive Sandmane Snowlion Plushie,36425
Massive Little Red Riding Elk Plushie,36424
Massive Bowtie Elk Plushie,36423
Massive Pink Elk Plushie,36422
Massive Purple Elk Plushie,36421
Massive Green Elk Plushie,36420
Giant Steamgoggle Daru Plushie,36419
Giant Kobold Shaman Plushie,36418
Giant Groundling Shaman Plushie,36417
Giant Baby Narayana Plushie,36416
Giant Morpheus Pirate Plushie,36415
Giant Jack-o'-Hattern Plushie,36414
Giant Pattie-Pie Cow Plushie,36413
Giant Home Sweet Home Plushie,36412
Giant Rabbit-Yata Plushie,36411
Giant Carefree Yata Plushie,36410
Giant Black Yata Plushie,36409
Giant Striped Yata Plushie,36408
Giant Yata Plushie,36407
Giant Dashing Snowlion Plushie,36406
Giant Dapper Snowlion Plushie,36405
Giant Coalmane Snowlion Plushie,36404
Giant Snowmane Snowlion Plushie,36403
Giant Sandmane Snowlion Plushie,36402
Giant Red Riding Elk Plushie,36401
Giant Bowtie Elk Plushie,36400
Giant Pink Elk Plushie,36399
Giant Purple Elk Plushie,36398
Giant Green Elk Plushie,36397
Chromatic Gembloom Petal,36350
Amethyst Gembloom Petal,36349
Citrine Gembloom Petal,36348
Ruby Gembloom Petal,36347
캐시상점 DP더미 아이템,36342
Persuasion Money,36341
Snowdreamer Token,36340
Chromatic Gembloom Petal,36339
Chromatic Gembloom Flowerbed,36338
Amethyst Gembloom Flowerbed,36337
Citrine Gembloom Flowerbed,36336
Ruby Gembloom Flowerbed,36335
Johnny's Gold Bag,36334
Lunar Magic Box,36332
Blessed Spellstone,36331
^Hallowtide Tombstone|Pierre tombale d'Halloween|Herbstfest-Grabstein^,36330
Ancient Tombstone,36329
Gilt Blackwood Coffin,36328
Magic Conversion Scroll,36327
Miraculous Elemental Lunafrost,36326
Miraculous Giant Lunafrost,36325
Miraculous Distorted Lunafrost,36324
Miraculous Fortitude Lunafrost,36323
Miraculous Love Lunafrost,36322
Miraculous Transcendant Lunafrost,36321
Miraculous Tracker Lunafrost,36320
Miraculous Hostility Lunafrost,36319
Language Proficiency Spellbook,36318
Hereafter Lodestone,36316
Nui's Breath,36315
Dragon Cultist Duster,36314
Harvest Moon Rice Wine,36313
Harvest Moon Shortbread,36312
Harvest Moon Dumpling,36311
Harvest Moon Pastry,36310
Harvest Moon Taro Soup,36309
Harvest Moon Rice Wine,36308
Craft Bountiful Harvest Moon Box,36307
Harvest Moon Chicken,36306
Harvest Moon Chestnut,36305
Harvest Moon Red Almonds,36304
Harvest Moon Sesame,36303
Harvest Moon Taro,36302
Harvest Moon Rice Malt,36301
Harvest Moon Rice,36300
Suspicious Medicine Bottle,36299
Movie Raffle Ticket,36298
Ava's Secret Letter,36297
Rickety Picket Fence,36296
dw_m_hair007,36295
dw_m_hair006,36294
Torn Scroll: Farm Cart,36293
Sunlit Fire Lunabox,36291
Tadal's Development Journal,36290
Tadal's Development Journal Manuscript,36289
Open Sunlight Archeum Chest,36287
dw_m_hair005,36285
dw_m_hair004,36284
Large Mossy Rock Wall,36282
Medium Mossy Rock Wall,36281
Mossy Rock Wall Gate,36280
Mossy Rock Wall,36279
Short Mossy Rock Wall,36278
Large Farm Fence,36277
Medium Farm Fence,36276
Farm Fence Gate,36275
Short Farm Fence,36274
Bugira's Lost Earring,36273
Bugira's Lost Ring,36272
Bugira's Lost Necklace,36271
Adolescent Bugira's Lost Ring,36270
Adolescent Bugira's Lost Necklace,36269
Adolescent Bugira's Lost Earring,36268
Volgaru's Treasure Chest Key,36267
Wet Sand,36266
Blue Salt Festival Teleport Scroll,36265
Blue Salt Festival Empty Frame,36264
Crest Reclined Sun Lounger,36263
Crest Sun Lounger,36262
Toasty Reclined Sun Lounger,36261
Toasty Sun Lounger,36260
Budding Field's Whim,36259
Snowy Mountain's Murmur,36258
Summer Festival Coin Stand,36256
Summer Racer's Swimwear,36255
Beach Racer's Swimwear,36254
Improved Stellar Pavilion Farm Kit,36253
Improved Lunar Pavilion Farm Kit,36252
Fine Sand,36250
Blue Salt Festival Palette,36249
Blue Salt Festival Brush,36248
Dueling Agent Certificate,36247
Trade Agent Certificate,36246
Crafting Agent Certificate,36245
Production Agent Certificate,36244
Combat Agent Certificate,36243
Improved Solar Pavilion Farm Kit,36241
Dueling Agent Token,36240
Trade Agent Token,36239
Crafting Agent Token,36238
Production Agent Token,36237
Combat Agent Token,36236
Volgaru the Bandit's Stolen Treasure,36235
Daru Guild Coin,36234
Cowbell,36233
Pacifier,36232
Merit Badge Thunder Dash,36231
Merit Badge Stormdarter,36230
Merit Badge Carrot Dash,36229
Merit Badge Celestial Pegasus,36228
Blue Salt Festival Painting,36227
Blue Salt Festival Beach Painting,36226
Blue Salt Festival Sand Castle Painting,36225
Vivalt's Painting: Third Piece,36224
Vivalt's Painting: Second Piece,36223
Vivalt's Painting: First Piece,36222
Mendelsson's Painting: Third Piece,36221
Mendelsson's Painting: Second Piece,36220
Mendelsson's Painting: First Piece,36219
Cow Plushie Pet,36217
Artistry Proficiency Boost Scroll,36215
Commerce Proficiency Boost Scroll,36214
Carpentry Proficiency Boost Scroll,36213
Weaponry Proficiency Boost Scroll,36212
Leatherwork Proficiency Boost Scroll,36211
Tailoring Proficiency Boost Scroll,36210
Masonry Proficiency Boost Scroll,36209
Printing Proficiency Boost Scroll,36208
Metalwork Proficiency Boost Scroll,36207
Machining Proficiency Boost Scroll,36206
Fishing Proficiency Boost Scroll,36205
Handicraft Proficiency Boost Scroll,36204
Cooking Proficiency Boost Scroll,36203
Alchemy Proficiency Boost Scroll,36202
Mining Proficiency Boost Scroll,36201
Gathering Proficiency Boost Scroll,36200
Logging Proficiency Boost Scroll,36199
Farming Proficiency Boost Scroll,36198
Husbandry Proficiency Boost Scroll,36197
Nightraven Robes,36196
Northern Legion Uniform,36195
Siege Captain's Mail,36194
Unidentified Billowy Cloak,36193
Classic Billowy Cloak,36192
Cheery Billowy Cloak,36191
Mysterious Billowy Cloak,36190
Unidentified Clockwork Key,36189
Golden Clockwork Key,36188
Sunny Clockwork Key,36187
Tranquil Clockwork Key,36186
Minty Clockwork Key,36185
Mysterious Clockwork Key,36184
Cheery Clockwork Key,36183
Unidentified Mini-Wings,36182
Golden Mini-Wings,36181
Sunny Mini-Wings,36180
Tranquil Mini-Wings,36179
Minty Mini-Wings,36178
Mysterious Mini-Wings,36177
Cheery Mini-Wings,36176
Large Brick Wall,36175
Medium Brick Wall,36174
Decorative Spiked Iron Gates,36173
Brick Wall,36172
Short Brick Wall,36171
Decorative Tapered Column,36170
Large Log Fence,36169
Medium Log Fence,36168
Log Fence Gate,36167
Short Log Fence,36166
Large Wooden Fence,36165
Medium Wooden Fence,36164
Wooden Fence Gate,36163
Gilded Royal Glider,36162
Oathbound Plate,36160
Bound Growthstone,36157
Ducky Flippers,36156
Undersea Goggles,36155
Daru Plushie Pet,36154
ha_m_hair033,36152
ha_f_hair033,36151
Gilded Royal Glider,36148
Oathbound Plate,36147
Merit Badge Superior Red Regrade Charm,36146
Easel,36145
Leviathan's Lost Treasures,36144
Easel,36143
Palette,36142
Glossy Feather Brush,36141
Wrapped Strawberry Barrel,36140
Scroll: Strawberry Barrel,36139
tool_팔레트,36138
tool_붓,36137
Longboard Display Stand,36136
Flag Material 5,36135
Flag Material 4,36134
Flag Material 3,36133
Flag Material 2,36132
Flag Material 1,36131
Badaru's Rainbow Flag,36130
Badaru's Red Flag,36129
Badaru's Green Flag,36128
Badaru's Blue Flag,36127
Badaru's White Flag,36126
Merit Badge Siege Captain's Mail,36125
Merit Badge Feathered Hope,36124
Scroll: Merit Badge Merchant Schooner,36123
Scroll: Merit Badge Adventurer's Clipper,36122
Scroll: Timber Coupe,36121
Scroll: Merit Badge Farm Hauler,36120
Scroll: Merit Badge Farm Wagon,36119
Merit Badge Celestial Pegasus,36118
Merit Badge Thunder Dash,36117
Merit Badge Stormdarter,36116
Merit Badge Carrot Dash,36115
Adventurer's Spellbook: Unstoppable Force,36114
Adventurer's Spellbook: Brick Wall,36113
Adventurer's Fruit Liquor,36112
Adventurer's Fruit Punch,36111
Adventurer's Roast Meatballs,36110
Adventurer's Smoked Meatballs,36109
Adventurer's Meatball Kebab,36108
Adventurer's Savory Meatballs,36107
Advanced Checkpoint Flag,36106
Grand Mission Certificate,36105
Midnight Swimbottoms,36104
Midnight Swimtop,36103
Sunrise Swimbottoms,36102
Sunrise Swimtop,36101
Daru Secret Naval Orders,36100
Daru Secret Orders,36099
Daru Secret Orders,36098
Daru Secret Orders,36097
Daru Secret Orders,36096
Daru Secret Orders,36095
Daru Secret Orders,36094
Daru Secret Orders,36093
Daru Secret Naval Orders,36092
Daru Secret Naval Orders,36091
Daru Secret Naval Orders,36090
Daru Secret Naval Orders,36089
Daru Secret Orders,36088
Daru Secret Orders,36087
Daru Secret Orders,36086
Daru Secret Orders,36085
Daru Secret Orders,36084
Daru Secret Orders,36083
Daru Secret Orders,36082
Daru Secret Orders,36081
Daru Secret Orders,36080
Daru Secret Orders,36079
Daru Secret Orders,36078
Daru Secret Orders,36077
Daru Secret Orders,36076
Daru Secret Orders,36075
Daru Secret Orders,36074
Daru Secret Orders,36073
Daru Secret Orders,36072
Daru Secret Mission,36071
Daru Secret Mission,36070
Daru Secret Mission,36069
Daru Secret Mission,36068
Daru Secret Mission,36067
Daru Secret Mission,36066
Daru Secret Mission,36065
Daru Secret Mission,36064
Daru Secret Mission,36063
Daru Secret Mission,36062
Daru Secret Mission,36061
Daru Secret Mission,36060
Daru Secret Mission,36059
Daru Secret Mission,36058
Daru Secret Mission,36057
Daru Secret Mission,36056
Daru Secret Mission,36055
Daru Secret Mission,36054
Daru Secret Mission,36053
Daru Secret Mission,36052
Daru Secret Mission,36051
Daru Secret Mission,36050
Daru Secret Mission,36049
Daru Secret Mission,36048
Daru Secret Mission,36047
Daru Secret Mission,36046
Daru Secret Mission,36045
Daru Secret Mission,36044
Daru Secret Mission,36043
"Moro's Analysis: Haje's Prophecies, Crimson Combat 2",36042
"Moro's Analysis: Haje's Prophecies, Crimson Combat 1",36041
"Moro's Analysis: Haje's Prophecies, Ghost Ship 2",36040
"Moro's Analysis: Haje's Prophecies, Ghost Ship 1",36039
"Moro's Analysis: Haje's Prophecies, Leviathan",36038
"Moro's Analysis: Haje's Prophecies, Abyssal Strike 2",36037
"Moro's Analysis: Haje's Prophecies, Abyssal Strike 1",36036
"Patria's Research: Haje's Prophecies, Crimson Combat 2",36035
"Patria's Research: Haje's Prophecies, Crimson Combat 1",36034
"Patria's Research: Haje's Prophecies, Ghost Ship 2",36033
"Patria's Research: Haje's Prophecies, Ghost Ship 1",36032
"Patria's Research: Haje's Prophecies, Leviathan",36031
"Patria's Research: Haje's Prophecies, Abyssal Strike 2",36030
"Patria's Research: Haje's Prophecies, Abyssal Strike 1",36029
3-Day Any-Post Owl,36028
Daru Secret Orders,36027
Daru Secret Mission,36026
Frozen Wave Fishing Rod 2,36025
State Seal Fragment,36024
Mounted Shield,36022
Privateer's Bow,36021
Pirate Token,36019
건강한 야타 해적 꾸밈옷 응모권,36018
귀여운 야타 해적 꾸밈옷 응모권,36017
10K Credits Raffle Ticket,36016
Movie Raffle Ticket,36015
"영화 ""해적"" 시사회 응모권",36014
Duel Seeker Token,36013
Needs Guild Recruits Token,36012
Needs a Family Token,36011
Be My Friend Token,36010
Needs a Guild Token,36009
Needs a Party Token,36008
Merit Badge,36007
Enoan Shipwright's Design Bag,36006
Eznan Shipwright's Design Bag,36005
Caernord Shipwright's Design Bag,36004
Naval Support Box,36003
Typhoon Shroudlight Design,36002
Seastorm Shroudlight Design,36001
Mistral Shroudlight Design,36000
Seabreeze Shroudlight Design,35999
Typhoon Mist Censer Design,35998
Seastorm Mist Censer Design,35997
Mistral Mist Censer Design,35996
Seabreeze Mist Censer Design,35995
Typhoon Sea Monster Sonar Design,35994
Seastorm Sea Monster Sonar Design,35993
Mistral Sea Monster Sonar Design,35992
Seabreeze Sea Monster Sonar Design,35991
Zephyr Sea Monster Sonar Design,35990
Typhoon Fish Finder Design,35989
Seastorm Fish Finder Design,35988
Mistral Fish Finder Design,35987
Seabreeze Fish Finder Design,35986
Typhoon Compass Design,35985
Seastorm Compass Design,35984
Mistral Compass Design,35983
Seabreeze Compass Design,35982
Typhoon Telescope Design,35981
Seastorm Telescope Design,35980
Mistral Telescope Design,35979
Seabreeze Telescope Design,35978
Caernord Typhoon Rudder Design,35977
Caernord Seastorm Rudder Design,35976
Caernord Mistral Rudder Design,35975
Caernord Seabreeze Rudder Design,35974
Austeran Typhoon Rudder Design,35973
Austeran Seastorm Rudder Design,35972
Austeran Mistral Rudder Design,35971
Austeran Seabreeze Rudder Design,35970
Lutesong Typhoon Rudder Design,35969
Lutesong Seastorm Rudder Design,35968
Lutesong Mistral Rudder Design,35967
Lutesong Seabreeze Rudder Design,35966
Eznan Typhoon Rudder Design,35965
Eznan Seastorm Rudder Design,35964
Eznan Mistral Rudder Design,35963
Eznan Seabreeze Rudder Design,35962
Typhoon Trade Pack Storage Design,35961
Seastorm Trade Pack Storage Design,35960
Mistral Trade Pack Storage Design,35959
Seabreeze Trade Pack Storage Design,35958
Crest Trade Pack Storage Design,35957
Caernord Sea Serpent Propellant Design,35956
Zephyr Explosives Workbench Design,35955
Seabreeze Plank Design,35954
Tsunami Figurehead Design,35953
Sea Drake Figurehead Design,35952
Ivory Nui Figurehead Design,35951
Raging Lionheart Figurehead Design,35950
Charred Bonekraal Figurehead Design,35949
Beast Figurehead Design,35948
Goddess Dahuta Figurehead Design,35947
Dragon Figurehead Design,35946
Mud Slinger Design,35945
Water Cannon Design,35944
Chain-Shot Cannon Design,35943
High-Speed Siege Cannon Design,35942
High-Angle Siege Cannon Design,35941
Large-Caliber Cannon Design,35940
Naval Cannon Design,35939
Shrapnel Cannon Design,35938
Mud Slinger Design,35937
Mounted Shield Design,35936
Needle Harpoon Design,35935
Captain's Cannon Design,35934
Typhoon Mast Design,35933
Seastorm Mast Design,35932
Mistral Mast Design,35931
Seabreeze Mast Design,35930
Typhoon Underwater Breathing Device Design,35929
Seastorm Underwater Breathing Device Design,35928
Mistral Underwater Breathing Device Design,35927
Seabreeze Underwater Breathing Device Design,35926
Zephyr Bottom Mine Design,35925
Zephyr Waterspout Naval Mine Design,35924
Typhoon Sea Monster Sonar,35923
Seastorm Sea Monster Sonar,35922
Mistral Sea Monster Sonar,35921
Seabreeze Sea Monster Sonar,35920
Zephyr Sea Monster Sonar,35919
Growling Zephyr Bonekraal Decor,35918
Goddess's Tide Box,35917
Gilda Star Bundle,35916
Bound Eco-Friendly Fuel Bundle,35915
Bound Hereafter Stone Bundle,35914
Divine Key Bundle,35913
Bound Dahuta's Bubble,35912
Dive Helmet Glass,35911
Dive Helmet Rubber,35910
Dive Helmet Metal,35909
Swimfin Sealant,35908
Swimfin Glue,35907
Swimfin Rubber,35906
Crimson Mist Bottle,35905
Daru Secret Mission,35904
Daru Secret Orders,35903
Abyssal Crystal Lamp,35902
Full Kit: Improved Scarecrow Farm,35901
Full Kit: Spired Chateau,35900
Full Kit: Tidal Bungalow,35899
Shatigon's Sand,35898
Splendid Costume Chest,35897
Barley Hops,35896
Leviathan Eye,35895
Duck Furniture,35894
Pine Furniture,35893
Pumpkin Furniture,35892
Sunflower Furniture,35891
Blue Ribbon Coin,35890
Shadow Orb,35889
Forbidden Spellgem,35888
Bone Chip,35887
Blue Ribbon Reward Chest: Mythic,35886
Possessed Topaz,35885
Cogwheel Motor,35884
여름 축제 선물(준비 중),35882
Spring Festival Gift,35881
Winter Festival Gift,35880
Harvest Festival Gift,35879
Enla Festival Coin,35876
Winter Maiden Coin,35875
Harvest Festival Coin,35874
River Festival Coin,35873
Combat Support Box,35872
Vocation Support Box,35871
East Ishvaran Greatclub,35870
Typhoon Underwater Breathing Device,35869
Seastorm Underwater Breathing Device,35868
Mistral Underwater Breathing Device,35867
Seabreeze Underwater Breathing Device,35866
Loka's Greatclub,35865
Calleil Priory Greatclub,35864
Hostile Greatclub,35863
Bergran's Greatclub,35862
Antiquarian's Greatclub,35861
Paddies Greatclub,35860
Torini's Greatclub,35859
Botanist's Greatclub,35858
Guardian's Greatclub,35857
Fisherman's Greatclub,35856
Comrade's Greatclub,35855
Blue Cypress Greatclub,35854
Agitator's Greatclub,35853
Wandering Winds Greatclub,35852
Firran Greatclub,35851
West Ishvara Greatclub,35850
Harani Greatclub,35849
Dreamwaker Exiles Greatclub,35848
Elven Greatclub,35847
Crescent Throne Greatclub,35846
Nuian Greatclub,35845
East Ishvaran Greatclub,35844
Loka's Greatclub,35843
Calleil Priory Greatclub,35842
Hostile Greatclub,35841
Bergran's Greatclub,35840
Antiquarian's Greatclub,35839
Paddies Greatclub,35838
Torini's Greatclub,35837
Botanist's Greatclub,35836
Guardian's Greatclub,35835
Fisherman's Greatclub,35834
Comrade's Greatclub,35833
Blue Cypress Greatclub,35832
Agitator's Greatclub,35831
Wandering Winds Greatclub,35830
Firran Greatclub,35829
West Ishvara Greatclub,35828
Harani Greatclub,35827
Dreamwaker Exiles Greatclub,35826
Elven Greatclub,35825
Crescent Throne Greatclub,35824
Nuian Greatclub,35823
Perdita Statue Torso,35822
Fine Delphinad Pottery,35821
Delphinad Register,35820
Dimensional Storage Chest Design,35819
Hummingbird Storage Chest,35818
Purifying Archeum Voucher,35817
Silver Leviathan Statue,35816
Joyride Vault,35815
Unidentified Billowy Cloak,35814
Unidentified Superior Hook,35813
Caernord Typhoon Rudder,35812
Caernord Seastorm Rudder,35811
Caernord Mistral Rudder,35810
Caernord Seabreeze Rudder,35809
Austeran Typhoon Rudder,35808
Austeran Seastorm Rudder,35807
Austeran Mistral Rudder,35806
Austeran Seabreeze Rudder,35805
Lutesong Typhoon Rudder,35804
Lutesong Seastorm Rudder,35803
Lutesong Mistral Rudder,35802
Lutesong Seabreeze Rudder,35801
Eznan Typhoon Rudder,35800
Eznan Seastorm Rudder,35799
Eznan Mistral Rudder,35798
Eznan Seabreeze Rudder,35797
Typhoon Mast,35796
Seastorm Mast,35795
Mistral Mast,35794
Seabreeze Mast,35793
Typhoon Trade Pack Storage,35792
Seastorm Trade Pack Storage,35791
Mistral Trade Pack Storage,35790
Seabreeze Trade Pack Storage,35789
Typhoon Compass,35788
Seastorm Compass,35787
Mistral Compass,35786
Seabreeze Compass,35785
Typhoon Fish Finder,35784
Seastorm Fish Finder,35783
Mistral Fish Finder,35782
Seabreeze Fish Finder,35781
Typhoon Telescope,35780
Seastorm Telescope,35779
Mistral Telescope,35778
Seabreeze Telescope,35777
Typhoon Underwater Breathing Device,35776
Classic Billowy Cloak,35775
Cheery Billowy Cloak,35774
Seastorm Underwater Breathing Device,35773
Mysterious Billowy Cloak,35772
Mistral Underwater Breathing Device,35771
Silver Hook,35770
Gold Hook,35769
Cast Iron Hook,35768
Seabreeze Underwater Breathing Device,35767
Typhoon Shroudlight,35762
Seastorm Shroudlight,35761
Mistral Shroudlight,35760
Greenman Anima Fragment,35759
Master's Music Paper,35757
Caernord Sea Serpent Propellant,35756
Arrogant Duelist Costume,35755
Haughty Duelist Costume,35754
Crimson Watch Shoes,35753
Crimson Watch Gloves,35752
Crimson Watch Pants,35751
Crimson Watch Shirt,35750
Hermit's Footprints,35749
Hermit's Touch,35748
Hermit's Will,35747
Hermit's Heart,35746
Hermit's Glare,35745
Barrel Splash Swimbottoms,35744
Barrel Splash Swimtop,35743
Hangover Cure,35742
Vaughn's Refreshing Beer,35741
Volio's Records,35739
State Seal Fragment,35738
State Seal Fragment,35737
Scroll: Watermelon Barrel,35736
State Seal Fragment,35735
Bound Crime Cleaner,35734
Crime Cleaner,35733
Special Hearty Meal,35731
New Beginnings Token,35730
Bound Majestic Tree,35728
Bound Mining Drill,35727
Bound Fishing Pond,35726
Brainstorm Storage Chest,35725
Animal Friend Chest,35724
Glider Companion: Sloth,35723
Crest Trade Pack Storage,35722
Rainbow Sprinkler,35721
Wrapped Crimson Lightning Legguards Chest,35720
Wrapped Crimson Lightning Saddle Chest,35719
Wrapped Crimson Lightning Helm Chest,35718
Wrapped Crimson Lightning Chest,35717
Spirited Red Chest,35716
Starbound Conviction Sabatons,35715
Starbound Conviction Gauntlets,35714
Starbound Conviction Greaves,35713
Starbound Conviction Cuirass,35712
Starbound Conviction Helm,35711
Dashing Evanescence Boots,35710
Dashing Evanescence Fists,35709
Dashing Evanescence Breeches,35708
Dashing Evanescence Jerkin,35707
Dashing Evanescence Cap,35706
Purehearted Goddess Shoes,35705
Purehearted Goddess Gloves,35704
Purehearted Goddess Pants,35703
Purehearted Goddess Shirt,35702
Purehearted Goddess Hood,35701
Brutal Annihilators Sabatons,35700
Brutal Annihilator Gauntlets,35699
Brutal Annihilator Greaves,35698
Brutal Annihilator Cuirass,35697
Brutal Annihilator Helm,35696
Screaming Shadow Boots,35695
Screaming Shadow Fists,35694
Screaming Shadow Breeches,35693
Screaming Shadow Jerkin,35692
Screaming Shadow Cap,35691
Cold Flames Shoes,35690
Cold Flames Gloves,35689
Cold Flames Pants,35688
Cold Flames Shirt,35687
Cold Flames Hood,35686
Resolute Conviction Sabatons,35685
Resolute Conviction Gauntlets,35684
Resolute Conviction Greaves,35683
Resolute Conviction Cuirass,35682
Resolute Conviction Helm,35681
Silent Evanescence Boots,35680
Silent Evanescence Fists,35679
Silent Evanescence Breeches,35678
Silent Evanescence Jerkin,35677
Silent Evanescence Cap,35676
Purehearted Shoes,35675
Purehearted Gloves,35674
Purehearted Pants,35673
Purehearted Shirt,35672
Purehearted Hood,35671
Vengeful Annihilator Sabatons,35670
Vengeful Annihilator Gauntlets,35669
Vengeful Annihilator Greaves,35668
Vengeful Annihilator Cuirass,35667
Vengeful Annihilator Helm,35666
Silent Shadow Boots,35665
Silent Shadow Fists,35664
Silent Shadow Breeches,35663
Silent Shadow Jerkin,35662
Silent Shadow Cap,35661
Kindled Passion Shoes,35660
Kindled Passion Gloves,35659
Kindled Passion Pants,35658
Kindled Passion Shirt,35657
Kindled Passion Hood,35656
Conviction Sabatons,35655
Conviction Gauntlets,35654
Conviction Greaves,35653
Conviction Cuirass,35652
Conviction Helm,35651
Evanescent Boots,35650
Evanescent Fists,35649
Evanescent Breeches,35648
Evanescent Jerkin,35647
Evanescent Cap,35646
Pure Shoes,35645
Pure Gloves,35644
Pure Pants,35643
Pure Shirt,35642
Pure Hood,35641
Annihilator's Sabatons,35640
Annihilator's Gauntlets,35639
Annihilator's Greaves,35638
Annihilator's Cuirass,35637
Annihilator's Helm,35636
Shadow Boots,35635
Shadow Fists,35634
Shadow Breeches,35633
Shadow Jerkin,35632
Shadow Cap,35631
Flaming Passion Shoes,35630
Flaming Passion Gloves,35629
Flaming Passion Pants,35628
Flaming Passion Shirt,35627
Flaming Passion Hood,35626
Cursed Obsidian Sabatons,35625
Cursed Obsidian Gauntlets,35624
Cursed Obsidian Greaves,35623
Cursed Obsidian Cuirass,35622
Cursed Obsidian Helm,35621
Cursed Obsidian Boots,35620
Cursed Obsidian Fists,35619
Cursed Obsidian Breeches,35618
Cursed Obsidian Jerkin,35617
Cursed Obsidian Cap,35616
Cursed Obsidian Shoes,35615
Cursed Obsidian Gloves,35614
Cursed Obsidian Pants,35613
Cursed Obsidian Shirt,35612
Cursed Obsidian Hood,35611
Ominous Obsidian Sabatons,35610
Ominous Obsidian Gauntlets,35609
Ominous Obsidian Greaves,35608
Ominous Obsidian Cuirass,35607
Ominous Obsidian Helm,35606
Ominous Obsidian Boots,35605
Ominous Obsidian Fists,35604
Ominous Obsidian Breeches,35603
Ominous Obsidian Jerkin,35602
Ominous Obsidian Cap,35601
Ominous Obsidian Shoes,35600
Ominous Obsidian Gloves,35599
Ominous Obsidian Pants,35598
Ominous Obsidian Shirt,35597
Ominous Obsidian Hood,35596
Obsidian Sabatons,35595
Obsidian Gauntlets,35594
Obsidian Greaves,35593
Obsidian Cuirass,35592
Obsidian Helm,35591
Obsidian Boots,35590
Obsidian Fists,35589
Obsidian Breeches,35588
Obsidian Jerkin,35587
Obsidian Cap,35586
Obsidian Shoes,35585
Obsidian Gloves,35584
Obsidian Pants,35583
Obsidian Shirt,35582
Obsidian Hood,35581
Pirate Plushie Pet,35580
Dance of Songcraft,35579
Ode of Vitalism,35578
Nocturne of Witchcraft,35577
Dirge of Occultism,35576
Fantasia of Sorcery,35575
Ballad of Auramancy,35574
March of Defense,35573
Aria of Archery,35572
Croon of Shadowplay,35571
Anthem of Battlerage,35570
Voidspell,35569
Bandit King,35568
Spellsinger's Focus,35567
Prophet's Promise,35566
Fiendfinder,35565
Heartseeker,35564
Eternal Bond,35563
Sunlord's Conquest,35562
Lifestealer,35561
Dirgebringer,35560
Souldrinker,35559
Nightmare Point,35558
Wyrding Wall,35557
Outlaw,35556
Bard's Companion,35555
Diviner's Dream,35554
Eagle's Longspear,35553
Eagle's Shortspear,35552
Oathkeeper,35551
Moonlit Herald,35550
Bloodseeker's Nodachi,35549
Hymnblade,35548
Bloodseeker's Blade,35547
Dreamer's Point,35546
Mystic Ward,35545
Fugitive,35544
Minstrel's Friend,35543
Seer's Vision,35542
Falcon's Longspear,35541
Falcon's Shortspear,35540
Oathmaker,35539
Starlit Herald,35538
Hungering Nodachi,35537
Songblade,35536
Hungering Blade,35535
Sleeper's Point,35534
Scroll: Cogwheel Longboard,35533
Enoan Galleon Design,35532
Gilda Star Bag,35531
Enoan Zephyr Triple Square Rig,35530
Medium Warship Materials,35529
Small Warship Materials,35528
Merchant Schooner Materials,35527
Clipper Materials,35526
Faded Compassion Token,35525
Eternal Compassionate Greatclub,35524
Brilliant Compassionate Greatclub,35523
Faded Compassionate Greatclub,35522
tool_얼음 낚싯대 전용,35496
Seafoam Reclined Sun Lounger,35493
Seafoam Sun Lounger,35492
Caernord Zephyr Rudder,35491
Austeran Zephyr Rudder,35490
Volio's Records,35489
Volio's Records,35488
Lutesong Zephyr Rudder,35487
Wicker Bed Design,35486
Otherworld Storage Chest,35484
Enoan Zephyr Double Square Rig,35483
Wrapped Star Cake,35482
Scratched Dean's Safe,35477
Scratched Scholar's Safe,35476
Scratched Librarian's Safe,35475
Scratched Prince's Safe,35474
Scratched Jester's Safe,35473
Scratched Noble's Safe,35472
Scratched Merchant's Safe,35471
Scratched Priest's Safe,35470
Scratched Farmer's Safe,35469
Stolen Dean's Bag,35468
Stolen Scholar's Bag,35467
Stolen Jester's Bag,35466
Stolen Noble's Bag,35465
Stolen Merchant's Bag,35464
Stolen Priest's Bag,35463
Stolen Farmer's Bag,35462
Prince's Coinpurse,35461
Victor's Statue,35460
Thinking Nuian Statue,35459
Shieldmaiden Sculpture,35458
Decorative Gold Goblet,35457
Decorative Marionette,35456
Puppet Theater,35455
Round Carving,35454
Starshard Carving,35453
Uneven Carving,35452
Cash Register,35451
Decorative Scale,35450
Decorative Swords,35449
Decorative Hunting Rifle,35448
Decorative Tiger Skull,35447
Decorative Deer Skull,35446
Golden Jellyfish Egg,35445
Gilt Kettle,35444
White Jar,35443
Earthen Jar,35442
Resting Russet Jar,35441
Large Russet Jar,35440
Gold Urn,35439
Russet Jar,35438
Apricot Glaze Jar,35437
Porcelain Sculpture,35436
Cobalt Porcelain,35435
Gold Goblet,35434
Russet Bottle,35433
Gilt Porcelain,35432
Bronze Dish,35431
Blue and White Porcelain,35430
Eznan Zephyr Rudder,35429
Harani Stone Lantern,35428
Noryette Indoor Lamp,35427
Zephyr Mast,35426
Artist's Old Parchment,35425
Iron Torch Sconce,35424
Iron Sconce,35423
Handheld Torch Sconce,35422
Gweonid Treevine Streetlight,35421
Gweonid Leafy Streetlight,35420
Blue Torch Sconce,35419
Red Torch Sconce,35418
Hanging Iron Torch,35417
Harani Shaded Streetlight,35416
Harani Red Shade Streetlight,35415
Ayanad Meadow Necklace,35414
Ayanad Lightning Necklace,35413
Delphinad Meadow Necklace,35412
Delphinad Lightning Necklace,35411
Epherium Meadow Necklace,35410
Epherium Lightning Necklace,35409
Ayanad Meadow Earring,35408
Ayanad Lightning Earring,35407
Delphinad Meadow Earring,35406
Delphinad Lightning Earring,35405
Epherium Meadow Earring,35404
Epherium Lightning Earring,35403
Ayanad Meadow Ring,35402
Ayanad Lightning Ring,35401
Delphinad Meadow Ring,35400
Delphinad Lightning Ring,35399
Epherium Meadow Ring,35398
Epherium Lightning Ring,35397
Wicker Bed,35396
Green-Quilted Pumpkin Coach Bed,35395
Violet-Quilted Pumpkin Coach Bed,35394
Stellar Scarecrow Farm Bundle,35393
Lunar Scarecrow Farm Bundle,35392
Solar Scarecrow Farm Bundle,35391
Pavilion Beam Bundle,35390
Stellar Pavilion Farm Kit,35389
Mephiro's Letter,35386
Zephyr Explosives Workbench,35385
Delphinad Vocational Tassets,35384
Delphinad Vocational Vambraces,35383
Delphinad Vocational Sabatons,35382
Delphinad Vocational Gauntlets,35381
Delphinad Vocational Greaves,35380
Delphinad Vocational Cuirass,35379
Delphinad Vocational Helm,35378
Ayanad Vocational Tassets,35377
Ayanad Vocational Vambraces,35376
Ayanad Vocational Sabatons,35375
Ayanad Vocational Gauntlets,35374
Ayanad Vocational Greaves,35373
Ayanad Vocational Cuirass,35372
Ayanad Vocational Helm,35371
Epherium Vocational Tassets,35370
Epherium Vocational Vambraces,35369
Epherium Vocational Sabatons,35368
Epherium Vocational Gauntlets,35367
Epherium Vocational Greaves,35366
Epherium Vocational Cuirass,35365
Epherium Vocational Helm,35364
Magnificent Vocational Tassets,35363
Magnificent Vocational Vambraces,35362
Magnificent Vocational Sabatons,35361
Magnificent Vocational Gauntlets,35360
Magnificent Vocational Greaves,35359
Magnificent Vocational Cuirass,35358
Magnificent Vocational Helm,35357
Illustrious Vocational Tassets,35356
Illustrious Vocational Vambraces,35355
Illustrious Vocational Sabatons,35354
Illustrious Vocational Gauntlets,35353
Illustrious Vocational Greaves,35352
Illustrious Vocational Cuirass,35351
Illustrious Vocational Helm,35350
Ayanad Vocational Sash,35349
Ayanad Vocational Sleeves,35348
Ayanad Vocational Shoes,35347
Ayanad Vocational Gloves,35346
Ayanad Vocational Pants,35345
Ayanad Vocational Shirt,35344
Ayanad Vocational Hood,35343
Delphinad Vocational Sash,35342
Delphinad Vocational Sleeves,35341
Delphinad Vocational Shoes,35340
Delphinad Vocational Gloves,35339
Delphinad Vocational Pants,35338
Delphinad Vocational Shirt,35337
Delphinad Vocational Hood,35336
Epherium Vocational Sash,35335
Epherium Vocational Sleeves,35334
Epherium Vocational Shoes,35333
Epherium Vocational Gloves,35332
Epherium Vocational Pants,35331
Epherium Vocational Shirt,35330
Epherium Vocational Hood,35329
Magnificent Vocational Sash,35328
Magnificent Vocational Sleeves,35327
Magnificent Vocational Shoes,35326
Magnificent Vocational Gloves,35325
Magnificent Vocational Pants,35324
Magnificent Vocational Shirt,35323
Magnificent Vocational Hood,35322
Illustrious Vocational Sash,35321
Illustrious Vocational Sleeves,35320
Illustrious Vocational Shoes,35319
Illustrious Vocational Gloves,35318
Illustrious Vocational Pants,35317
Illustrious Vocational Shirt,35316
Illustrious Vocational Hood,35315
Ageless Architect Token,35314
Lunar Pavilion Farm Kit,35313
Solar Pavilion Farm Kit,35312
Checkpoint Flag,35311
Bloody Adorable Yata Pirate Costume,35310
Blackjack Yata Pirate Costume,35309
Cheerberry Yata Costume,35308
True Blue Yata Costume,35307
테스트 술통 ucc,35304
Sharpwind Mining Drill,35303
Carrot Wings,35302
Radiant Archeum Tree Sapling,35301
Prepay Tax Certificate,35299
Red-Quilted Pumpkin Coach Bed,35298
Whirlpool Isle Refined Crystal,35297
Abyssal Crystal,35296
Mirage Plate Armor Box,35295
Mirage Cloth Armor Box,35294
Mirage Leather Armor Box,35293
Mirage Epherium Quake Tassets,35292
Mirage Epherium Quake Vambraces,35291
Mirage Epherium Quake Sabatons,35290
Mirage Epherium Quake Gauntlets,35289
Mirage Epherium Quake Greaves,35288
Mirage Epherium Quake Cuirass,35287
Mirage Epherium Quake Helm,35286
Mirage Epherium Ocean Sash,35285
Mirage Epherium Ocean Sleeves,35284
Mirage Epherium Ocean Shoes,35283
Mirage Epherium Ocean Gloves,35282
Mirage Epherium Ocean Pants,35281
Mirage Epherium Ocean Shirt,35280
Mirage Epherium Ocean Hood,35279
Mirage Epherium Typhoon Belt,35278
Mirage Epherium Typhoon Guards,35277
Mirage Epherium Typhoon Boots,35276
Mirage Epherium Typhoon Fists,35275
Mirage Epherium Typhoon Breeches,35274
Mirage Epherium Typhoon Jerkin,35273
Mirage Epherium Typhoon Cap,35272
More Mysterious Box,35271
Returning Heir's Ring,35270
Scroll: Mirage Farm Hauler,35269
Returning Heir's Supply Box,35268
Zephyr Trade Pack Storage,35267
Returning Heir's Bundle,35266
Smoldering Log Bundle,35265
Growling Zephyr Square Mainsail,35264
Growling Zephyr Square Foresail,35263
Fisherman's Teleport Kit,35262
Tsunami Figurehead,35260
Sea Drake Figurehead,35259
Dropped Ice Tuna Fry Pack,35258
Dropped Ice Tuna Pack,35257
Dropped Gargantuan Ice Tuna Pack,35256
Mirage Hellkissed Shield,35255
Mirage Hellkissed Bow,35254
Mirage Hellkissed Club,35253
Mirage Hellkissed Scepter,35252
Mirage Hellkissed Sword,35251
Ultimate Weapon Chest,35250
테스트용 소환수 태엽2,35249
Prime Heir's Costume,35248
Bound Experia Duck Patch,35247
Bound Experia Sunflower Patch,35246
Bound Experia Pumpkin Patch,35245
Bound Experia Pine Patch,35244
Bound Tyrenos's Index,35243
tool_에페리움의 사막 양손도끼,35242
tool_명예로운 기절의 한손검,35241
Destiny's Gift,35240
Destiny's Gift,35239
Destiny's Gift,35238
Destiny's Gift,35237
Destiny's Gift,35236
Adventurer's Fragrant Soup,35235
Adventurer's Sweet Soup,35234
Adventurer's Simple Sandwich,35233
Adventurer's Sweet Bread,35232
Loyalty Token Pouch,35231
Super Weapon Temper Grit,35230
Super Weapon Temper Powder,35229
Super Weapon Temper Sand,35228
Goddess's Spirit Gear Box,35227
Sassy Cheer Uniform,35226
Soccerball Headband,35225
Cultivated Ginseng Greenhouse,35224
Aloe Greenhouse,35223
Thistle Greenhouse,35222
Mushroom Greenhouse,35221
Saffron Greenhouse,35220
Poppy Greenhouse,35219
Turmeric Greenhouse,35218
Sunflower Greenhouse,35217
Rosemary Greenhouse,35216
Mint Greenhouse,35215
Lavender Greenhouse,35214
Iris Greenhouse,35213
Cactus Greenhouse,35212
Cornflower Greenhouse,35211
Lotus Greenhouse,35210
Lily Greenhouse,35209
Cotton Greenhouse,35208
Rose Greenhouse,35207
Narcissus Greenhouse,35206
Azalea Greenhouse,35205
Clover Greenhouse,35204
Quinoa Greenhouse,35203
Bean Greenhouse,35202
Peanut Greenhouse,35201
Rye Greenhouse,35200
Oats Greenhouse,35199
Wheat Greenhouse,35198
Corn Greenhouse,35197
Rice Greenhouse,35196
Barley Greenhouse,35195
Chili Pepper Greenhouse,35194
Yam Greenhouse,35193
Pumpkin Greenhouse,35192
Strawberry Greenhouse,35191
Garlic Greenhouse,35190
Tomato Greenhouse,35189
Onion Greenhouse,35188
Carrot Greenhouse,35187
Cucumber Greenhouse,35186
Potato Greenhouse,35185
dw_m_hair003,35143
Multipurpose Cannon,35142
Chain-Shot Cannon,35141
High-Speed Siege Cannon,35140
High-Angle Siege Cannon,35139
Large-Caliber Cannon,35138
Naval Cannon,35137
Diamond Shores Teleport Scroll,35136
Wrapped Frozen Wave Fishing Rod,35135
Shrapnel Cannon,35134
Crimson Watch Gift,35125
Crimson Watch Soccer Invite,35124
Diamond Shores Soccer Pitch Teleport Scroll,35123
Bronze AA Cup,35122
Silver AA Cup,35121
Golden AA Cup,35120
Prisoner's Pride,35119
Unidentified Fishing Rod,35118
Restoration Alembic,35117
Breezy Flip-Flops,35116
Tropical Bikini Bottoms,35115
Tropical Bikini Top,35114
Spired Chateau Design,35113
Bound Red Lure,35112
Bound Golden Library Index,35111
Soccer Gloves,35110
Duimos's Memoirs Manuscript,35109
Humanity's Naval History Manuscript,35108
Duimos's Memoirs,35107
Humanity's Naval History,35106
Storm Caller's Hoop,35105
Goddess's Ocean Box,35104
Flip-Flops Cloth,35103
Flip-Flops Wood,35102
Flip-Flops Rubber,35101
Captain's Portrait,35100
Wrapped Land Expansion Certificate,35098
Fisher King Coin Bag,35097
Unidentified Fishing Rod Material 4,35096
Unidentified Fishing Rod Material 3,35095
Unidentified Fishing Rod Material 1,35094
Bracelet Pigment,35093
Bracelet Metal,35092
Bracelet Wood,35091
Swimbottoms Pigment,35090
Swimbottoms Spandex,35089
Swimbottoms Silk,35088
Swimtop Pigment,35087
Swimtop Spandex,35085
Swimtop Silk,35083
Kraken's Lost Treasures,35081
Anthalon's Lost Treasures,35080
Shining Sturgeon Pack,35079
Shining Bluefin Pack,35078
Red Dragon's Lost Treasures,35077
Shining Sailfish Pack,35076
Shining Blue Marlin Trophy,35075
Shining Sailfish Trophy,35074
Shining Bluefin Trophy,35073
Shining Sturgeon Trophy,35072
^Shining Blue Marlin Pack|Paquet de makaire bleu brillant|Glänzender Blauer-Marlin-Paket^,35071
Guild Trade Mission,35070
Guild Hunting Mission,35069
Guild Arena Mission,35068
Guild Supply Mission,35067
Guild Trade Mission,35066
Majestic Tree,35065
Unidentified Fluffy Pawtholders,35064
Unidentified Clockwork Key,35063
Unidentified Mini-Wings,35062
Unidentified Heart Spectacles,35061
Majestic Logs,35060
Oathbreaker Plate,35059
Oathbound Plate,35057
Haje's Prophecies #039,35056
Frozen Wave Fishing Rod,35055
Andelph's Glory,35053
Erenor Map,35052
Any-Post Owl,35051
Elixir of Wits,35050
Lightning Orb,35049
Lugo's Gift,35048
Darot's Gift,35047
Beefy Hammer,35046
Rare Medicinal Antlers,35045
Younger Brother's Rice,35044
Elder Brother's Rice,35043
dw_m_hair002,35042
Blue Salt Festival Table,35041
Indomitable Spirit Glider,35040
Soccer Cleats,35039
Ship Component Regrade Scroll,35036
Taylor's Journal,35035
Taking Wing: Glider History,35034
Taking Wing: Glider History Manuscript,35033
Taylor's Journal Manuscript,35032
Tidal Bungalow Design,35028
Auroran Charge,35027
Scroll: Waterski,35021
Scroll: Longboard,35020
Scroll: Enoan Galleon,35018
Improved Scarecrow Farm Design,35013
Goddess's Charm Box,35012
Elixir of Insatiable Greed,35011
Elixir of Greed,35010
Gender Swap Certificate Scrap 3,35009
Gender Swap Certificate Scrap 2,35008
Gender Swap Certificate Scrap 1,35007
Salon Certificate Scrap 3,35006
Salon Certificate Scrap 2,35005
Salon Certificate Scrap 1,35004
Golden Fluffy Pawtholders,35003
Golden Clockwork Key,35002
Golden Mini-Wings,35001
Classic Heart Spectacles,35000
Sunny Fluffy Pawtholders,34999
Sunny Clockwork Key,34998
Sunny Mini-Wings,34997
Sunny Heart Spectacles,34996
Tranquil Fluffy Pawtholders,34995
Tranquil Clockwork Key,34994
Tranquil Mini-Wings,34993
Tranquil Heart Spectacles,34992
Minty Fluffy Pawtholders,34991
Minty Clockwork Key,34990
Minty Mini-Wings,34989
Minty Heart Spectacles,34988
Mysterious Fluffy Pawtholders,34987
Mysterious Clockwork Key,34986
Mysterious Mini-Wings,34985
Mysterious Heart Spectacles,34984
Enchanted Blueprint,34983
Pet Leash,34982
Lavaspark,34981
Hapless Token,34980
Fortune's Favorite Token,34979
Busybody Token,34978
Highly Secretive Token,34977
Volgaru the Bandit's Loot Bag,34976
Cheery Fluffy Pawtholders,34975
Cheery Clockwork Key,34974
Cheery Mini-Wings,34973
Cheery Heart Spectacles,34972
Glorious Dawnsdrop Belt,34970
Glorious Dawnsdrop Guards,34969
Glorious Dawnsdrop Boots,34968
Glorious Dawnsdrop Fists,34967
Glorious Dawnsdrop Breeches,34966
Glorious Dawnsdrop Jerkin,34965
Glorious Dawnsdrop Cap,34964
Radiant Dawnsdrop Belt,34963
Radiant Dawnsdrop Guards,34962
Radiant Dawnsdrop Boots,34961
Radiant Dawnsdrop Fists,34960
Radiant Dawnsdrop Breeches,34959
Radiant Dawnsdrop Jerkin,34958
Radiant Dawnsdrop Cap,34957
Dazzling Dawnsdrop Belt,34956
Dazzling Dawnsdrop Guards,34955
Dazzling Dawnsdrop Boots,34954
Dazzling Dawnsdrop Fists,34953
Dazzling Dawnsdrop Breeches,34952
Dazzling Dawnsdrop Jerkin,34951
Dazzling Dawnsdrop Cap,34950
Dewy Dawnsdrop Belt,34949
Dewy Dawnsdrop Guards,34948
Dewy Dawnsdrop Boots,34947
Dewy Dawnsdrop Fists,34946
Dewy Dawnsdrop Breeches,34945
Dewy Dawnsdrop Jerkin,34944
Dewy Dawnsdrop Cap,34943
Dawnsdrop Belt,34942
Dawnsdrop Guards,34941
Dawnsdrop Boots,34940
Dawnsdrop Fists,34939
Dawnsdrop Breeches,34938
Dawnsdrop Jerkin,34937
Dawnsdrop Cap,34936
Gratitude Token,34935
Glass Phoenix,34934
Gilt Spiral Glider,34933
Daru Rowdy Pen,34932
Daru Organic Bamboo Cage,34931
Whyspron Pet Legguards,34930
Whyspron Pet Helm,34929
Whyspron Mount Saddle,34928
Improved Produce Seed Bundle,34927
Improved Spice Seed Bundle,34926
Improved Grain Seed Bundle,34925
Improved Flower Seed Bundle,34924
Improved Medicinal Seed Bundle,34923
Improved Fragrant Fruiting Woodlot,34921
Improved Savory Fruiting Woodlot,34920
Improved Skyreach Woodlot,34919
Lord of the Dance Token,34918
Dean's Coinpurse,34916
Scholar's Coinpurse,34915
Wrapped Customizable Furniture Bundle,34914
Wrapped 13-Pigment Bundle,34913
Wrapped Basic Materials Bundle,34912
Wrapped Regrade Jewel Bundle,34911
Wrapped Lucky Regrade Jewel Bundle,34910
에아나드의 제작 비법서(테스트 서버),34909
Balloon Box,34908
Frame Box,34907
Sidewalk Sign Box,34906
Guild Balloon,34905
Guild Frame,34904
Guild Sidewalk Sign,34903
Blank Mission Scroll,34902
Guild Mission Quill Case,34901
Trade Mission Quill,34900
Hunting Mission Quill,34899
Arena Mission Quill,34898
Supply Mission Quill,34897
Trade Mission Quill,34896
Ayanad Library Bounty 10,34895
Ayanad Library Bounty 9,34894
Ayanad Library Bounty 8,34893
Ayanad Library Bounty 7,34892
Ayanad Library Bounty 6,34891
Ayanad Library Bounty 5,34890
Ayanad Library Bounty 4,34889
Ayanad Library Bounty 3,34888
Ayanad Library Bounty 2,34887
Ayanad Library Bounty 1,34886
Guild Trade Mission,34885
Guild Unity Token,34880
Painting Chest,34879
Andelph's Glory: Bottom Row Right,34878
Andelph's Glory: Bottom Row Center,34877
Andelph's Glory: Bottom Row Left,34876
Andelph's Glory: 3rd Row Right,34875
Andelph's Glory: 3rd Row Center,34874
Andelph's Glory: 3rd Row Left,34873
Andelph's Glory: 2nd Row Right,34872
Andelph's Glory: 2nd Row Center,34871
Andelph's Glory: 2nd Row Left,34870
Andelph's Glory: Top Row Right,34869
Andelph's Glory: Top Row Center,34868
Andelph's Glory: Top Row Left,34867
Guild Hunting Mission,34866
Guild Arena Mission,34865
Guild Supply Mission,34864
Guild Trade Mission,34863
Exeloch Teleport Scroll,34862
Sungold Fields Teleport Scroll,34861
Sungold Fields Teleport Scroll,34860
열기구 테스트,34859
간판 테스트,34858
입간판 테스트,34857
Private Artistry Workbench,34856
Private Artistry Workbench Design,34855
Stolen Prince's Bag,34853
Cottage Plushie Pet,34850
Mythic Event Item,34848
Legendary Event Item,34847
Epic Event Item,34846
Divine Event Item,34845
Celestial Event Item,34844
Unique Event Item,34843
Heroic Event Item,34842
Arcane Event Item,34841
Rare Event Item,34840
Grant Event Item,34839
Basic Event Item,34838
Crude Event Item,34837
Wrapped Serpentis's Legacy,34836
Wrapped Mysterious Garden Powder,34835
Wrapped Starlight Archeum Crystal,34834
Wrapped Moonlight Archeum Crystal,34833
Wrapped Sunlight Archeum Crystal,34832
Wrapped Crest Brainstorm,34831
Wrapped Gilded Royal Glider,34830
Wrapped Car Display Stand,34829
Wrapped Fusion Alembic,34828
Wrapped Solar Scarecrow Farm Kit,34827
Appraisal Certificate,34826
Wrapped Tax Certificate 10-pack,34825
Wrapped Vehicle Upgrade Ticket,34824
Wrapped Wagon Upgrade Ticket,34823
Wrapped Vocation Tonic,34822
Wrapped Elating Dawn,34821
Vocation Hastener Scroll,34819
Combat Scroll: Toughness,34818
XP Boost Scroll,34817
Lucky Starborn Gem,34816
Lucky Starborn Gem,34815
Lucky Starborn Gem,34814
Lucky Starborn Gem,34813
Lucky Starborn Gem,34812
Lucky Starborn Gem,34811
Lucky Starborn Gem,34810
Lucky Starborn Gem,34809
Lucky Starborn Gem,34808
Lucky Starborn Gem,34807
Lucky Starborn Gem,34806
Lucky Starborn Gem,34805
Vocation Support Box,34804
Combat Support Box,34803
Broken Weapon Chest,34802
Liberty Drums Design,34801
Autumn Greenman Suit,34800
Tempting Apple,34799
Gilt Red Dragon Statue,34798
Regrade Jewel Pack,34797
Fairy Plushie Tool,34796
사용 안함,34795
Glorious Goldfish,34794
Vivid Goldfish,34793
Clear Goldfish,34792
sk_captain001,34791
Cloak Reward Pack,34780
Mining Drill,34779
Fishing Pond,34778
Nonstandard Construction Brick Bundle,34776
Nonstandard Finishing Touches Bundle,34775
Nonstandard Construction Tool Bundle,34774
Nonstandard Wooden Beam Bundle,34773
원정대원 일일 퀘스트 이벤트 테스트,34772
원정대원 일일 퀘스트 이벤트 테스트,34771
원정대원 일일 퀘스트 이벤트 테스트,34770
Guild Event Coin,34769
Guild Mission Box,34768
원정대장 일일 퀘스트 이벤트 테스트,34767
Jumbo Jake Plushie,34766
Discontinued Land Expansion Certificate,34765
장비진화재료desc_41,34764
장비진화재료desc_40,34763
Fierce Vow's Blood,34762
Bitter Teardrop,34761
Anthalon's Crimson Hallow,34760
Kraken Ink Sac,34759
Nazar's Crown,34758
Experienced Adventurer's Compass,34757
Garden Records,34756
Nightmare Essence,34755
Iron Armor Fragment,34754
Jola's Scale,34753
Vyrava's Inferno,34752
Hanure's Horn,34751
Yaksa Stone Fragment,34750
(DEPRECATED)장비진화재료desc,34749
Alexander's Platinum Case,34748
Halnaak's Golden Scale,34747
Wynn's Bronze Cross,34746
Tinnereph's Monocle,34745
Jergant's Music Box,34744
Runert's Carving Knife,34743
Ecktom's Prayer Beads,34742
Stena's Crystal Orb,34741
Kaylin's Quill,34740
Ouroboros Statue,34739
Pygmy Skull,34738
Philosopher's Stone Fragment,34737
Weathered Beryl,34736
Ruthart's Doodles,34735
Inakos's Grimoire,34734
Herzan's Research,34733
Renaia's Research Journal,34732
Dense Lead,34731
Brine Flakes,34730
Mercury Solution,34729
Sulfur Crystal,34728
Ritual Aquamarine,34727
Tainted Jewel,34726
Haunted Obsidian,34725
Malevolent Obsidian,34724
Cursed Ravenstone,34723
Liberty Drums,34722
Gods' Reward Potion,34721
장비진화_8단계방패,34720
장비진화_8단계관악기,34719
장비진화_8단계현악기,34718
장비진화_8단계활,34717
장비진화_8단계양손지팡이,34716
장비진화_8단계한손지팡이,34715
장비진화_8단계양손창,34714
장비진화_8단계한손창,34713
장비진화_8단계양손둔기,34712
장비진화_8단계한손둔기,34711
장비진화_8단계양손도끼,34710
장비진화_8단계한손도끼,34709
장비진화_8단계양손도,34708
장비진화_8단계한손도,34707
장비진화_8단계양손검,34706
장비진화_8단계한손검,34705
장비진화_8단계단검,34704
Seer's Anticipation,34703
Violet Waltz,34702
Bard's Scroll,34701
Wandering Hawk,34700
Eternal Prophet,34699
Steel Sorrow,34698
Floodcaller Storm,34697
Leafshredder,34696
Embalmer's Weeping,34695
Merciful Sunset,34694
Victor's Passion,34693
Gatekeeper's Lament,34692
Winged Sun,34691
Scoundrel's Moon,34690
Fir Queen's Tears,34689
Shadowhawk's Nightmist,34688
Sacrificial Desire,34687
Long Anticipation,34686
Forgotten Wayfarer,34685
Living Scroll,34684
Twilight Wanderer,34683
Mad Prophet,34682
Red Sorrow,34681
Violent Storm,34680
Twilight Leaf,34679
Embalmer's Kiss,34678
Death's Sunset,34677
Hero's Passion,34676
Beauty's Lament,34675
Risen Sun,34674
Fallen Moon,34673
Maiden's Tear,34672
Midnight Mist,34671
Vexed Desire,34670
Anticipation,34669
Wayfarer's Danger,34668
Singing Scroll,34667
Wanderer's Hymn,34666
Fallen Prophet,34665
Iron Sorrow,34664
Stormborn,34663
Blackleaf,34662
Embalmer's Touch,34661
Heart's Sunset,34660
Bloody Passion,34659
Grim Lament,34658
Sunscreamer,34657
Mooncaller,34656
Tearforger,34655
Nightmist,34654
Desire's Claw,34653
Cursed Obsidian Shield,34652
Cursed Obsidian Flute,34651
Cursed Obsidian Lute,34650
Cursed Obsidian Bow,34649
Cursed Obsidian Staff,34648
Cursed Obsidian Scepter,34647
Cursed Obsidian Longspear,34646
Cursed Obsidian Shortspear,34645
Cursed Obsidian Greatclub,34644
Cursed Obsidian Club,34643
Cursed Obsidian Greataxe,34642
Cursed Obsidian Axe,34641
Cursed Obsidian Nodachi,34640
Cursed Obsidian Katana,34639
Cursed Obsidian Greatsword,34638
Cursed Obsidian Sword,34637
Cursed Obsidian Dagger,34636
Ominous Obsidian Shield,34635
Ominous Obsidian Flute,34634
Ominous Obsidian Lute,34633
Ominous Obsidian Bow,34632
Ominous Obsidian Staff,34631
Ominous Obsidian Scepter,34630
Ominous Obsidian Longspear,34629
Ominous Obsidian Shortspear,34628
Ominous Obsidian Greatclub,34627
Ominous Obsidian Club,34626
Ominous Obsidian Greataxe,34625
Ominous Obsidian Axe,34624
Ominous Obsidian Nodachi,34623
Ominous Obsidian Katana,34622
Ominous Obsidian Greatsword,34621
Ominous Obsidian Sword,34620
Ominous Obsidian Dagger,34619
Obsidian Shield,34618
Obsidian Flute,34617
Obsidian Lute,34616
Obsidian Bow,34615
Obsidian Staff,34614
Obsidian Scepter,34613
Obsidian Longspear,34612
Obsidian Shortspear,34611
Obsidian Greatclub,34610
Obsidian Club,34609
Obsidian Greataxe,34608
Obsidian Axe,34607
Obsidian Nodachi,34606
Obsidian Katana,34605
Obsidian Greatsword,34604
Obsidian Sword,34603
Obsidian Dagger,34602
Red Hauler Fusion Certificate,34601
(deprecated) 흑옥 방패,34600
(deprecated) 흑옥 피리,34599
(deprecated) 흑옥 비파,34598
(deprecated) 흑옥 활,34597
(deprecated) 흑옥 지팡이,34596
(deprecated) 흑옥 단장,34595
(deprecated) 흑옥 도끼창,34594
(deprecated) 흑옥 창,34593
(deprecated) 흑옥 전투망치,34592
(deprecated) 흑옥 철퇴,34591
(deprecated) 흑옥 전투도끼,34590
(deprecated) 흑옥 손도끼,34589
(deprecated) 흑옥 대도,34588
(deprecated) 흑옥 태도,34587
(deprecated) 흑옥 대검,34586
(deprecated) 흑옥 장검,34585
(deprecated) 흑옥 비수,34584
Bound Eco-Friendly Fuel,34583
Gifted Celestial Pegasus,34580
Gifted Feathered Dragon Glider,34579
Waldur's Wish-Filled Box,34576
Velaine's Wish-Filled Box,34575
Fillian's Wish-Filled Box,34574
Bolibelle's Wish-Filled Box,34573
Myna's Wish-Filled Box,34572
Mohimu's Wish-Filled Box,34571
Jinhui's Wish-Filled Box,34570
Miyaz's Wish-Filled Box,34569
Rodlin's Wish-Filled Box,34568
Huyoung's Wish-Filled Box,34567
Crimson Mist Crystal,34565
Grand Mission Certificate,34564
Dazzling Arcane Regrade Charm,34563
Wish-Filled Bag,34562
Fillian's Wish,34561
Jinhui's Wish,34560
Daru Secret Orders,34559
Daru Secret Orders,34558
Daru Secret Orders,34557
Daru Secret Orders,34556
Daru Secret Orders,34555
Daru Secret Orders,34554
Daru Secret Orders,34553
Daru Secret Orders,34552
Daru Secret Orders,34551
Daru Secret Orders,34550
Daru Secret Orders,34549
Daru Secret Orders,34548
Daru Secret Orders,34547
Daru Secret Orders,34546
Daru Secret Orders,34545
Daru Secret Orders,34544
Daru Secret Orders,34543
Daru Secret Orders,34542
Daru Secret Orders,34541
Daru Secret Orders,34540
Daru Secret Orders,34539
Daru Secret Orders,34538
Daru Secret Orders,34537
Mistmerrow Bomb,34536
Anima Cube,34535
Mohimu's Greatest Wish,34534
Rodlin's Greatest Wish,34533
Waldur's Greatest Wish,34532
Huyoung's Greatest Wish,34531
Bolibelle's Greatest Wish,34530
Myna's Greatest Wish,34529
Miyaz's Greatest Wish,34528
Velaine's Greatest Wish,34527
Forgotten One's Letter,34526
Waldur's Letter,34525
Velaine's Letter,34524
Fillian's Letter,34523
Bolibelle's Letter,34522
Myna's Letter,34521
Mohimu's Letter,34520
Jinhui's Letter,34519
Miyaz's Letter,34518
Rodlin's Letter,34517
Huyoung's Letter,34516
Daru Secret Orders,34515
Daru Secret Orders,34514
Daru Secret Orders,34513
Daru Secret Orders,34512
Daru Secret Orders,34511
Daru Secret Orders,34510
Daru Secret Orders,34509
Daru Secret Orders,34508
Daru Secret Orders,34507
Daru Secret Orders,34506
Daru Secret Orders,34505
Daru Secret Orders,34504
Daru Secret Orders,34503
Daru Secret Orders,34502
Daru Secret Orders,34501
Daru Secret Orders,34500
Daru Secret Orders,34499
Daru Secret Orders,34498
Daru Secret Orders,34497
Daru Secret Orders,34496
Daru Secret Orders,34495
Daru Secret Orders,34494
Daru Secret Orders,34493
Daru Secret Orders,34492
Daru Secret Orders,34491
Daru Secret Orders,34490
Daru Secret Orders,34489
Daru Secret Orders,34488
Daru Secret Orders,34487
Daru Secret Orders,34486
Daru Secret Orders,34485
Daru Secret Orders,34484
Daru Secret Orders,34483
Daru Secret Orders,34482
Daru Secret Orders,34481
Daru Secret Orders,34480
Daru Secret Orders,34479
Daru Secret Orders,34478
Daru Secret Orders,34477
Daru Secret Orders,34476
Daru Secret Orders,34475
Daru Secret Orders,34474
Daru Secret Orders,34473
Daru Secret Orders,34472
Daru Secret Orders,34471
Daru Secret Orders,34470
Daru Secret Orders,34469
Daru Secret Orders,34468
Daru Secret Orders,34467
Daru Secret Orders,34466
Daru Secret Orders,34465
Daru Secret Orders,34464
Daru Secret Orders,34463
Daru Secret Orders,34462
Daru Secret Orders,34461
Daru Secret Orders,34460
Daru Secret Orders,34459
Daru Secret Orders,34458
Daru Secret Orders,34457
Daru Secret Orders,34456
Daru Secret Orders,34455
Daru Secret Orders,34454
Daru Secret Orders,34453
Daru Secret Orders,34452
Daru Secret Orders,34451
Daru Secret Orders,34450
Daru Secret Orders,34449
Daru Secret Orders,34448
Daru Secret Orders,34447
Daru Secret Orders,34446
Daru Secret Orders,34445
Daru Secret Orders,34444
Daru Secret Orders,34443
Daru Secret Orders,34442
Daru Secret Orders,34441
Daru Secret Orders,34440
Daru Secret Orders,34439
Gazebo Farm Design,34438
Lovely Plushie Box,34437
tool_페피 독침,34436
Dreamy Table,34414
Dreamy Plushie Table,34413
Jumbo Kobold Shaman Plushie Fuzz,34412
Jumbo Kobold Shaman Plushie Fluff,34411
Jumbo Kobold Shaman Plushie Stuffing,34410
Jumbo Groundling Shaman Fuzz,34409
Jumbo Groundling Shaman Fluff,34408
Jumbo Groundling Shaman Stuffing,34407
Jumbo Baby Narayana Fuzz,34406
Jumbo Baby Narayana Fluff,34405
Jumbo Baby Narayana Stuffing,34404
Jumbo Home Sweet Home Fuzz,34403
Jumbo Home Sweet Home Fluff,34402
Jumbo Home Sweet Home Stuffing,34401
tool_드럼 스틱,34400
Mage Miller's Records,34399
Miller's Manuscript,34396
테스트 용 (사용 안함),34385
테스트 용 (사용 안함),34384
테스트 용 (사용 안함),34383
테스트 용 (사용 안함),34381
Chrome Steamfish Submarine Design,34376
Forgotten Adventurer Letter,34375
Bound Professional Tonic,34357
Professional Tonic,34355
Unidentified Seed Bundle,34351
Anima Fragment,34348
Tri-Dimensional Magic Scroll,34346
Anima Amity,34340
Dazzling Heroic Regrade Charm,34323
Vaughn's Beer Sampler,34322
Unidentified Sapling,34321
Daru Secret Mission,34319
Secret Garden Soulstone,34318
Secret Study Soulstone,34317
Superior Tempering Burnish,34316
Melisara's Hidden Chest,34315
Scroll: Red Farm Hauler,34314
Combat Scroll: Lightning,34313
Experia Pine Patch,34312
Experia Duck Patch,34311
Experia Sunflower Patch,34310
Evergreen Suit,34308
fe_f_hair032,34307
Black Cat Undergarments,34306
Black Pearl Undergarments,34305
Red Butterfly Undergarments,34304
Blue Ocean Undergarments,34303
el_f_hair032,34302
ha_f_hair032,34301
nu_f_hair032,34300
Legendary Master's Pack,34299
Devilish Sweetheart Giftpack,34298
Angelic Sweetheart Giftpack,34297
Experia Pumpkin Patch,34296
Greenman Plushie Pet,34293
Brilliant Future Suit,34292
Eternal Vow Dress,34291
Ayanad 7-Day Pass: 3rd Floor Lobby,34288
Ayanad 7-Day Pass: 2nd Floor Lobby,34287
Ayanad 7-Day Pass: 1st Floor Lobby,34286
Ayanad 3-Day Pass: 3rd Floor Lobby,34285
Ayanad 3-Day Pass: 2nd Floor Lobby,34284
Ayanad 3-Day Pass: 1st Floor Lobby,34283
Awakening Earring,34282
Stolen Librarian's Bag,34281
Moonpoint Bundle,34280
Sugar-Sweet Token,34279
Devilish Temptation,34277
Angelic Whisper,34276
Archeum Heart,34275
Mysterious Egg,34274
Hellkissed Greatclub,34273
Hellkissed Club,34272
Hellkissed Scepter,34271
Life Lunadrop Box,34270
Wave Lunadrop Box,34269
Earth Lunadrop Box,34268
Gale Lunadrop Box,34267
Fire Lunadrop Box,34266
Goddess's Decor Chest,34264
Goddess's Luck Chest,34263
Goddess's Weapon Chest,34262
Archeum Heart Container,34260
강화 이벤트 용,34259
Ayanad Weaponsmithing Boost Scroll Bundle,34258
Cloaked Delphinad Weapon Bundle,34257
Salvaged Delphinad Weapon Bundle,34256
Salvaged Epherium Weapon Bundle,34255
Salvaged Magnificent Weapon Bundle,34254
Heartwarm Potion,34253
Goddess's Puzzle Chest,34251
Mistmerrow Resource,34250
Necromancer's Clairvoyance,34245
Destroyer's Hammer,34244
Thief's Resolution,34243
Tyrenos's Index,34242
Love Letter,34239
Blank Notepaper,34238
Heartfelt Candy Ingredient,34237
Captain's Portrait: Bottom Right,34236
Captain's Portrait: Bottom Left,34235
Captain's Portrait: Top Right,34234
Captain's Portrait: Top Left,34233
Erenor Map: Bottom Right,34232
Erenor Map: Bottom Middle,34231
Erenor Map: Bottom Left,34230
Erenor Map: Middle Right,34229
Erenor Map: Middle,34228
Erenor Map: Middle Left,34227
Erenor Map: Top Right,34226
Erenor Map: Top Middle,34225
Erenor Map: Top Left,34224
Heartfelt Candy,34223
Nuian Interpreter Token,34221
Haranyan Interpreter Token,34220
Special Novice Bundle,34219
Novice Bundle,34218
Star Recruiter Token,34217
Sungold Aged Cheese,34216
Marcala Aged Cheese,34215
Hasla Aged Cheese,34214
Perinoor Aged Cheese,34213
Silent Forest Aged Cheese,34212
Mahadevi Aged Cheese,34211
Cinderstone Aged Cheese,34210
Lilyut Aged Cheese,34209
Dewstone Aged Cheese,34208
Calmlands Aged Cheese,34207
Heedmar Aged Cheese,34206
Rookborne Aged Cheese,34205
Villanelle Aged Cheese,34204
Falcorth Aged Cheese,34203
Solis Aged Cheese,34202
Halcyona Aged Cheese,34201
Two Crowns Aged Cheese,34200
Solzreed Aged Cheese,34199
Gweonid Aged Cheese,34198
Exeloch Aged Salve,34197
Nuimari Aged Salve,34196
Ynystere Aged Salve,34195
Windscour Aged Salve,34194
Tigerspine Aged Salve,34193
Arcum Iris Aged Salve,34192
Sanddeep Aged Salve,34191
Hellswamp Aged Salve,34190
White Arden Aged Salve,34189
Marianople Aged Salve,34188
Calmlands Aged Salve,34187
Heedmar Aged Salve,34186
Rookborne Aged Salve,34185
Villanelle Aged Salve,34184
Falcorth Aged Salve,34183
Solis Aged Salve,34182
Halcyona Aged Salve,34181
Two Crowns Aged Salve,34180
Solzreed Aged Salve,34179
Gweonid Aged Salve,34178
Exeloch Aged Honey,34177
Nuimari Aged Honey,34176
Ynystere Aged Honey,34175
Windscour Aged Honey,34174
Tigerspine Aged Honey,34173
Arcum Iris Aged Honey,34172
Sanddeep Aged Honey,34171
Hellswamp Aged Honey,34170
White Arden Aged Honey,34169
Marianople Aged Honey,34168
Sungold Aged Honey,34167
Marcala Aged Honey,34166
Hasla Aged Honey,34165
Perinoor Aged Honey,34164
Silent Forest Aged Honey,34163
Mahadevi Aged Honey,34162
Cinderstone Aged Honey,34161
Lilyut Aged Honey,34160
Dewstone Aged Honey,34159
Hooftiger Shoat,34158
Snowrend Shoat,34157
Nightslaver Shoat,34156
Bound Eanna's Passion,34155
Eanna's Passion,34154
Bound Vocation Tonic,34153
Vocation Tonic,34152
Bound Eanna's Regret,34151
Eanna's Regret,34150
Windscour Haunt Token,34149
Windscour Dominator Token,34148
Ball Dropper Token,34147
Moneymaker Token,34146
Overly Polite Token,34145
Hungover Token,34144
Secret Gift,34143
Gilda Pouch,34138
Honorbold Confessor's Lunafrost,34137
Honorbound Confessor's Lunafrost,34136
Honorhewn Confessor's Lunafrost,34135
Honorbold Augur's Lunafrost,34134
Honorbound Augur's Lunafrost,34133
Honorhewn Augur's Lunafrost,34132
Solid Charity Lunafrost,34131
Flawless Charity Lunafrost,34130
Whole Charity Lunafrost,34129
Cracked Charity Lunafrost,34128
Perfect Grace Lunafrost,34127
Flawless Grace Lunafrost,34126
Whole Grace Lunafrost,34125
Cracked Grace Lunafrost,34124
ArcheHope Bundle,34123
ArcheSong Bundle,34122
ArcheFaith Bundle,34121
ArcheLove Bundle,34120
NPC 도구형 무기 - 포커카드,34119
NPC 도구형 무기 - 손걸레,34118
fe_m_hair030,34117
fe_m_hair029,34116
fe_m_hair028,34115
ha_m_hair030,34114
ha_m_hair029,34113
ha_m_hair028,34112
el_m_hair030,34111
el_m_hair029,34110
el_m_hair028,34109
nu_m_hair030,34108
nu_m_hair029,34107
nu_m_hair028,34106
Ayanad Owl Aquamarine,34105
Ayanad Owl Topaz,34104
Wayfarer's Supply Bundle,34103
Adventurer's Supply Bundle,34102
npc shield_55_6 (세계관인던),34101
npc sword_2h_36_6 (세계관인던),34100
Seasoned Adventurer's Weapon Bundle,34099
Adventurer's Weapon Bundle,34098
tool_성채수호병의양손검,34097
tool_성채수호병의방패,34096
tool_성채수호병의검,34095
Adventurer's Cloak,34094
XP Shot Potion,34093
Adventurer's Pouch,34092
Adventurer's Costume,34091
Seasoned Adventurer's Dagger,34090
Seasoned Adventurer's Longsword,34089
Seasoned Adventurer's Bow,34088
Seasoned Adventurer's Shield,34087
Seasoned Adventurer's Greatclub,34086
Seasoned Adventurer's Staff,34085
Adventurer's Dagger,34084
Adventurer's Longsword,34083
Adventurer's Bow,34082
Adventurer's Shield,34081
Adventurer's Greatclub,34080
Adventurer's Staff,34079
Lucius Reborn Token,34078
Lucius Reborn Token,34077
Sealed Prime Vocation Boost Scroll,34076
Goddess's Handmade Box,34072
"Prime Worker's Compensation: 1,000 LP",34071
Superior Worker's Compensation: 500 LP,34070
Worker's Inspiration,34069
npc sword_2h_55_3 (세계관인던),34068
Ayanad Catalyst,34067
Awakening Orb,34066
Ayanad 7-Day Pass: 3rd Floor Lobby,34065
Ayanad 7-Day Pass: 2nd Floor Lobby,34064
Ayanad 7-Day Pass: 1st Floor Lobby,34063
Ayanad 3-Day Pass: 3rd Floor Lobby,34062
Ayanad 3-Day Pass: 2nd Floor Lobby,34061
Ayanad 3-Day Pass: 1st Floor Lobby,34060
Image Item: Siege Captain's Mail,34059
Image Item: Ebongleam Dynasty Robes,34058
Image Item: Icefall Dynasty Robes,34057
Image Item: Blood Dream Dynasty Robes,34056
Image Item: Bloodmaw Eveningwear,34055
Image Item: Nightraven Robes,34054
Image Item: Northern Legion Uniform,34053
Gildaron's Heart,34052
Stena's Spellbook,34051
Ayanad Owl Rubellite,34050
Restful Sleep Scroll,34049
Prime Commerce Boost Scroll,34048
Prime Carpentry Boost Scroll,34047
Prime Weaponry Boost Scroll,34046
Prime Leatherwork Boost Scroll,34045
Prime Tailoring Boost Scrool,34044
Prime Masonry Boost Scroll,34043
Prime Mining Boost Scroll,34042
Prime Printing Boost Scroll,34041
Prime Metalwork Boost Scroll,34040
Prime Machining Boost Scroll,34039
Prime Gathering Boost Scroll,34038
Prime Logging Boost Scroll,34037
Prime Farming Boost Scroll,34036
Prime Husbandry Boost Scroll,34035
Prime Handicraft Boost Scroll,34034
Prime Cooking Boost Scroll,34033
Prime Construction Boost Scroll,34032
Prime Alchemy Boost Scroll,34031
Bound Arcane XP Restoration Scroll,34029
Arcane XP Restoration Scroll,34028
Bound Rare XP Restoration Scroll,34027
Rare XP Restoration Scroll,34026
Bound Grand XP Restoration Scroll,34025
Grand XP Restoration Scroll,34024
Bound Mid-Combat Resurrection Scroll,34022
Bound Self-Resurrection Scroll,34021
Superior Combat Boost Scroll,34020
Combat Boost Scroll,34019
Self-Resurrection Scroll,34018
Narayana Plushie Pet,34017
nu_m_hair031,34013
Artisan Ink,34012
NPC 도구형 무기 - 양손창,34011
Adventurer's Morning Dew,34009
Adventurer's Misty Memory,34008
Adventurer's Afternoon Sun,34007
Adventurer's Hushed Star,34006
Adventurer's Whole Grain Soup,34005
Adventurer's Savory Soup,34004
Adventurer's Vegetable Bread,34003
Adventurer's Vegetable Soup,34002
Adventurer's Multigrain Bread,34001
Adventurer's Hardtack,34000
Superior Composition Boost Scroll,33998
Superior Commerce Boost Scroll,33997
Superior Larceny Boost Scroll,33996
Superior Carpentry Boost Scroll,33995
Superior Weaponry Boost Scroll,33994
Superior Leatherwork Boost Scroll,33993
Superior Tailoring Boost Scroll,33992
Superior Masonry Boost Scroll,33991
Superior Printing Boost Scroll,33990
Superior Metalwork Boost Scroll,33989
Superior Machining Boost Scroll,33988
Superior Fishing Boost Scroll,33987
Superior Handicraft Boost Scroll,33986
Superior Cooking Boost Scroll,33985
Superior Construction Boost Scroll,33984
Superior Alchemy Boost Scroll,33983
Composition Boost Scroll,33982
Commerce Boost Scroll,33981
Larceny Boost Scroll,33980
Carpentry Boost Scroll,33979
Weaponry Boost Scroll,33978
Leatherwork Boost Scroll,33977
Tailoring Boost Scroll,33976
Masonry Boost Scroll,33975
Printing Boost Scroll,33974
Metalwork Boost Scroll,33973
Machining Boost Scroll,33972
Fishing Boost Scroll,33971
Handicraft Boost Scroll,33970
Cooking Boost Scroll,33969
Construction Boost Scroll,33968
Alchemy Boost Scroll,33967
Bound XP Restoration Scroll,33966
XP Restoration Scroll,33965
Peasant's Secret Candy,33964
NPC 도구형 무기 - 깃펜,33963
Jumbo ArcheAge Plushie Bundle,33962
Heartfelt Bouquet,33961
Chocolate Box,33960
Masterpiece Chocolate,33959
Daru Dark Chocolate,33958
Heartfelt Chocolate,33957
Drum Set,33956
sk_library001_1 (여자엘프 로그인스테이지),33954
tool_양손지팡이,33953
Yaksa General's Plate Lowers Chest,33952
Plains Song Leather Lowers Chest,33951
Lost Prince's Cloth Lowers Chest,33950
Yaksa General's Plate Uppers Chest,33949
Plains Song Leather Uppers Chest,33948
Lost Prince's Cloth Uppers Chest,33947
Yaksa General's Helm,33946
Plains Song Cap,33945
Lost Prince's Hood,33944
Unidentified Yaksa General's Sabatons,33943
Unidentified Yaksa General's Tassets,33942
Unidentified Yaksa General's Greaves,33941
Unidentified Plains Song Boots,33940
Unidentified Plains Song Belt,33939
Unidentified Plains Song Breeches,33938
Unidentified Lost Prince's Shoes,33937
Unidentified Lost Prince's Sash,33936
Unidentified Lost Prince's Pants,33935
Unidentified Yaksa General's Gauntlets,33934
Unidentified Yaksa General's Vambraces,33933
Unidentified Yaksa General's Cuirass,33932
Unidentified Plains Song Fists,33931
Unidentified Plains Song Guards,33930
Unidentified Plains Song Jerkin,33929
Unidentified Lost Prince's Gloves,33928
Unidentified Lost Prince's Sleeves,33927
Unidentified Lost Prince's Shirt,33926
Watermist Lute,33925
Gurula's Shield,33924
Windwitch Staff,33923
Perinoor Nodachi,33922
Grassea Sword,33921
Cloudspun Bow,33920
Bright Futures Plate Lowers Chest,33919
Buried Legends Leather Lowers Chest,33918
Wandering Scholar's Cloth Lowers Chest,33917
Bright Futures Plate Uppers Chest,33916
Buried Legends Leather Uppers Chest,33915
Wandering Scholar's Cloth Uppers Chest,33914
Bright Futures Helm,33913
Buried Legends Cap,33912
Wandering Scholar's Hood,33911
Unidentified Bright Futures Sabatons,33910
Unidentified Bright Futures Tassets,33909
Unidentified Bright Futures Greaves,33908
Unidentified Buried Legends Boots,33907
Unidentified Buried Legends Belt,33906
Unidentified Buried Legends Breeches,33905
Unidentified Wandering Scholar's Shoes,33904
PC방 선물 꾸러미,33903
Unidentified Wandering Scholar's Sash,33902
Unidentified Wandering Scholar's Pants,33901
Unidentified Bright Futures Gauntlets,33900
Unidentified Bright Futures Vambraces,33899
Unidentified Bright Futures Cuirass,33898
Unidentified Buried Legends Fists,33897
Unidentified Buried Legends Guards,33896
Unidentified Buried Legends Jerkin,33895
Unidentified Wandering Scholar's Gloves,33894
Unidentified Wandering Scholar's Sleeves,33893
Unidentified Wandering Scholar's Shirt,33892
Royal Guard Plate Lowers Chest,33891
Abyssal Leather Lowers Chest,33890
Jester King's Cloth Lowers Chest,33889
Royal Guard Plate Uppers Chest,33888
Abyssal Leather Uppers Chest,33887
Jester King's Cloth Uppers Chest,33886
Sollungo's Lute,33885
Chinno's Shield,33884
Jadegale Bow,33883
White Tiger Staff,33882
Chaser's Nodachi,33881
Julo's Sword,33880
Royal Guard Helm,33879
Abyssal Cap,33878
Jester King's Hood,33877
Unidentified Royal Guard Sabatons,33876
Unidentified Royal Guard Tassets,33875
Unidentified Royal Guard Greaves,33874
Unidentified Abyssal Boots,33873
Unidentified Abyssal Belt,33872
Unidentified Abyssal Breeches,33871
Unidentified Jester King's Shoes,33870
Unidentified Jester King's Sash,33869
Unidentified Jester King's Pants,33868
Unidentified Royal Guard Gauntlets,33867
Unidentified Royal Guard Vambraces,33866
Unidentified Royal Guard Cuirass,33865
Unidentified Abyssal Fists,33864
Unidentified Abyssal Guards,33863
Unidentified Abyssal Jerkin,33862
Unidentified Jester King's Gloves,33861
Unidentified Jester King's Sleeves,33860
Unidentified Jester King's Shirt,33859
Trieste Theater Lute,33858
Militiaman's Shield,33857
Anarchi Bow,33856
Engineer's Staff,33855
Ignomin Nodachi,33854
Terunak's Sword,33853
Moonblaze Plate Lowers Chest,33852
Red Sun Leather Lowers Chest,33851
Skybright Cloth Lowers Chest,33850
Moonblaze Plate Uppers Chest,33849
Red Sun Leather Uppers Chest,33848
Skybright Cloth Uppers Chest,33847
Moonblaze Gauntlets,33846
Red Sun Jerkin,33845
Moonblaze Helm,33844
Red Sun Cap,33843
Skybright Hood,33842
Unidentified Moonblaze Sabatons,33841
Unidentified Moonblaze Tassets,33840
Unidentified Moonblaze Greaves,33839
Unidentified Red Sun Boots,33838
Unidentified Red Sun Belt,33837
Unidentified Red Sun Breeches,33836
Unidentified Skybright Shoes,33835
Unidentified Skybright Sash,33834
Unidentified Skybright Pants,33833
Unidentified Moonblaze Gauntlets,33832
Unidentified Moonblaze Vambraces,33831
Unidentified Moonblaze Cuirass,33830
Unidentified Red Sun Fists,33829
Unidentified Red Sun Guards,33828
Unidentified Red Sun Jerkin,33827
Unidentified Skybright Sleeves,33826
Unidentified Skybright Gloves,33825
Unidentified Skybright Shirt,33824
Hostile Lute,33823
Hostile Shield,33822
Hostile Bow,33821
Hostile Staff,33820
Hostile Nodachi,33819
Hostile Sword,33818
Ezna Plate Lowers Chest,33817
Full Moon Leather Lowers Chest,33816
Eclipse Cloth Lowers Chest,33815
Ezna Plate Uppers Chest,33814
Full Moon Leather Uppers Chest,33813
Eclipse Cloth Uppers Chest,33812
Ezna Helm,33811
Full Moon Cap,33810
Eclipse Hood,33809
Unidentified Ezna Sabatons,33808
Unidentified Ezna Tassets,33807
Unidentified Ezna Greaves,33806
Unidentified Full Moon Boots,33805
Unidentified Full Moon Belt,33804
Unidentified Full Moon Breeches,33803
Unidentified Eclipse Shoes,33802
Unidentified Eclipse Sash,33801
Unidentified Eclipse Pants,33800
Unidentified Ezna Gauntlets,33799
Unidentified Ezna Vambraces,33798
Unidentified Ezna Cuirass,33797
Unidentified Full Moon Fists,33796
Jumbo ArcheAge Plushie,33795
ArcheAge Plushie,33794
Eclipse Shoes,33793
Unidentified Full Moon Guards,33791
Unidentified Full Moon Jerkin,33790
Unidentified Eclipse Gloves,33789
Unidentified Eclipse Sleeves,33788
Unidentified Eclipse Shirt,33787
Painted Fields Lute,33786
Eternal Rest Shield,33785
Elda's Bow,33784
Defense Corps Staff,33783
Antiquarian's Nodachi,33782
Venomist Sword,33781
Grave Relic Plate Lowers Chest,33780
Silent Leather Lowers Chest,33779
Shadow Cloth Lowers Chest,33778
Grave Relic Plate Uppers Chest,33777
Silent Leather Uppers Chest,33776
Shadow Cloth Uppers Chest,33775
Queensguard Plate Lowers Chest,33774
Caretaker's Leather Lowers Chest,33773
University Cloth Lowers Chest,33772
Queensguard Plate Uppers Chest,33771
Caretaker's Leather Uppers Chest,33770
University Cloth Uppers Chest,33769
Grave Relic Helm,33768
Silent Cap,33767
Shadow Hood,33766
Unidentified Grave Relic Sabatons,33765
Unidentified Grave Relic Tassets,33764
Unidentified Grave Relic Greaves,33763
Unidentified Silent Boots,33762
Unidentified Silent Belt,33761
Unidentified Silent Breeches,33760
Unidentified Shadow Shoes,33759
Unidentified Shadow Sash,33758
Unidentified Shadow Pants,33757
Unidentified Grave Relic Gauntlets,33756
Unidentified Grave Relic Vambraces,33755
Queensguard Helm,33754
Caretaker's Cap,33753
University Hood,33752
Unidentified Queensguard Sabatons,33751
Unidentified Queensguard Tassets,33750
Unidentified Queensguard Greaves,33749
Unidentified Caretaker's Boots,33748
Bright Futures Helm,33747
Buried Legends Cap,33746
Wandering Scholar's Hood,33745
Bright Futures Sabatons,33744
Bright Futures Tassets,33743
Bright Futures Greaves,33742
Buried Legends Boots,33741
Buried Legends Belt,33740
Buried Legends Breeches,33739
Wandering Scholar's Shoes,33738
Wandering Scholar's Sash,33737
Unidentified Caretaker's Belt,33736
Wandering Scholar's Pants,33735
Bright Futures Gauntlets,33734
Bright Futures Vambraces,33733
Unidentified Caretaker's Breeches,33732
Bright Futures Cuirass,33731
Buried Legends Fists,33730
Buried Legends Guards,33729
Buried Legends Jerkin,33728
Unidentified Grave Relic Cuirass,33727
Unidentified University Shoes,33726
Unidentified Silent Fists,33725
Wandering Scholar's Gloves,33724
Unidentified Silent Guards,33723
Wandering Scholar's Sleeves,33722
Unidentified Silent Jerkin,33721
Unidentified Shadow Gloves,33720
Wandering Scholar's Shirt,33719
Unidentified Shadow Sleeves,33718
Sollungo's Lute,33717
Unidentified University Sash,33716
Unidentified Shadow Shirt,33715
Rosemarin's Lute,33714
Rafaak's Shield,33713
Jorgensen's Bow,33712
Unidentified University Pants,33711
Pederson's Staff,33710
Henmark's Nodachi,33709
Forest Guardian's Sword,33708
Unidentified Queensguad Gauntlets,33707
Chinno's Shield,33706
Jadegale Bow,33705
Unidentified Queensguard Vambraces,33704
White Tiger Staff,33703
Chaser's Nodachi,33702
Julo's Sword,33701
Unidentified Queensguard Cuirass,33700
Yaksa General's Helm,33699
Plains Song Cap,33698
Lost Prince's Hood,33697
Unidentified Caretaker's Fists,33696
Yaksa General's Sabatons,33695
Yaksa General's Tassets,33694
Unidentified Caretaker's Guards,33693
Yaksa General's Greaves,33692
Plains Song Boots,33691
Plains Song Belt,33690
Unidentified Caretaker's Jerkin,33689
Plains Song Breeches,33688
Lost Prince's Shoes,33687
Unidentified University Gloves,33686
Lost Prince's Sash,33685
Lost Prince's Pants,33684
Yaksa General's Gauntlets,33683
Yaksa General's Vambraces,33682
Yaksa General's Cuirass,33681
Plains Song Fists,33680
Plains Song Guards,33679
Plains Song Jerkin,33678
Lost Prince's Gloves,33677
Lost Prince's Sleeves,33676
Lost Prince's Shirt,33675
Watermist Lute,33674
Gurula's Shield,33673
Cloudspun Bow,33672
Windwitch Staff,33671
Perinoor Nodachi,33670
Grassea Sword,33669
Unidentified University Sleeves,33668
Royal Guard Helm,33667
Abyssal Cap,33666
Jester King's Hood,33665
Royal Guard Sabatons,33664
Unidentified University Shirt,33663
Royal Guard Tassets,33662
Royal Guard Greaves,33661
Abyssal Boots,33660
Abyssal Belt,33659
Abyssal Breeches,33658
Jester King's Shoes,33657
Jester King's Sash,33656
Jester King's Pants,33655
Royal Guard Gauntlets,33654
Royal Guard Vambraces,33653
Royal Guard Cuirass,33652
Abyssal Fists,33651
Abyssal Guards,33650
Abyssal Guards,33649
Abyssal Jerkin,33648
Jester King's Gloves,33647
Jester King's Sleeves,33646
Jester King's Shirt,33645
Trieste Theater Lute,33644
Militiaman's Shield,33643
Anarchi Bow,33642
Engineer's Staff,33641
Ignomin Nodachi,33640
Terunak's Sword,33639
Moonblaze Helm,33638
Red Sun Cap,33637
Skybright Hood,33636
Moonblaze Sabatons,33635
Moonblaze Tassets,33634
Moonblaze Greaves,33633
Red Sun Boots,33632
Red Sun Belt,33631
Red Sun Breeches,33630
Skybright Shoes,33629
Skybright Sash,33628
Skybright Pants,33627
Moonblaze Vambraces,33626
Moonblaze Cuirass,33625
Red Sun Fists,33624
Red Sun Guards,33623
Skybright Gloves,33621
Skybright Sleeves,33620
Skybright Shirt,33619
Hostile Lute,33618
Hostile Shield,33617
Hostile Bow,33616
Hostile Staff,33615
Hostile Nodachi,33614
Hostile Sword,33613
Sea Watcher Plate Lowers Chest,33612
Drunken Blade Leather Lowers Chest,33611
Lovestruck Cloth Lowers Chest,33610
Sea Watcher Plate Uppers Chest,33609
Drunken Blade Leather Uppers Chest,33608
Lovestruck Cloth Uppers Chest,33607
Sea Watcher Helm,33606
Drunken Blade Cap,33605
Lovestruck Hood,33604
Unidentified Sea Watcher Sabatons,33603
Unidentified Sea Watcher Tassets,33602
Unidentified Sea Watcher Greaves,33601
Unidentified Drunken Blade Boots,33600
Unidentified Drunken Blade Belt,33599
Unidentified Drunken Blade Pants,33598
Unidentified Lovestruck Shoes,33597
Unidentified Lovestruck Sash,33596
Unidentified Lovestruck Pants,33595
Unidentified Sea Watcher Gauntlets,33594
Unidentified Sea Watcher Vambraces,33593
Botanist's Nodachi,33592
Peasant's Secret Stash,33591
Corkwood Lute,33590
Lutesong Hill Sword,33589
Grave Relic Helm,33588
Silent Cap,33587
Vigo's Shield,33586
Shadow Hood,33585
Grave Relic Sabatons,33584
Unidentified Sea Watcher Cuirass,33583
Grave Relic Tassets,33582
Unidentified Drunken Blade Fists,33581
Grave Relic Greaves,33580
Red-Eyed Bow,33579
Unidentified Drunken Blade Guards,33578
Silent Boots,33577
Unidentified Drunken Blade Jerkin,33576
Silent Belt,33575
Unidentified Lovestruck Gloves,33574
Silent Breeches,33573
Unidentified Lovestruck Sleeves,33572
Staff of Longing,33571
Unidentified Lovestruck Shirt,33570
Shadow Shoes,33569
Windrune Talisman,33568
Wingfeather Lute,33567
Shadow Sash,33566
Winebalm Shield,33565
Shadow Pants,33564
Torini's Nodachi,33563
Grave Relic Gauntlets,33562
Grave Relic Vambraces,33561
Seven Bridges Bow,33560
Grave Relic Cuirass,33559
Shepherd's Sword,33558
Student's Staff,33557
Silent Fists,33556
Silent Guards,33555
Silent Jerkin,33554
Shadow Gloves,33553
Shadow Sleeves,33552
Guardian's Plate Lowers Chest,33551
Shadow Shirt,33550
Rosemarin's Lute,33549
Rafaak's Shield,33548
Crossroads Leather Lowers Chest,33547
Jorgensen's Bow,33546
Pederson's Staff,33545
Henmark's Nodachi,33544
Forest Guardian's Sword,33543
Ezna Helm,33542
Hereafter Cloth Lowers Chest,33541
Full Moon Cap,33540
Eclipse Hood,33539
Ezna Sabatons,33538
Ezna Tassets,33537
Ezna Greaves,33536
Full Moon Boots,33535
Guardian's Plate Uppers Chest,33534
Full Moon's Belt,33533
fe_f_hair021,33532
Full Moon Breeches,33531
Eclipse Sash,33529
Eclipse Pants,33528
fe_f_hair020,33527
Ezna Gauntlets,33526
Ezna Vambraces,33525
Ezna Cuirass,33524
Full Moon's Fists,33523
Full Moon Guards,33522
Full Moon Jerkin,33521
Eclipse Gloves,33520
fe_f_hair019,33519
Eclipse Sleeves,33518
Crossroads Leather Uppers Chest,33517
Eclipse Shirt,33516
Painted Fields Lute,33515
Eternal Rest Shield,33514
Hereafter Cloth Uppers Chest,33513
Elda's Bow,33512
Guardian's Helm,33511
Crossroads Cap,33510
Hereafter Hood,33509
Bright Dawn,33508
Unidentified Guardian's Sabatons,33507
Unidentified Guardian's Tassets,33506
Unidentified Guardian's Greaves,33505
Unidentified Crossroads Boots,33504
Defense Corps Staff,33503
Antiquarian's Nodachi,33502
Unidentified Crossroads Belt,33501
Unidentified Crossroads Breeches,33500
Unidentified Hereafter Shoes,33499
Unidentified Hereafter Sash,33498
Unidentified Hereafter Pants,33497
Old Imperial Plate Lowers Chest,33496
Kalia Leather Lowers Chest,33495
Solis Cloth Lowers Chest,33494
Old Imperial Plate Uppers Chest,33493
Kalia Leather Uppers Chest,33492
Solis Cloth Uppers Chest,33491
Unidentified Guardian's Gauntlets,33490
Old Chest,33489
Unidentified Guardian's Vambraces,33488
Unidentified Guardian's Cuirass,33487
Unidentified Crossroads Fists,33486
Venomist Sword,33485
Unidentified Crossroads Guards,33484
Unidentified Crossroads Jerkin,33483
Sea Watcher Helm,33482
Drunken Blade Cap,33481
Lovestruck Hood,33480
Sea Watcher Sabatons,33479
Unidentified Hereafter Gloves,33478
Sea Watcher Tassets,33477
Sea Watcher Greaves,33476
Drunken Blade Boots,33475
Drunk Blade Belt,33474
Unidentified Hereafter Sleeves,33473
Drunken Blade Breeches,33472
Lovestruck Shoes,33471
Lovestruck Sash,33470
Lovestruck Pants,33469
Sea Watcher Gauntlets,33468
Sea Watcher Vambraces,33467
Sea Watcher Cuirass,33466
Drunken Blade Fists,33465
Drunken Blade Guards,33464
Unidentified Hereafter Shirt,33463
Drunken Blade Jerkin,33462
Old Imperial Helm,33461
Kalia Cap,33460
Solis Hood,33459
Unidentified Old Imperial Sabatons,33458
Unidentified Old Imperial Tassets,33457
Lovestruck Gloves,33456
Unidentified Old Imperial Greaves,33455
Unidentified Kalia Boots,33454
Unidentified Kalia Belt,33453
Unidentified Kalia Breeches,33452
Unidentified Solis Shoes,33451
Unidentified Solis Sash,33450
Lovestruck Sleeves,33449
Lovestruck Shirt,33448
Jaira's Lute,33447
Wingfeather Lute,33446
Winebalm Shield,33445
Unidentified Solis Pants,33444
Unidentified Old Imperial Gauntlets,33443
Unidentified Old Imperial Vambraces,33442
Brokenwing Shield,33441
Seven Bridges Bow,33440
Student's Staff,33439
Paddies Nodachi,33438
Lutesong Hill Sword,33437
Tarvez's Bow,33436
Queensguard Helm,33435
Caretaker's Cap,33434
University Hat,33433
Birch Staff,33432
Queensguard Sabatons,33431
Queensguard Tassets,33430
Unidentified Guardian's Nodachi,33429
Queensguard Greaves,33428
Caretaker's Boots,33427
Caretaker's Belt,33426
Caretaker's Breeches,33425
University Shoes,33424
Damien's Sword,33423
University Belt,33422
University Pants,33421
Queensguard Gauntlets,33420
Queensguard Vambraces,33419
Queensguard Cuirass,33418
Caretaker's Fists,33417
Caretaker's Guards,33416
Caretaker's Jerkin,33415
University Gloves,33414
University Sleeves,33413
University Shirt,33412
Corkwood Lute,33411
Vigo's Shield,33410
Red-Eyed Bow,33409
Staff of Longing,33408
Torini's Nodachi,33407
Shepherd's Sword,33406
Unidentified Old Imperial Cuirass,33405
Unidentified Kalia Fists,33404
Unidentified Kalia Guards,33403
Unidentified Kalia Jerkin,33402
Unidentified Solis Gloves,33401
Unidentified Solis Sleeves,33400
Unidentified Solis Shirt,33399
Visitor's Lute,33398
Hassine's Shield,33397
Karmak's Bow,33396
Heavenly Harmony Staff,33395
Paddies Nodachi,33394
Mine Foreman's Sword,33393
Year of the Horse Token,33392
Crimson Lightning New Year Bundle,33391
Lucky New Year's Bundle,33390
Pure New Year's Bundle,33389
Pure New Year Activewear,33388
Lucky New Year Activewear,33387
Crimson Lightning Pet Legguards,33386
Crimson Lightning Mount Saddle,33385
Crimson Lightning Pet Helm,33384
Nui's Favor,33383
Energy Booster,33382
Amy's Chicken,33381
Daru Bundle,33380
Arctic Earthstone Bundle,33379
Cold-Blooded Bundle,33378
ha_f_hair031,33377
el_f_hair031,33376
nu_f_hair031,33375
Old Imperial Helm,33374
Kalia Cap,33373
Solis Hood,33372
Old Imperial Sabatons,33371
Old Imperial Tassets,33370
Old Imperial Greaves,33369
Kalia Boots,33368
Kalia Belt,33367
Kalia Breeches,33366
Solis Shoes,33365
Solis Sash,33364
Solis Pants,33363
Old Imperial Gauntlets,33362
Old Imperial Vambraces,33361
Old Imperial Cuirass,33360
Kalia Fists,33359
Kalia Guards,33358
Kalia Jerkin,33357
Solis Gloves,33356
Solis Sleeves,33355
Solis Shirt,33354
Visitor's Lute,33353
Hassine's Shield,33352
Karmak's Bow,33351
Heavenly Harmony Staff,33350
Botanist's Nodachi,33349
Foreman's Sword,33348
Guardian's Helm,33347
Crossroads Cap,33346
Hereafter Hood,33345
Guardian's Sabatons,33344
Guardian's Tassets,33343
Guardian's Greaves,33342
Crossroads Boots,33341
Crossroads Belt,33340
Crossroads Breeches,33339
Hereafter Shoes,33338
Hereafter Belt,33336
Hereafter Pants,33335
Guardian's Gauntlets,33334
Guardian's Vambraces,33333
Guardian's Cuirass,33332
Crossroads Fists,33331
Crossroads Guards,33330
Crossroads Jerkin,33329
Hereafter Gloves,33328
Hereafter Sleeves,33327
Hereafter Shirt,33326
Jaira's Lute,33325
Brokenwing Shield,33324
Tarvez's Bow,33323
Birch Staff,33322
Arden Guard Nodachi,33321
Arden Guard Sword,33320
Ripe Ash Fruit,33319
Ripe Ash Fruit,33318
Maple Twig,33317
Maple Twig,33316
Willow Cortex,33315
Willow Cortex,33314
Rubber Tree Cortex,33313
Rubber Tree Cortex,33312
Lucky Yew Leaf,33311
Anvilton Plate Lowers Chest,33310
Steadfast Queen's Leather Lowers Chest,33309
Hal Hahpa Cloth Lowers Chest,33308
Anvilton Plate Uppers Chest,33307
Steadfast Queen's Leather Uppers Chest,33306
Hal Hahpa Cloth Uppers Chest,33305
Anvilton Helm,33304
Steadfast Queen's Cap,33303
Hal Hahpa Hood,33302
Unidentified Anvilton Sabatons,33301
Unidentified Anvilton Tassets,33300
Unidentified Anvilton Greaves,33299
Unidentified Steadfast Queen's Boots,33298
Unidentified Steadfast Queen's Belt,33297
Unidentified Steadfast Queen's Breeches,33296
Unidentified Hal Hahpa Shoes,33295
Unidentified Hal Hahpa Sash,33294
Unidentified Hal Hahpa Pants,33293
Unidentified Anvilton Gauntlets,33292
Unidentified Anvilton Vambraces,33291
Unidentified Anvilton Cuirass,33290
Unidentified Steadfast Queen's Fists,33289
Unidentified Steadfast Queen's Guards,33288
Unidentified Steadfast Queen's Jerkin,33287
Unidentified Hal Hahpa Gloves,33286
Lucky Yew Leaf,33284
Unidentified Hal Hahpa Sleeves,33282
Unidentified Hal Hahpa Shirt,33281
Poacher's Lute,33280
Supanya's Shield,33279
Akmaan's Bow,33278
Alkaran's Staff,33277
Archerfish Nodachi,33276
Manshara's Sword,33275
Moondrop Plate Lowers Chest,33274
Guide Leather Lowers Chest,33273
White Crow Cloth Lowers Chest,33272
Moondrop Plate Uppers Chest,33271
Guide Leather Uppers Chest,33270
White Crow Cloth Uppers Chest,33269
Moondrop Helm,33268
Guide Cap,33267
White Crow Hood,33266
Moondrop Sabatons,33265
Unidentified Moondrop Tassets,33264
Unidentified Moondrop Greaves,33263
Unidentified Guide Boots,33262
Unidentified Guide Belt,33261
Super Armor Temper,33260
Unidentified Guide Breeches,33259
Unidentified White Crow Shoes,33258
Unidentified White Crow Sash,33257
Unidentified White Crow Pants,33256
Unidentified Moondrop Gauntlets,33255
Unidentified Moondrop Vambraces,33254
Unidentified Moondrop Cuirass,33253
Unidentified Guide Fists,33252
Unidentified Guide Guards,33251
Unidentified Guide Jerkin,33250
Unidentified White Crow Gloves,33249
Unidentified White Crow Sleeves,33248
Unidentified White Crow Shirt,33247
Stokal-Slaying Lute,33246
Maximel's Shield,33245
Hellsdame Bow,33244
Kitchen Guard's Staff,33243
Comrade's Nodachi,33242
Royster's Camp Sword,33241
Home Lighting Design,33240
Duskglow Waistcoat Ensemble,33239
Anvilton Helm,33238
Steadfast Queen's Cap,33237
Hal Hahpa Hood,33236
Anvilton Sabatons,33235
Anvilton Tassets,33234
Anvilton Greaves,33233
Steadfast Queen's Boots,33232
Steadfast Queen's Belt,33231
Steadfast Queen's Breeches,33230
Hal Hahpa Shoes,33229
Hal Hahpa Sash,33228
Hal Hahpa Pants,33227
Anvilton Gauntlets,33226
Anvilton Vambraces,33225
Anvilton Cuirass,33224
Steadfast Queen's Fists,33223
Steadfast Queen's Guards,33222
Steadfast Queen's Jerkin,33221
Hal Hahpa Gloves,33220
Hal Hahpa Sleeves,33219
Hal Hahpa Shirt,33218
Poacher's Lute,33216
Supanya's Shield,33215
Akmaan's Bow,33214
Alkaran's Staff,33213
Archerfish Nodachi,33212
Manshara's Sword,33211
Moondrop Helm,33210
Guide Cap,33209
White Crow Hood,33208
Moondrop Sabatons,33207
Moondrop Tassets,33206
Moondrop Greaves,33205
Guide Boots,33204
Guide Belt,33203
Guide Breeches,33202
White Crow Shoes,33201
White Crow Sash,33200
White Crow Pants,33199
Moondrop Gauntlets,33198
Moondrop Vambraces,33196
Moondrop Cuirass,33195
Guide Fists,33194
Guide Guards,33193
Guide Jerkin,33192
White Crow Gloves,33191
White Crow Sleeves,33190
White Crow Shirt,33189
Stokal-Slaying Lute,33188
Maximel's Shield,33187
Hellsdame Bow,33186
Kitchen Guard's Staff,33185
Comrade's Nodachi,33184
Royster's Camp Sword,33183
Unidentified Superior Lunarite,33181
Unidentified Fine Lunarite,33180
Unidentified Lunarite,33179
npc cp_cloth077,33178
npc c_077 5feet,33177
npc c_077 3legs,33176
npc c_079 2chest,33175
npc c_078 2chest,33174
npc c_077 2chest,33173
npc c_077 1head,33172
Ayanad Opal,33171
Dark Tear Auramancy Disciple Costume,33170
Dark Tear Shadowplay Disciple Costume,33169
Dark Tear Witchcraft Disciple Costume,33168
Enchanted Auramancy Disciple Costume,33167
Enchanted Shadowplay Disciple Costume,33166
Enchanted Witchcraft Disciple Costume,33165
Auramancy Disciple,33164
Shadowplay Disciple,33163
Witchcraft Disciple,33162
Strange Bone Chip,33160
Lucky Strike Token,33159
Returning Heir's Bundle,33158
Lemon Cake Birthday Hat,33157
Strawberry Cake Birthday Hat,33156
Blue Spiral Party Hat,33155
Great Ayanad Earring,33154
Brilliant Ayanad Earring,33153
Gleaming Ayanad Earring,33152
Solemn Ayanad Earring,33151
Lost Ayanad Earring,33150
Settler's Plate Armor Bundle,33149
Settler's Leather Armor Bundle,33148
Settler's Cloth Armor Bundle,33147
Settler's Pride,33146
Firran Historian Token,33145
Harani Historian Token,33144
Elf Historian Token,33143
Nuian Historian Token,33142
Grand Baobab Fruit,33141
Grand Orange,33140
Grand Avocado,33139
Life Lunadrop Box,33138
Wave Lunadrop Box,33137
Life Prize Token,33136
Wave Prize Token,33135
Filthy Rich Token,33134
Dream Came True Token,33133
Ultra-Chill Token,33132
Head in the Clouds Token,33131
Salvage Forge Design,33130
Blue Cypress Lute,33129
Mechanic's Shield,33128
Bow of Hidden Treasures,33127
Arach Staff,33126
Crystal Lake Nodachi,33125
Anvilton Sword,33124
Vengeful Lute,33123
Riverspan Shield,33122
Cult Scout's Bow,33121
Jaya Staff,33120
Agitator's Nodachi,33119
Bitterwind Sword,33118
Automaton Plate Lowers Chest,33117
Automaton Plate Uppers Chest,33116
Stalking Tiger Leather Lowers Chest,33115
Stalking Tiger Leather Uppers Chest,33114
Arach Cloth Lowers Chest,33113
Arach Cloth Uppers Chest,33112
Unidentified Automaton Sabatons,33111
Unidentified Automaton Tassets,33110
Unidentified Automaton Greaves,33109
Unidentified Stalking Tiger Boots,33108
Unidentified Stalking Tiger Belt,33107
Unidentified Stalking Tiger Breeches,33106
Unidentified Arach Shoes,33105
Unidentified Arach Sash,33104
Unidentified Arach Pants,33103
Unidentified Automaton Gauntlets,33102
Unidentified Automaton Vambraces,33101
Prime Heir's Bow,33100
Prime Heir's Shield,33099
Prime Heir's Greatsword,33098
Prime Heir's Greatclub,33097
Prime Heir's Scepter,33096
Prime Heir's Staff,33095
Prime Heir's Sword,33094
Prime Heir's Club,33093
Unidentified Automaton Cuirass,33092
Superior Heir's Club,33091
Superior Heir's Scepter,33090
Superior Heir's Sword,33089
Superior Heir's Shield,33088
Superior Heir's Bow,33087
Superior Heir's Greatclub,33086
Superior Heir's Staff,33085
Superior Heir's Greatsword,33084
Unidentified Stalking Tiger Fists,33083
Unidentified Stalking Tiger Guards,33082
Glass Skyfin Figurine,33081
Glass Twinhead Viper Figurine,33080
Glass Bear Figurine,33079
Glass Ostrich Figurine,33078
Glass Gorilla Figurine,33077
Fortune Certificate,33076
Misfortune Certificate,33075
Unidentified Stalking Tiger Jerkin,33074
Ayanad Senior Council Manaprint,33073
Ayanad Council Manaprint,33072
Unidentified Arach Gloves,33071
Unidentified Arach Sleeves,33070
Unidentified Arach Shirt,33069
Ayanad Anima,33068
Ducal Plate Lowers Chest,33067
Ducal Plate Uppers Chest,33066
Hopes for Peace,33065
Brief Journey,33064
Prayer for Blessings,33063
Disgraceful Fall,33062
Jaya Leather Lowers Chest,33061
Along a Wandering Wind,33060
Jaya Leather Uppers Chest,33059
Bitterwind Cloth Lowers Chest,33058
Bitterwind Cloth Uppers Chest,33057
Unidentified Ducal Sabatons,33056
Unidentified Ducal Tassets,33055
Unidentified Ducal Greaves,33054
Unidentified Ducal Gauntlets,33053
Unidentified Ducal Vambraces,33052
Unidentified Ducal Cuirass,33051
Unidentified Jaya Boots,33050
Heir's Costume,33049
Unidentified Jaya Belt,33048
Heir's Costume Bundle,33047
Heir's Weapon Bundle: Prime,33046
Unidentified Jaya's Breeches,33045
Heir's Weapon Bundle: Superior,33044
Unidentified Jaya Fists,33043
Unidentified Jaya Guards,33042
Unidentified Jaya Jerkin,33041
Seahorse Mask,33040
Unidentified Bitterwind Shoes,33039
Unidentified Bitterwind Sash,33038
Heir's Greatclub,33037
Unidentified Bitterwind Pants,33036
Heir's Bow,33035
Heir's Staff,33034
Heir's Greatsword,33033
Unidentified Bitterwind Gloves,33032
Unidentified Bitterwind Sleeves,33031
Unidentified Bitterwind Shirt,33030
Highest Calling,33029
Call of the Wild,33028
Novice Adventurer's Gift,33027
Alexander's Portrait,33026
Empty Frame,33025
Empty Frame,33024
Living Library Painting,33023
Alexander's Portrait,33022
Living Library Painting,33021
Tyrenos Portrait,33020
Tyrenos Portrait,33019
Empty Frame,33018
Regal Anvil Design,33017
Regal Plate Armor Form Design,33016
Regal Leather Armor Form Design,33015
Regal Cloth Armor Form Design,33014
Regal Carpentry Workbench Design,33013
Regal Handicraft Desk Design,33012
Regal Alchemy Table Design,33011
Regal Cooking Tools Design,33010
Regal Printing Press Design,33009
Riverspan Shield,33008
Cult Scout's Bow,33007
Mechanic's Shield,33006
Bow of Hidden Treasures,33005
Anvilton Sword,33004
Bitterwind Sword,33003
Crystal Lake Nodachi,33002
Blue Cypress Lute,33001
Arach Staff,33000
Agitator's Nodachi,32999
Vengeful Lute,32998
Jaya Staff,32997
Automaton Cuirass,32996
Stalking Tiger Jerkin,32995
Arach Shirt,32994
Automaton Helm,32993
Stalking Tiger Cap,32992
Arach Hood,32991
Automaton Greaves,32990
Stalking Tiger Breeches,32989
Arach Pants,32988
Automaton Sabatons,32987
Stalking Tiger boots,32986
Arach Shoes,32985
Automaton Gauntlets,32984
Stalking Tiger Fists,32983
Arach Gloves,32982
Automaton Tassets,32981
Stalking Tiger Belt,32980
Arach Sash,32979
Automaton Vambraces,32978
Stalking Tiger Guards,32977
Arach Sleeves,32976
Ducal Helm,32975
Jaya Cap,32974
Bitterwind Hood,32973
Ducal Cuirass,32972
Jaya Jerkin,32971
Bitterwind Shirt,32970
Ducal Greaves,32969
Jaya Breeches,32968
Bitterwind Pants,32967
Ducal Sabatons,32966
Jaya Boots,32965
Bitterwind Shoes,32964
Ducal Gauntlets,32963
Jaya Fists,32962
Bitterwind Gloves,32961
Ducal Tassets,32960
Jaya Belt,32959
Bitterwind Sash,32958
Ducal Vambraces,32957
Jaya Guards,32956
Bitterwind Sleeves,32955
고양이 등짐 USB 응모권,32954
10K Credits Raffle Ticket,32953
한정판 아키 OST CD 응모권,32952
외장하드 응모권,32951
키보드 응모권,32950
SSD 응모권,32949
그래픽 카드 응모권,32948
아이패드 미니 응모권,32947
Super Weapon Temper,32946
Automaton Helm,32945
Stalking Tiger Cap,32944
Arach Hood,32943
Ducal Helm,32942
Jaya Cap,32941
Bitterwind Hood,32940
Blizzard Bear Pen,32939
Cashmere Yata Pen,32938
Dairy Pen,32937
Goat Pen,32936
Sheep Pen,32935
Small Bamboo Goose Cage,32934
Small Bamboo Duck Cage,32933
Pine Woodlot,32932
Bamboo Woodlot,32931
Maple Woodlot,32930
Aspen Woodlot,32929
Rubber Tree Woodlot,32928
Shroudmaster Earring,32922
Shroudmaster Necklace,32921
Shroudmaster Ring,32920
Reaper Earring,32919
Reaper Necklace,32918
Reaper Ring,32917
Stormcaster Earring,32916
Stormcaster Necklace,32915
Stormcaster Ring,32914
Darkstring Earring,32913
Darkstring Necklace,32912
Darkstring Ring,32911
Unidentified Astral Ranger Armor,32910
Unidentified Farslayer Armor,32909
Unidentified Tombcaller Armor,32908
Unidentified Ebonsong Armor,32907
Unidentified Ranger Armor,32906
Unidentified Hellweaver Armor,32905
Unidentified Scion Armor,32904
Unidentified Shroudmaster Armor,32903
Unidentified Soulbow Armor,32902
Unidentified Oracle Armor,32901
Unidentified Elegist Armor,32900
Unidentified Reaper Armor,32899
Nightmare Chest,32898
Gatekeeper's Chest,32897
Kraken's Chest,32896
Hound of Kyrios Chest,32895
Anthalon's Chest,32894
Haunted Chest,32893
Unidentified Shroudmaster Accessory,32892
Unidentified Reaper Accessory,32891
Unidentified Stormcaster Accessory,32890
Unidentified Spellbow Accessory,32889
Unidentified Farslayer Accessory,32888
Unidentified Hellweaver Accessory,32887
Unidentified Blighter Accessory,32886
Unidentified Outrider Accessory,32885
Unidentified Dreadnaught Accessory,32884
Unidentified Druid Accessory,32883
Unidentified Harbinger Accessory,32882
Unidentified Bastion Accessory,32881
Unidentified Blade Dancer Armor,32880
Unidentified Eidolon Armor,32879
Unidentified Nightwitch Armor,32878
Unidentified Trickster Armor,32877
Unidentified Poxbane Armor,32876
Unidentified Outrider Armor,32875
Unidentified Dreadbow Armor,32874
Unidentified Dreambreaker Armor,32873
Unidentified Bonestalker Armor,32872
Unidentified Shadowblade Armor,32871
Unidentified Cultist Armor,32870
Unidentified Lamentor Armor,32869
Unidentified Daggerspell Armor,32868
Unidentified Athame Armor,32867
Unidentified Dervish Armor,32866
Unidentified Spellbow Armor,32865
Unidentified Argent Armor,32864
Unidentified Doombringer Armor,32863
Unidentified Confessor Armor,32862
Unidentified Blood Arrow Armor,32861
Unidentified Nightblade Armor,32860
Unidentified Dreadnaught Armor,32859
Unidentified Skullknight Armor,32858
Unidentified Death Warden Armor,32857
Unidentified Dreadstone Armor,32856
Unidentified Druid Armor,32855
Unidentified Fleshshaper Armor,32854
Unidentified Paladin Armor,32853
Unidentified Herald Armor,32852
Unidentified Justicar Armor,32851
Unidentified Ravager Armor,32850
Unidentified Bastion Armor,32849
Unidentified Blackguard Armor,32848
Unidentified Crusader Armor,32847
Unidentified Darkrunner Armor,32846
Unidentified Abolisher Armor,32845
Unidentified Scion Weapon,32844
Unidentified Shroudmaster Weapon,32843
Unidentified Soulbow Weapon,32842
Unidentified Oracle Weapon,32841
Unidentified Spellsinger Weapon,32840
Unidentified Reaper Weapon,32839
Unidentified Cultist Weapon,32838
Unidentified Lamentor Weapon,32837
Unidentified Stormcaster Weapon,32836
Unidentified Daggerspell Weapon,32835
Unidentified Athame Weapon,32834
Unidentified Dervish Weapon,32833
Unidentified Templar Weapon,32832
Unidentified Spellbow Weapon,32831
Unidentified Argent Weapon,32830
Unidentified Doombringer Weapon,32829
Unidentified Hex Warden Weapon,32828
Unidentified Confessor Weapon,32827
Unidentified Blood Arrow Weapon,32826
Unidentified Astral Ranger Weapon,32825
Unidentified Farslayer Weapon,32824
Unidentified Tombcaller Weapon,32823
Unidentified Ebonsong Weapon,32822
Unidentified Ranger Weapon,32821
Unidentified Hellweaver Weapon,32820
Unidentified Blade Dancer Weapon,32819
Unidentified Eidolon Weapon,32818
Unidentified Blighter Weapon,32817
Unidentified Nightwitch Weapon,32816
Unidentified Trickster Weapon,32815
Unidentified Poxbane Weapon,32814
Unidentified Liberator Weapon,32813
Unidentified Outrider Weapon,32812
Unidentified Dreadbow Weapon,32811
Unidentified Dreambreaker Weapon,32810
Unidentified Shadowbane Weapon,32809
Unidentified Bonestalker Weapon,32808
Unidentified Shadowblade Weapon,32807
Unidentified Nightblade Weapon,32806
Unidentified Dreadnaught Weapon,32805
Unidentified Skullknight Weapon,32804
Unidentified Death Warden Weapon,32803
Unidentified Dreadstone Weapon,32802
Unidentified Druid Weapon,32801
Unidentified Fleshshaper Weapon,32800
Unidentified Paladin Weapon,32799
Unidentified Harbinger Weapon,32798
Unidentified Herald Weapon,32797
(사용불가) 미확인된 심판자의 무기,32796
Unidentified Ravager Weapon,32795
Unidentified Inquisitor Weapon,32794
Unidentified Bastion Weapon,32793
Unidentified Blackguard Weapon,32792
Unidentified Crusader Weapon,32791
Unidentified Doomlord Weapon,32790
Unidentified Darkrunner Weapon,32789
Unidentified Abolisher Weapon,32788
Archmage's Manastone,32787
Rare Hearty Meal,32786
Premium Hearty Meal,32785
Taste of Victory Token,32784
Castaway Haunt Token,32783
Halcyona Gulf Haunt Token,32782
Arcadian Haunt Token,32781
Freedich Haunt Token,32780
Karkasse Haunt Token,32779
Hasla Haunt Token,32778
Perinoor Haunt Token,32777
Rookborne Haunt Token,32776
Ynystere Haunt Token,32775
Sanddeep Haunt Token,32774
Hellswamp Haunt Token,32773
Cinderstone Haunt Token,32772
Halcyona Haunt Token,32771
Castaway Dominator Token,32770
Halcyona Gulf Dominator Token,32769
Arcadian Dominator Token,32768
Freedich Dominator Token,32767
Karkasse Dominator Token,32766
Hasla Dominator Token,32765
Perinoor Dominator Token,32764
Rookborne Dominator Token,32763
Ynystere Dominator Token,32762
Sanddeep Dominator Token,32761
Hellswamp Dominator Token,32760
Cinderstone Dominator Token,32759
Halcyona Dominator Token,32758
Master Lunagemologist Token,32757
Relic Guardian Token,32756
Guardian of Reading Rainbows Token,32755
Ayanad Vanquisher Token,32754
Expert Cutpurse Token,32753
"It's Over 90,000! Token",32752
Above and Beyond Token,32751
Transcendant Token,32750
Redeemer Token,32749
Kingslayer Token,32748
Auroran Ascended,32747
Daru Buddy Token,32746
Daru Friend Token,32745
United We Stand Token,32744
Repentant Token,32743
Desperado Token,32742
Redeemer Token,32741
Bounty Hunter Token,32740
Notorious Felon Token,32739
Until Proven Guilty Token,32738
Supreme Magistrate Token,32737
Salty Sailor Token,32736
Karkasse Cartographer Token,32735
Hasla Cartographer Token,32734
Perinoor Cartographer Token,32733
Windscour Cartographer Token,32732
Rookborne Cartographer Token,32731
Ynystere Cartographer Token,32730
Silent Forest Cartographer Token,32729
Villanelle Cartographer Token,32728
Solis Cartographer Token,32727
Mahadevi Cartographer Token,32726
Tigerspine Cartographer Token,32725
Falcorth Cartographer Token,32724
Arcum Iris Cartographer Token,32723
Sanddeep Cartographer Token,32722
Hellswamp Cartographer Token,32721
Halcyona Cartographer Token,32720
Cinderstone Cartographer Token,32719
Two Crowns Cartographer Token,32718
Marianople Cartographer Token,32717
White Arden Cartographer Token,32716
Dewstone Cartographer Token,32715
Lilyut Cartographer Token,32714
Gweonid Cartographer Token,32713
Solzreed Cartographer Token,32712
Mining Engineer Token,32711
Ginseng Singer Token,32710
Best Bookworm Token,32709
Divemaster Token,32708
True Adventurer Token,32707
Dragon Slayer Token,32706
Drowned Vanquisher Token,32705
Serpentis Vanquisher Token,32704
Greater Abyss Vanquisher Token,32703
Kroloal Vanquisher Token,32702
Abyss Vanquisher Token,32701
Hadir Vanquisher Token,32700
Armory Vanquisher Token,32699
Cellar Vanquisher Token,32698
Sharpwind Vanquisher Token,32697
Homewrecker Token,32696
Master Beasthunter Token,32695
True Ascended Token,32694
Salt of the Earth Token,32693
Grand Historian Token,32692
Greatest Explorer Token,32691
Thirsty One Token,32690
Earth Lover Token,32689
Lightning Rod Token,32688
Out on a Limb Token,32687
Seedful Sower Token,32686
Free Flowering Token,32685
Veteran Vet,32684
Busy Bee Token,32683
Quacked Up Token,32682
Goatherd Token,32681
Fowl Mood Token,32680
Bronco Buster Token,32679
Plucky Plucker Token,32678
Egg-cellent Token,32677
Swineherd Token,32676
Sheep Follower Token,32675
Udderly Fabulous Token,32674
Something Fishy Token,32673
Cinderstone Magnate Token,32672
Ynystere Magnate Token,32671
Island Trademaster Token,32670
Nuia Trademaster Token,32669
Haranya Trademaster Token,32668
Top Chef Master Token,32667
Stuffed with Fluff Token,32666
Master Printer Token,32665
Periodic Tabler Token,32664
Chairman of Chairs Token,32663
Bedmaker Token,32662
Awl-Encompassing Token,32661
Interior Designer Token,32660
Lumenmancer Token,32659
Costs an Armoire and a Lathe Token,32658
Flight Engineer Token,32657
Siege Engineer Token,32656
Master Mechanic Token,32655
Master Shipwright Token,32654
Jewelsmith Token,32653
Armorsmith Token,32652
Weaponsmith Token,32651
Expert Cutpurse Token,32650
Nothing Up My Sleeve Token,32649
The Professional Token,32648
Explosives Expert Token,32647
Proven Warrior Token,32646
Eternal Hasla Champion Token,32645
Hasla Champion Token,32644
A Crafter's Life for Me Token,32643
Dominator Token,32642
Auroran Sorrows Token,32641
Auroran Ambitions Token,32640
Auroran Knight Token,32639
Auroran Ruler Token,32638
Beam Me Up Token,32637
Durability Master Token,32636
Another Man's Treasure Token,32635
Tycoon Token,32634
Big Spender Token,32633
Totally Forsaken Token,32632
Ballsy and Lucky Token,32631
Party Animal Token,32630
Gazillionaire Token,32629
En-Vogue Token,32628
Plushie Hearted Token,32627
Bobble-Headed Token,32626
Fishphiliac Token,32625
A Whole New World Token,32624
Crop Whisperer Token,32623
Animal Lover,32622
Yata Tamer Token,32621
Yata Collector Token,32620
Shadowcat Tamer Token,32619
Shadowcat Collector Token,32618
Leomorph Tamer Token,32615
Leomorph Collector Token,32614
Elk Tamer Token,32613
Elk Collector Token,32612
Lion Tamer Token,32611
Snowlion Collector Token,32610
Horse Whisperer Token,32609
Herd Racer Token,32608
Bear Whisperer Token,32607
Bear Chaser Token,32606
Cat Whisperer Token,32605
Pride Leader Token,32604
Dances with Wolfhounds Token,32603
Pack Leader Token,32602
Fiendbreeder Token,32601
Shadowhunter Token,32600
Workaholic Token,32599
Adventuring Addict Token,32598
Narcissist Token,32597
Skillmaster Token,32596
Weaponmaster Token,32595
Night Shift Token,32594
Torn Painting: Eighth Piece,32592
Torn Painting: Seventh Piece,32591
Torn Painting: Sixth Piece,32590
Torn Painting: Fifth Piece,32589
Torn Painting: Fourth Piece,32588
Torn Painting: Third Piece,32587
Torn Painting: Second Piece,32586
Torn Painting: First Piece,32585
Lucid Earth Lunagem: Mastery,32584
Vivid Earth Lunagem: Mastery,32583
Clear Earth Lunagem: Mastery,32582
Unknown Orb,32581
"The Form and Application of Tri-Dimensional Magic, Part 3",32580
"The Form and Application of Tri-Dimensional Magic, Part 2",32579
Fine Gale Lunarite: Breakthrough,32578
"The Form and Application of Tri-Dimensional Magic, Part 1",32577
Superior Gale Lunarite: Breakthrough,32576
Gale Lunarite: Breakthrough,32575
Lucid Gale Lunagem: Breakthrough,32574
Organic Goose Meat,32573
Organic Duck Meat,32572
Vivid Gale Lunagem: Breakthrough,32571
Clear Gale Lunagem: Breakthrough,32570
Ethereal Sphere,32569
Scroll: Battle Resurrection,32568
Ice Shovel,32567
Crimson Lightning,32566
Sealed Design,32560
Daily Horoscope,32559
Today's Horoscope,32558
Today's Horoscope,32557
Today's Horoscope,32556
Today's Horoscope,32555
Today's Horoscope,32554
Today's Horoscope,32553
Daily Horoscope,32552
Contains a prophecy for the new year.,32551
Nayah Luna Envelope,32550
Superior Mining Boost Scroll,32549
Superior Gathering Boost Scroll,32548
Superior Logging Boost Scroll,32547
Superior Farming Boost Scroll,32546
Superior Husbandry Boost Scroll,32545
Mining Boost Scroll,32544
Gathering Boost Scroll,32543
Logging Boost Scroll,32542
Farming Boost Scroll,32541
Husbandry Boost Scroll,32540
First Year Friend Token,32539
Wandering Winds Lute,32538
Wandering Winds Shield,32537
Wandering Winds Bow,32536
Wandering Winds Staff,32535
Wandering Winds Nodachi,32534
Wandering Winds Sword,32533
Firran Lute,32532
Firran Shield,32531
Firran Bow,32530
Firran Staff,32529
Firran Nodachi,32528
Firran Sword,32527
West Ishvara Lute,32526
West Ishvara Shield,32525
West Ishvara Bow,32524
West Ishvara Staff,32523
West Ishvara Nodachi,32522
West Ishvara Sword,32521
Harani Lute,32520
Harani Shield,32519
Harani Bow,32518
Harani Staff,32517
Harani Nodachi,32516
Harani Sword,32515
Dreamwaker Exiles Lute,32514
Dreamwaker Exiles Shield,32513
Dreamwaker Exiles Bow,32512
Dreamwaker Exiles Staff,32511
Dreamwaker Exiles Nodachi,32510
Dreamwaker Exiles Sword,32509
Elven Lute,32508
Elven Shield,32507
Elven Bow,32506
Elven Staff,32505
Elven Nodachi,32504
Elven Sword,32503
Crescent Throne Lute,32502
Crescent Throne Shield,32501
Crescent Throne Bow,32500
Crescent Throne Staff,32499
Honorable Victory Rank 10,32498
Honorable Victory Rank 9,32497
Honorable Victory Rank 8,32496
Honorable Victory Rank 7,32495
Crescent Throne Nodachi,32494
Honorable Victory Rank 6,32493
Honorable Victory Rank 5,32492
Honorable Victory Rank 4,32491
Honorable Victory Rank 3,32490
Honorable Victory Rank 2,32489
Honorable Victory Rank 1,32488
Crescent Throne Sword,32487
Nuian Lute,32486
Nuian Shield,32485
Nuian Bow,32484
Nuian Staff,32483
Nuian Nodachi,32482
Nuian Sword,32481
Sandstorm Cap,32480
Clan Alliance Hood,32479
Sandstorm Leather Lowers Chest,32478
Unidentified Sandstorm Boots,32477
Unidentified Sandstorm Belt,32476
Unidentified Sandstorm Breeches,32475
Sandstorm Leather Uppers Chest,32474
Unidentified Sandstorm Fists,32473
Unidentified Sandstorm Guards,32472
Unidentified Sandstorm Jerkin,32471
Clan Alliance Cloth Lowers Chest,32470
Unidentified Clan Alliance Shoes,32469
Unidentified Clan Alliance Sash,32468
Unidentified Clan Alliance Pants,32467
Unidentified Clan Alliance Gloves,32466
Unidentified Clan Alliance Sleeves,32465
Halfmoon Leather Lowers Chest,32464
Whisperwind Cloth Lowers Chest,32463
Halfmoon Leather Uppers Chest,32462
Starlight Salvage Forge,32461
Moonlight Salvage Forge,32460
Sunlight Salvage Forge,32459
Whisperwind Cloth Uppers Chest,32458
Halfmoon Cap,32457
Whisperwind Hood,32456
Unidentified Halfmoon Boots,32455
Unidentified Halfmoon Belt,32454
Unidentified Halfmoon Breeches,32453
Unidentified Whisperwind Shoes,32452
Unidentified Whisperwind Sash,32451
Unidentified Whisperwind Pants,32450
Unidentified Halfmoon Fists,32449
Unidentified Halfmoon Guards,32448
Unidentified Halfmoon Jerkin,32447
Unidentified Whisperwind Gloves,32446
Unidentified Whisperwind Sleeves,32445
Unidentified Whisperwind Shirt,32444
Unidentified Clan Alliance Shirt,32443
Clan Alliance Cloth Uppers Chest,32442
Salvaged Ayanad Ring,32441
Salvaged Delphinad Ring,32440
Salvaged Epherium Ring,32439
Salvaged Magnificent Ring,32438
Salvaged Illustrious Ring,32437
Salvaged Conqueror's Ring,32436
Salvaged Artisan's Ring,32435
Salvaged Artificer's Ring,32434
Salvaged Craftsman's Ring,32433
Salvaged Apprentice's Ring,32432
Salvaged Ayanad Necklace,32431
Salvaged Delphinad Necklace,32430
Salvaged Epherium Necklace,32429
Salvaged Magnificent Necklace,32428
Salvaged Illustrious Necklace,32427
Salvaged Conqueror's Necklace,32426
Salvaged Artisan's Necklace,32425
Salvaged Artificer's Necklace,32424
Salvaged Craftsman's Necklace,32423
Salvaged Apprentice's Necklace,32422
Salvaged Ayanad Earring,32421
Salvaged Delphinad Earring,32420
Salvaged Epherium Earring,32419
Salvaged Magnificent Earring,32418
Salvaged Illustrious Earring,32417
Salvaged Conqueror's Earring,32416
Salvaged Artisan's Earring,32415
Salvaged Artificer's Earring,32414
Salvaged Craftsman's Earring,32413
Salvaged Apprentice's Earring,32412
Salvaged Ayanad Tassets,32411
Salvaged Ayanad Vambraces,32410
Salvaged Ayanad Sabatons,32409
Salvaged Ayanad Gauntlets,32408
Salvaged Ayanad Greaves,32407
Salvaged Ayanad Cuirass,32406
Salvaged Ayanad Helm,32405
Salvaged Delphinad Tassets,32404
Salvaged Delphinad Vambraces,32403
Salvaged Delphinad Sabatons,32402
Salvaged Delphinad Gauntlets,32401
Salvaged Delphinad Greaves,32400
Salvaged Delphinad Cuirass,32399
Salvaged Delphinad Helm,32398
Salvaged Epherium Tassets,32397
Salvaged Epherium Vambraces,32396
Salvaged Epherium Sabatons,32395
Salvaged Epherium Gauntlets,32394
Salvaged Epherium Greaves,32393
Salvaged Epherium Cuirass,32392
Salvaged Epherium Helm,32391
Salvaged Magnificent Tassets,32390
Salvaged Magnificent Vambraces,32389
Salvaged Magnificent Sabatons,32388
Salvaged Magnificent Gauntlets,32387
Salvaged Magnificent Greaves,32386
Salvaged Magnificent Cuirass,32385
Salvaged Magnificent Helm,32384
Salvaged Illustrious Tassets,32383
Salvaged Illustrious Vambraces,32382
Salvaged Illustrious Sabatons,32381
Salvaged Illustrious Gauntlets,32380
Salvaged Illustrious Greaves,32379
Salvaged Illustrious Cuirass,32378
Salvaged Illustrious Helm,32377
Salvaged Ayanad Belt,32376
Salvaged Ayanad Guards,32375
Salvaged Ayanad Boots,32374
Salvaged Ayanad Fists,32373
Salvaged Ayanad Breeches,32372
Salvaged Ayanad Jerkin,32371
Salvaged Ayanad Cap,32370
Salvaged Delphinad Belt,32369
Salvaged Delphinad Guards,32368
Salvaged Delphinad Boots,32367
Salvaged Delphinad Fists,32366
Salvaged Delphinad Breeches,32365
Salvaged Delphinad Jerkin,32364
Salvaged Delphinad Cap,32363
Salvaged Epherium Belt,32362
Salvaged Epherium Guards,32361
Salvaged Epherium Boots,32360
Salvaged Epherium Fists,32359
Salvaged Epherium Breeches,32358
Salvaged Epherium Jerkin,32357
Salvaged Epherium Cap,32356
Salvaged Magnificent Belt,32355
Salvaged Magnificent Guards,32354
Salvaged Magnificent Boots,32353
Salvaged Magnificent Fists,32352
Salvaged Magnificent Breeches,32351
Salvaged Magnificent Jerkin,32350
Salvaged Magnificent Cap,32349
Salvaged Illustrious Belt,32348
Salvaged Illustrious Guards,32347
Salvaged Illustrious Boots,32346
Salvaged Illustrious Fists,32345
Salvaged Illustrious Breeches,32344
Salvaged Illustrious Jerkin,32343
Salvaged Illustrious Cap,32342
Salvaged Ayanad Sash,32341
Salvaged Ayanad Sleeves,32340
Salvaged Ayanad Shoes,32339
Salvaged Ayanad Gloves,32338
Salvaged Ayanad Pants,32337
Salvaged Ayanad Shirt,32336
Salvaged Ayanad Hood,32335
Salvaged Delphinad Sash,32334
Salvaged Delphinad Sleeves,32333
Salvaged Delphinad Shoes,32332
Salvaged Delphinad Gloves,32331
Salvaged Delphinad Pants,32330
Salvaged Delphinad Shirt,32329
Salvaged Delphinad Hood,32328
Salvaged Epherium Sash,32327
Salvaged Epherium Sleeves,32326
Salvaged Epherium Shoes,32325
Salvaged Epherium Gloves,32324
Salvaged Epherium Pants,32323
Salvaged Epherium Shirt,32322
Salvaged Epherium Hood,32321
Salvaged Magnificent Sash,32320
Salvaged Magnificent Sleeves,32319
Salvaged Magnificent Shoes,32318
Salvaged Magnificent Gloves,32317
Salvaged Magnificent Pants,32316
Salvaged Magnificent Shirt,32315
Salvaged Magnificent Hood,32314
Salvaged Illustrious Sash,32313
Salvaged Illustrious Sleeves,32312
Salvaged Illustrious Shoes,32311
Salvaged Illustrious Gloves,32310
Salvaged Illustrious Pants,32309
Salvaged Illustrious Shirt,32308
Salvaged Illustrious Hood,32307
Salvaged Ayanad Flute,32306
Salvaged Delphinad Flute,32305
Salvaged Epherium Flute,32304
Salvaged Magnificent Flute,32303
Salvaged Illustrious Flute,32302
Salvaged Ayanad Lute,32301
Salvaged Delphinad Lute,32300
Salvaged Epherium Lute,32299
Salvaged Magnificent Lute,32298
Salvaged Illustrious Lute,32297
Salvaged Ayanad Scepter,32296
Salvaged Delphinad Scepter,32295
Salvaged Epherium Scepter,32294
Salvaged Magnificent Scepter,32293
Salvaged Illustrious Scepter,32292
Salvaged Ayanad Longspear,32291
Salvaged Delphinad Longspear,32290
Salvaged Epherium Longspear,32289
Salvaged Magnificent Longspear,32288
Salvaged Illustrious Longspear,32287
Salvaged Ayanad Greatclub,32286
Salvaged Delphinad Greatclub,32285
Salvaged Epherium Greatclub,32284
Salvaged Magnificent Greatclub,32283
Salvaged Illustrious Greatclub,32282
Salvaged Ayanad Greataxe,32281
Salvaged Delphinad Greataxe,32280
Salvaged Epherium Greataxe,32279
Salvaged Magnificent Greataxe,32278
Salvaged Illustrious Greataxe,32277
Salvaged Ayanad Nodachi,32276
Salvaged Delphinad Nodachi,32275
Salvaged Epherium Nodachi,32274
Salvaged Magnificent Nodachi,32273
Salvaged Illustrious Nodachi,32272
Salvaged Ayanad Greatsword,32271
Salvaged Delphinad Greatsword,32270
Salvaged Epherium Greatsword,32269
Salvaged Magnificent Greatsword,32268
Salvaged Illustrious Greatsword,32267
Salvaged Ayanad Shield,32266
Salvaged Delphinad Shield,32265
Salvaged Epherium Shield,32264
Salvaged Magnificent Shield,32263
Salvaged Illustrious Shield,32262
Salvaged Ayanad Bow,32261
Salvaged Delphinad Bow,32260
Salvaged Epherium Bow,32259
Salvaged Magnificent Bow,32258
Salvaged Illustrious Bow,32257
Salvaged Ayanad Staff,32256
Salvaged Delphinad Staff,32255
Salvaged Epherium Staff,32254
Salvaged Magnificent Staff,32253
Salvaged Illustrious Staff,32252
Salvaged Ayanad Shortspear,32251
Salvaged Delphinad Shortspear,32250
Salvaged Epherium Shortspear,32249
Salvaged Magnificent Shortspear,32248
Salvaged Illustrious Shortspear,32247
Salvaged Ayanad Club,32246
Salvaged Delphinad Club,32245
Salvaged Epherium Club,32244
Salvaged Magnificent Club,32243
Salvaged Illustrious Club,32242
Salvaged Ayanad Axe,32241
Salvaged Delphinad Axe,32240
Salvaged Epherium Axe,32239
Salvaged Magnificent Axe,32238
Salvaged Illustrious Axe,32237
Salvaged Ayanad Katana,32236
Salvaged Delphinad Katana,32235
Salvaged Epherium Katana,32234
Salvaged Magnificent Katana,32233
Salvaged Illustrious Katana,32232
Salvaged Ayanad Sword,32231
Salvaged Delphinad Sword,32230
Salvaged Epherium Sword,32229
Salvaged Magnificent Sword,32228
Salvaged Illustrious Sword,32227
Salvaged Ayanad Dagger,32226
Salvaged Delphinad Dagger,32225
Salvaged Epherium Dagger,32224
Salvaged Magnificent Dagger,32223
Salvaged Illustrious Dagger,32222
Corner Reading Room Orb,32221
Lost Researchers' Remains,32220
Figurine Segment,32219
Sea Glass,32218
Shattered Spirit Shard,32217
ArcheAge Birthday Cake,32216
ArcheAge Birthday Arrow,32215
ArcheAge Birthday Needle,32214
ArcheAge Birthday Book,32213
Draught of Forgiveness,32212
ArcheAge Birthday Thread,32211
Wereshark Eyeball,32209
ArcheAge Birthday Certificate,32208
ArcheAge Birthday Goody Bag,32207
ArcheAge Birthday Crate,32205
Councillor's Leather Lowers Chest,32204
Ancient Devotion Cloth Lowers Chest,32203
Councillor's Leather Uppers Chest,32202
Ancient Devotion Cloth Uppers Chest,32201
Councillor's Cap,32200
Ancient Devotion Hood,32199
Unidentified Councillor's Boots,32198
Unidentified Councillor's Belt,32197
Unidentified Councillor's Breeches,32196
Unidentified Ancient Devotion Shoes,32195
Unidentified Ancient Devotion Sash,32194
Unidentified Ancient Devotion Pants,32193
Unidentified Councillor's Fists,32192
Unidentified Councillor's Guards,32191
Unidentified Councillor's Jerkin,32190
Unidentified Ancient Devotion Gloves,32189
Unidentified Ancient Devotion Sleeves,32188
Unidentified Ancient Devotion Shirt,32187
Sandstorm Cap,32186
Halfmoon Cap,32185
Whisperwind Hat,32184
Clan Alliance Hat,32183
Councillor's Cap,32182
Ancient Devotion Hood,32181
Wandering Winds Shield,32180
Wandering Winds Nodachi,32179
Wandering Winds Sword,32178
Halfmoon Jerkin,32177
Whisperwind Shirt,32176
Halfmoon Breeches,32175
Whisperwind Pants,32174
Halfmoon Boots,32173
Whisperwind Shoes,32172
Halfmoon Fists,32171
Whisperwind Gloves,32170
Halfmoon Belt,32169
Whisperwind Sash,32168
Halfmoon Guards,32167
Whisperwind Sleeves,32166
West Ishvara Shield,32165
West Ishvara Nodachi,32164
West Ishvara Sword,32163
Dreamwaker Exiles Shield,32162
Dreamwaker Exiles Nodachi,32161
Dreamwaker Exiles Sword,32160
Sandstorm Jerkin,32159
Clan Alliance Shirt,32158
Sandstorm Breeches,32157
Clan Alliance Pants,32156
Wandering Winds Lute,32155
West Ishvara Lute,32154
Dreamwaker Exiles Lute,32153
Wandering Winds Bow,32152
West Ishvara Bow,32151
Dreamwaker Exiles Bow,32150
Sandstorm Boots,32149
Clan Alliance Shoes,32148
Sandstorm Fists,32147
Clan Alliance Gloves,32146
Wandering Winds Staff,32145
West Ishvara Staff,32144
Dreamwaker Exiles Staff,32143
Sandstorm Belt,32142
Clan Alliance Sash,32141
Sandstorm Guards,32140
Clan Alliance Sleeves,32139
Councillor's Belt,32138
Ancient Devotion Sash,32137
Councillor's Guards,32136
Ancient Devotion Sleeves,32135
Firran Nodachi,32134
Harani Nodachi,32133
Elven Nodachi,32132
Councillor's Breeches,32131
Ancient Devotion Pants,32130
Councillor's Jerkin,32129
Ancient Devotion Shirt,32128
Councillor's Boots,32127
Ancient Devotion Shoes,32126
Councillor's Fists,32125
Ancient Devotion Gloves,32124
Firran Lute,32123
Harani Lute,32122
Elven Lute,32121
도면: 원대륙 상점 테스트,32120
Crescent Throne Lute,32119
Crescent Throne Buckler,32118
Crescent Throne Bow,32117
Crescent Throne Staff,32116
Crescent Throne Nodachi,32115
Crescent Throne Sword,32114
Firran Bow,32113
Harani Bow,32112
Elven Bow,32111
Firran Shield,32110
Harani Shield,32109
Elven Shield,32108
Dragon Essence Stabilizer,32106
Crystal Stabilizer,32105
Rock Salt Stabilizer,32104
Charcoal Stabilizer,32103
Firran Staff,32102
Harani Staff,32101
Elven Staff,32100
Firran Sword,32099
Harani Sword,32098
Elven Sword,32097
NPC 도구형 무기 - 만원경,32096
Multi-Purpose Aging Larder,32095
Exeloch Aged Cheese,32094
Nuimari Aged Cheese,32093
Ynystere Aged Cheese,32092
Windscour Aged Cheese,32091
Tigerspine Aged Cheese,32090
Arcum Iris Aged Cheese,32089
Sanddeep Aged Cheese,32088
Hellswamp Aged Cheese,32087
White Arden Aged Cheese,32086
Marianople Aged Cheese,32085
Sungold Aged Salve,32084
Marcala Aged Salve,32083
Hasla Aged Salve,32082
Perinoor Aged Salve,32081
Silent Forest Aged Salve,32080
Mahadevi Aged Salve,32079
Cinderstone Aged Salve,32078
Lilyut Aged Salve,32077
Dewstone Aged Salve,32076
Calmlands Aged Honey,32075
Heedmar Aged Honey,32074
Rookborne Aged Honey,32073
Villanelle Aged Honey,32072
Falcorth Aged Honey,32071
Solis Aged Honey,32070
Halcyona Aged Honey,32069
Two Crowns Aged Honey,32068
Solzreed Aged Honey,32067
Gweonid Aged Honey,32066
Mage's Embrace Orb,32065
Treant's Revenge Orb,32064
Deathmask Orb,32063
Disciple's Tear,32062
Enchanted Skein,32061
Ayanad Costume Design Scrap,32060
Librarian's Coinpurse,32059
Torn Painting: Eighth Piece,32058
Torn Painting: Seventh Piece,32057
Torn Painting: Sixth Piece,32056
Torn Painting: Fifth Piece,32055
Torn Painting: Fourth Piece,32054
Torn Painting: Third Piece,32053
Torn Painting: Second Piece,32052
Torn Painting: First Piece,32051
Eternal Library Tome,32050
Eternal Library Armor,32049
Eternal Library Weapon,32048
Torn Portrait: Eighth Piece,32047
Torn Portrait: Seventh Piece,32046
Torn Portrait: Sixth Piece,32045
Torn Portrait: Fifth Piece,32044
Torn Portrait: Fourth Piece,32043
Torn Portrait: Third Piece,32042
Torn Portrait: Second Piece,32041
Torn Portrait: First Piece,32040
Fresh Fertilizer,32039
Earthmana Leaf,32038
Sparkling Winter Festival Decor Bundle,32037
Snowy Winter Festival Decor Bundle,32036
Dreadnaught's Earring,32034
Druid's Earring,32033
Harbinger's Earring,32032
Bastion's Earring,32031
Dreadnaught's Necklace,32030
Druid's Necklace,32029
Harbinger's Necklace,32028
Bastion's Necklace,32027
Dreadnaught's Ring,32026
Druid's Ring,32025
Harbinger's Ring,32024
Bastion's Ring,32023
Crescent Cap,32022
Labyrinth Hood,32021
Unidentified Crescent Boots,32020
Unidentified Crescent Belt,32019
Unidentified Crescent Breeches,32018
Crescent Leather Lowers Chest,32017
Unidentified Crescent Fists,32016
Unidentified Crescent Guards,32015
Unidentified Crescent Jerkin,32014
Crescent Cap,32013
Crescent Jerkin,32012
Crescent Breeches,32011
Crescent Boots,32010
Crescent Fists,32009
Crescent Belt,32008
Crescent Guards,32007
Nuian Lute,32006
Nuian Shield,32005
Nuian Bow,32004
Nuian Staff,32003
Nuian Nodachi,32002
Nuian Sword,32001
el_m_hair027,32000
Labyrinth Hood,31999
Crescent Leather Uppers Chest,31998
Labyrinth Shoes,31997
Unidentified Labyrinth Shoes,31996
Labyrinth Sash,31995
Unidentified Labyrinth Sash,31994
Labyrinth Pants,31993
Labyrinth Cloth Lowers Chest,31992
Labyrinth Cloth Lowers Chest,31991
Arctic Earthstone Bundle,31990
Honor Weapon Bundle,31989
Labyrinth Gloves,31988
Unidentified Labyrinth Gloves,31987
Earth Lunabox,31986
Ticket Bundle,31985
Earth Prize Token,31984
Superior Red Regrade Charm,31977
Radiant Unique Regrade Charm,31976
Superior Yellow Regrade Charm,31975
Unique Regrade Charm,31974
Unidentified Labyrinth Sleeves,31973
Ayanad Wizard's Token,31972
Labyrinth Shirt,31971
Labyrinth Cloth Uppers Chest,31970
Labyrinth Sleeves,31969
Labyrinth Cloth Uppers Chest,31968
npc cp_cloth179,31967
npc c_179 5feet,31966
npc c_179 3legs,31965
npc c_179 2chest,31964
npc c_179 1head,31963
Shadowsong Lute,31962
Recollections Sash,31961
Recollections Sleeves,31960
Recollections Shoes,31959
Recollections Gloves,31958
Recollections Pants,31957
Recollections Shirt,31956
Recollections Hood,31955
Ephemeral Memory Belt,31954
Ephemeral Memory Guards,31953
Ephemeral Memory Boots,31952
Ephemeral Memory Fists,31951
Ephemeral Memory Breeches,31950
Ephemeral Memory Jerkin,31949
Ephemeral Memory Cap,31948
Ardent Oath Tassets,31947
Ardent Oath Vambraces,31946
Ardent Oath Sabatons,31945
Ardent Oath Gauntlets,31944
Ardent Oath Greaves,31943
Ardent Oath Cuirass,31942
Ardent Oath Helm,31941
Oathcrusher Club,31940
Sunset Haze Greatclub,31939
Dawnstar Scepter,31938
Fallen Wizard Staff,31937
Razor Knowledge Longspear,31936
Duskglory Sword,31935
Infinite Memory Bow,31934
Great Fortress Shield,31933
Skydark Dagger,31932
Lucky Starpoint,31930
Starpoint,31929
Accessory Regrade Scroll,31928
Resplendent Accessory Regrade Scroll,31927
Icekissed Winter Festival Giftpack,31926
Poinsettia Winter Festival Giftpack,31925
Fellowship Plaza Design,31924
Gale Lunabox,31923
Sungold Insect Traps,31922
Exeloch Energy Drink,31921
Calmlands Magic Poppets,31920
Marcala Goldwort Oil,31919
Nuimari Sturdy Yarn,31918
Heedmar Softened Fabric,31917
Hasla Specialty Tea,31916
Ynystere Bouquets,31915
Rookborne Millet Pilaf,31914
Perinoor Fried Meat,31913
Windscour Chilled Beverages,31912
Villanelle Long Noodles,31911
Silent Forest Seasonings,31910
Tigerspine Seasoned Meat,31909
Falcorth Carrot Cake,31908
Mahadevi Pickles,31907
Arcum Iris Salt Crackers,31906
Solis Red Spice,31905
Sanddeep Fried Cucumbers,31904
Halcyona Livestock Feed,31903
Cinderstone Medicinal Powder,31902
Hellswamp Ground Peanuts,31901
Two Crowns Flowerpots,31900
Lilyut Moonshine,31899
White Arden Grilled Meat,31898
Solzreed Strawberry Smoothies,31897
Dewstone Toy Robots,31896
Marianople Face Cream,31895
Gweonid Piquant Spices,31894
Golden Token,31893
Bound Tax Certificate,31892
Tax Certificate,31891
Loyalty Token 245-Pack,31890
Icekissed Winter Festival Costume,31889
Poinsettia Winter Festival Costume,31888
Sealed Whirlwind Study Orb,31886
Sealed Bleeding Classroom Orb,31885
Sealed Briarspine Study Orb,31884
Sealed Screening Hall Orb,31883
Whirlwind Study Orb,31882
Bleeding Classroom Orb,31881
Briarspine Study Orb,31880
Screening Hall Orb,31879
Cypress Music Box,31878
해제 (이후 다른것 추가시 사용),31877
Hasla Cured Meat,31876
Ynystere Olive Oil,31875
Rookborne Fruit Leather,31874
Perinoor Potato Powder,31873
Windscour Bitter Herbs,31872
Villanelle Preserved Cherries,31871
Silent Forest Pomme Candy,31870
Tigerspine Grape Jam,31869
Falcorth Apple Tarts,31868
Mahadevi Yule Logs,31867
Arcum Iris Lavaspice,31866
Solis Juice Concentrate,31865
Sanddeep Preserved Meat,31864
Halcyona Yam Pasta,31863
Cinderstone Sacred Candles,31862
Hellswamp Mushroom Pot Pies,31861
Two Crowns Pomme Cakes,31860
Lilyut Cooking Oil,31859
White Arden Raisin Brandy,31858
Solzreed Dried Food,31857
Dewstone Distilled Liquor,31856
Marianople Sweeteners,31855
Gweonid Apple Pies,31854
Hasla Softened Fabric,31853
Ynystere Preserves,31852
Rookborne Biscuit Sticks,31851
Perinoor Aged Spices,31850
Windscour Hearty Jerky,31849
Villanelle Potpourri,31848
Silent Forest Dried Fruit,31847
Tigerspine Tigerspaw Pancakes,31846
Falcorth Snowlion Yarn,31845
Mahadevi Elephant Cookies,31844
Arcum Iris Roasted Eggs,31843
Solis Alchemy Oil,31842
Sanddeep Medicinal Poultice,31841
Halcyona Wheat Biscuit,31840
Cinderstone Tart Mead,31839
Hellswamp Spicy Meat,31838
Two Crowns Cream,31837
Lilyut Milk Soap,31836
White Arden Trail Mix,31835
Solzreed Braised Meat,31834
Dewstone Fine Thread,31833
Marianople Duck Down,31832
Gweonid Dyed Feathers,31831
Labor Gourd,31829
Ancient Dragon Bundle,31828
Shabby Pirate Bundle,31827
Daru Bundle,31826
Safari Bundle,31825
Dewy Goldwort,31824
Dried Thorngrass,31823
Violet Fiddlehead Stem,31822
Tundra Fern Leaf,31821
Coral Cactus Root,31820
Petrified Gemshrub Stalk,31819
Goldwort Fern Seed,31818
Thorngrass Seed,31817
Violet Fiddlehead Seed,31816
Tundra Fern Seed,31815
Coral Cactus Seed,31814
Petrified Gemshrub Seed,31813
Joyful Plushie Box,31812
Gale Prize Token,31811
Prismatic Diamond,31810
Prismatic Pearl,31809
Ayanad Earring Design,31808
Ayanad Ring Design,31807
Ayanad Necklace Design,31806
Ayanad Waist Gear Design,31805
Ayanad Arm Gear Design,31804
Ayanad Foot Gear Design,31803
Ayanad Hand Gear Design,31802
Ayanad Leg Gear Design,31801
Ayanad Chest Gear Design,31800
Ayanad Head Gear Design,31799
Ayanad Shield Design,31798
Ayanad Instrument Design,31797
Ayanad Bow Design,31796
Ayanad Staff Design,31795
Ayanad Spear Design,31794
Ayanad Club Design,31793
Ayanad Axe Design,31792
Ayanad Katana Design,31791
Ayanad Sword Design,31790
Ayanad Dagger Design,31789
Yule Maiden Hat,31788
Snowman Headwear,31787
Reindeer Headwear,31786
Beguiling Lunadrop Chest,31785
Weighty Daru Chest,31784
Basta Rune,31783
Zena Rune,31782
Valau Rune,31781
Fortuna Die,31780
Flame Lunabox,31779
Golden Library Index,31778
Spellbook: Unstoppable Force,31777
Spellbook: Brick Wall,31776
Mossy Pool,31775
Time's River,31774
Meadow Stream,31773
Morning Dew,31772
Misty Memory,31771
Mage's Vapor,31770
Winter Maiden Stocking,31769
Flame Prize Token,31768
VIP Mirage Ticket Pack #14,31767
VIP Mirage Ticket Pack #13,31766
VIP Mirage Ticket Pack #12,31765
VIP Mirage Ticket Pack #11,31764
VIP Mirage Ticket Pack #10,31763
VIP Mirage Ticket Pack #9,31762
VIP Mirage Ticket Pack #8,31761
VIP Mirage Ticket Pack #7,31760
VIP Mirage Ticket Pack #6,31759
VIP Mirage Ticket Pack #5,31758
VIP Mirage Ticket Pack #4,31757
VIP Mirage Ticket Pack #3,31756
VIP Mirage Ticket Pack #2,31755
Relic Voucher Pack #1,31754
Mirage Ticket Pack #14,31753
Mirage Ticket Pack #13,31752
Mirage Ticket Pack #12,31751
Mirage Ticket Pack #11,31750
Mirage Ticket Pack #10,31749
Mirage Ticket Pack #9,31748
Mirage Ticket Pack #8,31747
Mirage Ticket Pack #7,31746
Mirage Ticket Pack #6,31745
Mirage Ticket Pack #5,31744
Mirage Ticket Pack #4,31743
Mirage Ticket Pack #3,31742
Mirage Ticket Pack #2,31741
Mirage Ticket Pack #1,31740
Mirage Gold Voucher #11,31739
Mirage Gold Voucher #10,31738
Mirage Gold Voucher #9,31737
Mirage Gold Voucher #8,31736
Mirage Gold Voucher #7,31735
Mirage Gold Voucher #6,31734
Mirage Gold Voucher #5,31733
Mirage Gold Voucher #4,31732
Mirage Gold Voucher #3,31731
Mirage Gold Voucher #2,31730
Mirage Gold Voucher #1,31729
VIP Mirage Ticket,31728
Mirage Ticket,31727
Aust Followers' Orders,31726
Snuggly Plushie,31725
Ayanad Scroll Pack: 3rd Floor,31723
Ayanad Scroll Pack: 2nd Floor,31722
Ayanad Scroll Pack: 1st Floor,31721
Rosy Daybreak,31720
Ayanad Scroll: 3rd Floor Lobby,31719
Ayanad Scroll: 2nd Floor Lobby,31718
Ayanad Scroll: 1st Floor Lobby,31717
Sylvas Nocturne Shoes,31716
Sylvas Nocturne Bottoms,31715
Sylvas Nocturne Top,31714
Sylvas Nocturne Headgear,31713
Sealed Epherium Ring,31712
Sealed Magnificent Ring,31711
Sealed Conqueror's Ring,31710
Sealed Craftsman's Ring,31709
Sealed Epherium Earring,31708
Sealed Magnificent Earring,31707
Sealed Conqueror's Earring,31706
Sealed Craftsman's Earring,31705
Sealed Epherium Necklace,31704
Sealed Magnificent Necklace,31703
Sealed Conqueror's Necklace,31702
Sealed Craftsman's Necklace,31701
Sealed Illustrious Flute,31700
Sealed Illustrious Lute,31699
Sealed Illustrious Scepter,31698
Sealed Illustrious Longspear,31697
Sealed Illustrious Greatclub,31696
Sealed Illustrious Greataxe,31695
Sealed Illustrious Nodachi,31694
Sealed Illustrious Greatsword,31693
Lucky Pink Marlin Trophy,31692
Lucky Pink Marlin Pack,31691
Friendship Token,31690
Veroe Throne,31689
Conqueror's Plushie Pack,31688
Pumped Up Token,31687
Busy Bookworm Token,31686
Exterminator Token,31685
Auroriana Jones Token,31684
Ginseng Singer Token,31683
Sweet and Syrupy Token,31682
Craft-Crazed Token,31681
Bouncing Back Token,31680
Always Fresh Token,31679
Ready to Rock Token,31678
Lucky Pouch Token,31677
Tango-mancer Token,31676
Layer It On Token,31675
Power Napper Token,31674
Crest Crafter Token,31673
Enchanted Token,31672
Slightly Sticky Token,31671
Happy as a Clam Token,31670
Fishfiend Token,31669
Catch of the Day Token,31668
Bloodscythe Token,31667
Fearful Token,31666
Healing Hand Token,31665
Star-Crossed Token,31664
Ayanad Life Ring,31663
Ayanad Gale Ring,31662
Ayanad Wave Ring,31661
Ayanad Flame Ring,31660
Ayanad Earth Ring,31659
Ayanad Life Earring,31658
Ayanad Wave Earring,31657
Ayanad Gale Earring,31656
Ayanad Flame Earring,31655
Ayanad Earth Earring,31654
Ayanad Wave Necklace,31653
Ayanad Gale Necklace,31652
Ayanad Life Necklace,31651
Ayanad Flame Necklace,31650
Ayanad Earth Necklace,31649
Epherium Life Ring,31648
Epherium Gale Ring,31647
Epherium Wave Ring,31646
Epherium Flame Ring,31645
Epherium Earth Ring,31644
Epherium Life Earring,31643
Epherium Wave Earring,31642
Epherium Gale Earring,31641
Epherium Flame Earring,31640
Epherium Earth Earring,31639
Epherium Wave Necklace,31638
Epherium Gale Necklace,31637
Epherium Life Necklace,31636
Epherium Flame Necklace,31635
Epherium Earth Necklace,31634
Magnificent Life Ring,31633
Magnificent Gale Ring,31632
Magnificent Wave Ring,31631
Magnificent Flame Ring,31630
Magnificent Earth Ring,31629
Magnificent Life Earring,31628
Magnificent Wave Earring,31627
Magnificent Gale Earring,31626
Magnificent Flame Earring,31625
Magnificent Earth Earring,31624
Magnificent Wave Necklace,31623
Magnificent Gale Necklace,31622
Magnificent Life Necklace,31621
Magnificent Flame Necklace,31620
Magnificent Earth Necklace,31619
Conqueror's Life Ring,31618
Conqueror's Gale Ring,31617
Conqueror's Wave Ring,31616
Conqueror's Flame Ring,31615
Conqueror's Earth Ring,31614
Conqueror's Life Earring,31613
Conqueror's Wave Earring,31612
Conqueror's Gale Earring,31611
Conqueror's Flame Earring,31610
Conqueror's Earth Earring,31609
Conqueror's Wave Necklace,31608
Conqueror's Gale Necklace,31607
Conqueror's Life Necklace,31606
Conqueror's Flame Necklace,31605
Conqueror's Earth Necklace,31604
Craftsman's Wave Ring,31603
Craftsman's Flame Ring,31602
Craftsman's Earth Ring,31601
Craftsman's Gale Earring,31600
Craftsman's Flame Earring,31599
Craftsman's Earth Earring,31598
Craftsman's Life Necklace,31597
Craftsman's Flame Necklace,31596
Craftsman's Earth Necklace,31595
Mentor Seal from Marmas's Chest,31594
Mentee Seal from Marmas's Chest,31593
Mentee Seal from Akmit's Chest,31592
Mentor Seal from Akmit's Chest,31591
Mentor Seal from Hieronimus's Chest,31590
Mentee Seal from Hieronimus's Chest,31589
Special ArcheGift,31588
Magic Alarm,31587
Desert Assassin Plate,31586
Firebrand Courtier's Robes,31585
Nayah Luna Firework,31584
Celebratory Festival Firework,31583
Snowflake Festival Firework,31582
Heart Festival Firework,31581
Round Festival Firework,31580
Sparkling Shell Dust,31579
Ayanad Life Sash,31578
Ayanad Life Sleeves,31577
Ayanad Life Shoes,31576
Ayanad Life Gloves,31575
Ayanad Life Pants,31574
Ayanad Life Shirt,31573
Ayanad Life Hood,31572
Ayanad Wave Sash,31571
Ayanad Wave Sleeves,31570
Ayanad Wave Shoes,31569
Ayanad Wave Gloves,31568
Ayanad Wave Pants,31567
Ayanad Wave Shirt,31566
Ayanad Wave Hood,31565
Ayanad Earth Sash,31564
Ayanad Earth Sleeves,31563
Ayanad Earth Shoes,31562
Ayanad Earth Gloves,31561
Ayanad Earth Pants,31560
Ayanad Earth Shirt,31559
Ayanad Earth Hood,31558
Ayanad Stone Sash,31557
Ayanad Stone Sleeves,31556
Ayanad Stone Shoes,31555
Ayanad Stone Gloves,31554
Ayanad Stone Pants,31553
Ayanad Stone Shirt,31552
Ayanad Stone Hood,31551
Ayanad Meadow Sash,31550
Ayanad Meadow Sleeves,31549
Ayanad Meadow Shoes,31548
Ayanad Meadow Gloves,31547
Ayanad Meadow Pants,31546
Ayanad Meadow Shirt,31545
Ayanad Meadow Hood,31544
Ayanad Lake Sash,31543
Ayanad Lake Sleeves,31542
Ayanad Lake Shoes,31541
Ayanad Lake Gloves,31540
Ayanad Lake Pants,31539
Ayanad Lake Shirt,31538
Ayanad Lake Hood,31537
Ayanad Ocean Sash,31536
Ayanad Ocean Sleeves,31535
Ayanad Ocean Shoes,31534
Ayanad Ocean Gloves,31533
Ayanad Ocean Pants,31532
Ayanad Ocean Shirt,31531
Ayanad Ocean Hood,31530
Ayanad Earth Belt,31529
Ayanad Earth Guards,31528
Ayanad Earth Boots,31527
Ayanad Earth Fists,31526
Ayanad Earth Breeches,31525
Ayanad Earth Jerkin,31524
Ayanad Earth Cap,31523
Ayanad Gale Belt,31522
Ayanad Gale Guards,31521
Ayanad Gale Boots,31520
Ayanad Gale Fists,31519
Ayanad Gale Breeches,31518
Ayanad Gale Jerkin,31517
Ayanad Gale Cap,31516
Ayanad Flame Belt,31515
Ayanad Flame Guards,31514
Ayanad Flame Boots,31513
Ayanad Flame Fists,31512
Ayanad Flame Breeches,31511
Ayanad Flame Jerkin,31510
Ayanad Flame Cap,31509
Ayanad Desert Belt,31508
Ayanad Desert Guards,31507
Ayanad Desert Boots,31506
Ayanad Desert Fists,31505
Ayanad Desert Breeches,31504
Ayanad Desert Jerkin,31503
Ayanad Desert Cap,31502
Ayanad Squall Belt,31501
Ayanad Squall Guards,31500
Ayanad Squall Boots,31499
Ayanad Squall Fists,31498
Ayanad Squall Breeches,31497
Ayanad Squall Jerkin,31496
Ayanad Squall Cap,31495
Ayanad Lightning Belt,31494
Ayanad Lightning Guards,31493
Ayanad Lightning Boots,31492
Ayanad Lightning Fists,31491
Ayanad Lightning Breeches,31490
Ayanad Lightning Jerkin,31489
Ayanad Lightning Cap,31488
Ayanad Typhoon Belt,31487
Ayanad Typhoon Guards,31486
Ayanad Typhoon Boots,31485
Ayanad Typhoon Fists,31484
Ayanad Typhoon Breeches,31483
Ayanad Typhoon Jerkin,31482
Ayanad Typhoon Cap,31481
Ayanad Wave Tassets,31480
Ayanad Wave Vambraces,31479
Ayanad Wave Sabatons,31478
Ayanad Wave Gauntlets,31477
Ayanad Wave Greaves,31476
Ayanad Wave Cuirass,31475
Ayanad Wave Helm,31474
Ayanad Earth Tassets,31473
Ayanad Earth Vambraces,31472
Ayanad Earth Sabatons,31471
Ayanad Earth Gauntlets,31470
Ayanad Earth Greaves,31469
Ayanad Earth Cuirass,31468
Ayanad Earth Helm,31467
Ayanad Flame Tassets,31466
Ayanad Flame Vambraces,31465
Ayanad Flame Sabatons,31464
Ayanad Flame Gauntlets,31463
Ayanad Flame Greaves,31462
Ayanad Flame Cuirass,31461
Ayanad Flame Helm,31460
Ayanad Sunset Tassets,31459
Ayanad Sunset Vambraces,31458
Ayanad Sunset Sabatons,31457
Ayanad Sunset Gauntlets,31456
Ayanad Sunset Greaves,31455
Ayanad Sunset Cuirass,31454
Ayanad Sunset Helm,31453
Ayanad Lake Tassets,31452
Ayanad Lake Vambraces,31451
Ayanad Lake Sabatons,31450
Ayanad Lake Gauntlets,31449
Ayanad Lake Greaves,31448
Ayanad Lake Cuirass,31447
Ayanad Lake Helm,31446
Ayanad Desert Tassets,31445
Ayanad Desert Vambraces,31444
Ayanad Desert Sabatons,31443
Ayanad Desert Gauntlets,31442
Ayanad Desert Greaves,31441
Ayanad Desert Cuirass,31440
Ayanad Desert Helm,31439
Ayanad Quake Tassets,31438
Ayanad Quake Vambraces,31437
Ayanad Quake Sabatons,31436
Ayanad Quake Gauntlets,31435
Ayanad Quake Greaves,31434
Ayanad Quake Cuirass,31433
Ayanad Quake Helm,31432
Ayanad Flame Flute,31431
Ayanad Sunset Flute,31430
Ayanad Desert Flute,31429
Ayanad Quake Flute,31428
Ayanad Wave Flute,31427
Ayanad Earth Flute,31426
Ayanad Lake Flute,31425
Ayanad Gale Lute,31424
Ayanad Mist Lute,31423
Ayanad Tidal Lute,31422
Ayanad Cloud Lute,31421
Ayanad Life Lute,31420
Ayanad Wave Lute,31419
Ayanad Meadow Lute,31418
Ayanad Wave Shield,31417
Ayanad Earth Shield,31416
Ayanad Flame Shield,31415
Ayanad Sunset Shield,31414
Ayanad Lake Shield,31413
Ayanad Desert Shield,31412
Ayanad Quake Shield,31411
Ayanad Wave Bow,31410
Ayanad Gale Bow,31409
Ayanad Flame Bow,31408
Ayanad Sunset Bow,31407
Ayanad Tidal Bow,31406
Ayanad Lightning Bow,31405
Ayanad Volcano Bow,31404
Ayanad Life Staff,31403
Ayanad Wave Staff,31402
Ayanad Earth Staff,31401
Ayanad Stone Staff,31400
Ayanad Meadow Staff,31399
Ayanad Lake Staff,31398
Ayanad Ocean Staff,31397
Ayanad Earth Scepter,31396
Ayanad Stone Scepter,31395
Ayanad Lake Scepter,31394
Ayanad Ocean Scepter,31393
Ayanad Life Scepter,31392
Ayanad Wave Scepter,31391
Ayanad Meadow Scepter,31390
Ayanad Wave Longspear,31389
Ayanad Tidal Longspear,31388
Ayanad Lake Longspear,31387
Ayanad Winter Longspear,31386
Ayanad Earth Longspear,31385
Ayanad Gale Longspear,31384
Ayanad Squall Longspear,31383
Ayanad Wave Shortspear,31382
Ayanad Earth Shortspear,31381
Ayanad Gale Shortspear,31380
Ayanad Tidal Shortspear,31379
Ayanad Lake Shortspear,31378
Ayanad Squall Shortspear,31377
Ayanad Winter Shortspear,31376
Ayanad Life Greatclub,31375
Ayanad Meteor Greatclub,31374
Ayanad Meadow Greatclub,31373
Ayanad Autumn Greatclub,31372
Ayanad Wave Greatclub,31371
Ayanad Flame Greatclub,31370
Ayanad Sunset Greatclub,31369
Ayanad Life Club,31368
Ayanad Wave Club,31367
Ayanad Flame Club,31366
Ayanad Meteor Club,31365
Ayanad Meadow Club,31364
Ayanad Sunset Club,31363
Ayanad Autumn Club,31362
Ayanad Gale Greataxe,31361
Ayanad Squall Greataxe,31360
Ayanad Lightning Greataxe,31359
Ayanad Typhoon Greataxe,31358
Ayanad Earth Greataxe,31357
Ayanad Flame Greataxe,31356
Ayanad Desert Greataxe,31355
Ayanad Earth Axe,31354
Ayanad Gale Axe,31353
Ayanad Flame Axe,31352
Ayanad Desert Axe,31351
Ayanad Squall Axe,31350
Ayanad Lightning Axe,31349
Ayanad Typhoon Axe,31348
Ayanad Life Nodachi,31347
Ayanad Meteor Nodachi,31346
Ayanad Mist Nodachi,31345
Ayanad Sky Nodachi,31344
Ayanad Gale Nodachi,31343
Ayanad Flame Nodachi,31342
Ayanad Lightning Nodachi,31341
Ayanad Life Katana,31340
Ayanad Gale Katana,31339
Ayanad Flame Katana,31338
Ayanad Meteor Katana,31337
Ayanad Mist Katana,31336
Ayanad Lightning Katana,31335
Ayanad Sky Katana,31334
Ayanad Life Greatsword,31333
Ayanad Meteor Greatsword,31332
Ayanad Stone Greatsword,31331
Ayanad Summer Greatsword,31330
Ayanad Earth Greatsword,31329
Ayanad Flame Greatsword,31328
Ayanad Desert Greatsword,31327
Ayanad Life Sword,31326
Ayanad Earth Sword,31325
Ayanad Flame Sword,31324
Ayanad Meteor Sword,31323
Ayanad Stone Sword,31322
Ayanad Desert Sword,31321
Ayanad Summer Sword,31320
Ayanad Life Dagger,31319
Ayanad Earth Dagger,31318
Ayanad Gale Dagger,31317
Ayanad Mist Dagger,31316
Ayanad Stone Dagger,31315
Ayanad Squall Dagger,31314
Ayanad Mountain Dagger,31313
Delphinad Flame Flute,31312
Delphinad Sunset Flute,31311
Delphinad Desert Flute,31310
Delphinad Quake Flute,31309
Delphinad Gale Lute,31308
Delphinad Mist Lute,31307
Delphinad Tidal Lute,31306
Delphinad Cloud Lute,31305
Delphinad Earth Scepter,31304
Delphinad Stone Scepter,31303
Delphinad Lake Scepter,31302
Delphinad Ocean Scepter,31301
Delphinad Wave Longspear,31300
Delphinad Tidal Longspear,31299
Delphinad Lake Longspear,31298
Delphinad Winter Longspear,31297
Delphinad Life Greatclub,31296
Delphinad Meteor Greatclub,31295
Delphinad Meadow Greatclub,31294
Delphinad Autumn Greatclub,31293
Delphinad Wind Greataxe,31292
Delphinad Squall Greataxe,31291
Delphinad Lightning Greataxe,31290
Delphinad Typhoon Greataxe,31289
Delphinad Life Nodachi,31288
Delphinad Meteor Nodachi,31287
Delphinad Mist Nodachi,31286
Delphinad Sky Nodachi,31285
Delphinad Life Greatsword,31284
Delphinad Meteor Greatsword,31283
Delphinad Stone Greatsword,31282
Delphinad Summer Greatsword,31281
Epherium Flame Flute,31280
Epherium Sunset Flute,31279
Epherium Desert Flute,31278
Epherium Quake Flute,31277
Epherium Gale Lute,31276
Epherium Mist Lute,31275
Epherium Tidal Lute,31274
Epherium Cloud Lute,31273
Epherium Earth Scepter,31272
Epherium Stone Scepter,31271
Epherium Lake Scepter,31270
Epherium Ocean Scepter,31269
Epherium Wave Longspear,31268
Epherium Tidal Longspear,31267
Epherium Lake Longspear,31266
Epherium Winter Longspear,31265
Epherium Life Greatclub,31264
Epherium Meteor Greatclub,31263
Epherium Meadow Greatclub,31262
Epherium Autumn Greatclub,31261
Epherium Gale Greataxe,31260
Epherium Squall Greataxe,31259
Epherium Lightning Greataxe,31258
Epherium Typhoon Greataxe,31257
Epherium Life Nodachi,31256
Epherium Meteor Nodachi,31255
Epherium Mist Nodachi,31254
Epherium Sky Nodachi,31253
Epherium Life Greatsword,31252
Epherium Meteor Greatsword,31251
Epherium Stone Greatsword,31250
Epherium Summer Greatsword,31249
Magnificent Quake Flute,31248
Magnificent Cloud Lute,31247
Magnificent Ocean Scepter,31246
Magnificent Winter Longspear,31245
Magnificent Autumn Greatclub,31244
Magnificent Typhoon Greataxe,31243
Magnificent Sky Nodachi,31242
Magnificent Summer Greatsword,31241
Illustrious Quake Flute,31240
Illustrious Wave Flute,31239
Illustrious Earth Flute,31238
Illustrious Cloud Lute,31237
Illustrious Life Lute,31236
Illustrious Wave Lute,31235
Illustrious Ocean Scepter,31234
Illustrious Life Scepter,31233
Illustrious Wave Scepter,31232
Illustrious Winter Longspear,31231
Illustrious Earth Longspear,31230
Illustrious Gale Longspear,31229
Illustrious Autumn Greatclub,31228
Illustrious Wave Greatclub,31227
Illustrious Flame Greatclub,31226
Illustrious Typhoon Greataxe,31225
Illustrious Earth Greataxe,31224
Illustrious Flame Greataxe,31223
Illustrious Sky Nodachi,31222
Illustrious Gale Nodachi,31221
Illustrious Flame Nodachi,31220
Illustrious Summer Greatsword,31219
Illustrious Earth Greatsword,31218
Illustrious Flame Greatsword,31217
Conqueror's Flute,31216
Conqueror's Lute,31215
Conqueror's Scepter,31214
Conqueror's Longspear,31213
Conqueror's Greatclub,31212
Conqueror's Greataxe,31211
Conqueror's Nodachi,31210
Conqueror's Greatsword,31209
Craftsman's Flute,31208
Craftsman's Lute,31207
Craftsman's Scepter,31206
Craftsman's Longspear,31205
Craftsman's Greatclub,31204
Craftsman's Greataxe,31203
Craftsman's Nodachi,31202
Craftsman's Greatsword,31201
Old Chest,31198
Sealed Ayanad Ring,31197
Sealed Ayanad Earring,31196
Sealed Ayanad Necklace,31195
Sealed Ayanad Tassets,31194
Sealed Ayanad Vambraces,31193
Sealed Ayanad Sabatons,31192
Sealed Ayanad Gauntlets,31191
Sealed Ayanad Greaves,31190
Sealed Ayanad Cuirass,31189
Sealed Ayanad Helm,31188
Sealed Ayanad Belt,31187
Sealed Ayanad Guards,31186
Sealed Ayanad Boots,31185
Sealed Ayanad Fists,31184
Sealed Ayanad Breeches,31183
Sealed Ayanad Jerkin,31182
Sealed Ayanad Cap,31181
Sealed Ayanad Sash,31180
Sealed Ayanad Sleeves,31179
Sealed Ayanad Shoes,31178
Sealed Ayanad Gloves,31177
Sealed Ayanad Pants,31176
Sealed Ayanad Shirt,31175
Sealed Ayanad Hood,31174
Sealed Ayanad Flute,31173
Sealed Ayanad Lute,31172
Sealed Ayanad Scepter,31171
Sealed Ayanad Longspear,31170
Sealed Ayanad Greatclub,31169
Sealed Ayanad Greataxe,31168
Sealed Ayanad Nodachi,31167
Sealed Ayanad Greatsword,31166
Sealed Ayanad Shield,31165
Sealed Ayanad Bow,31164
Sealed Ayanad Staff,31163
Sealed Ayanad Shortspear,31162
Sealed Ayanad Club,31161
Sealed Ayanad Axe,31160
Sealed Ayanad Katana,31159
Sealed Ayanad Sword,31158
Sealed Ayanad Dagger,31157
Mirage Isle Pack,31156
Veroe Staff Pack,31155
Veroe Katana Pack,31154
Veroe Nodachi Pack,31153
Veroe Throne Giftpack,31152
Snowman Plushie Box,31151
npc l_179 5feet,31150
npc l_179 4hands,31149
npc l_179 3legs,31148
npc l_179 2chest,31147
npc l_179 1head,31146
Elating Dawn,31145
Winter Maiden Loyalty Gift Box,31144
Frosty Snowman Statue,31143
Snowcone Snowman Statue,31142
Purple Cap Snowman Statue,31141
Green Cap Snowman Statue,31140
Blue Cap Snowman Statue,31139
Yellow Cap Snowman Statue,31138
Red Cap Snowman Statue,31137
Good Harvest Pack,31136
Veroe Axe,31133
Veroe Greataxe,31132
Veroe Club,31131
Veroe Greatclub,31130
Veroe Scepter,31129
Veroe Staff,31128
Veroe Shortspear,31127
Veroe Longspear,31126
Veroe Sword,31125
Veroe Greatsword,31124
Veroe Katana,31123
Veroe Nodachi,31122
Veroe Bow,31121
Veroe Shield,31120
Veroe Dagger,31119
Twinkling Tree,31118
Snowy Tree,31117
Petite Twinkling Tree,31116
Petite Snowy Tree,31115
Frosty Packed Snow,31114
Flurry Packed Snow,31113
Winter Maiden's Gift Box,31112
Festival Tree Decoration Pack,31111
Jumbo Steamgoggle Daru Plushie,31109
Jumbo Groundling Shaman Plushie,31108
Jumbo Groundling Shaman Plushie,31107
Jumbo Baby Narayana Plushie,31106
Jumbo Morpheus Pirate Plushie,31105
Jumbo Jack-o'-Hattern Plushie,31104
Jumbo Pattie-Pie Cow Plushie,31103
Jumbo Home Sweet Home Plushie,31102
Jumbo Rabbit-Yata Plushie,31101
Jumbo Carefree Yata Plushie,31100
Jumbo Black Yata Plushie,31099
Jumbo Striped Yata Plushie,31098
Jumbo Yata Plushie,31097
Jumbo Dashing Snowlion Plushie,31096
Jumbo Dapper Snowlion Plushie,31095
Jumbo Coalmane Snowlion Plushie,31094
Jumbo Snowmane Snowlion Plushie,31093
Jumbo Sandmane Snowlion Plushie,31092
Jumbo Red Riding Elk Plushie,31091
Jumbo Bowtie Elk Plushie,31090
Jumbo Pink Elk Plushie,31089
Jumbo Purple Elk Plushie,31088
Jumbo Green Elk Plushie,31087
Starpoint Fragment,31085
Fine Earth Lunarite: Vitality,31083
Fine Earth Lunarite: Impenetrable,31082
Fine Earth Lunarite: Celerity,31081
Fine Earth Lunarite: Effervescence,31080
Fine Earth Lunarite: Finesse,31079
Fine Earth Lunarite: Esoteric,31078
Superior Earth Lunarite: Vitality,31077
Superior Earth Lunarite: Impenetrable,31076
Superior Earth Lunarite: Celerity,31075
Superior Earth Lunarite: Effervescence,31074
Superior Earth Lunarite: Finesse,31073
Superior Earth Lunarite: Esoteric,31072
Earth Lunarite: Vitality,31071
Earth Lunarite: Impenetrable,31070
Earth Lunarite: Celerity,31069
Earth Lunarite: Effervescence,31068
Earth Lunarite: Finesse,31067
Earth Lunarite: Esoteric,31066
Fine Gale Lunarite: Mastery,31065
Fine Gale Lunarite: Harbinger,31064
Fine Gale Lunarite: Destruction,31063
Fine Gale Lunarite: Tempest,31062
Fine Gale Lunarite: Benevolence,31061
Fine Gale Lunarite: Mercy,31060
Fine Gale Lunarite: Aggro,31059
Fine Gale Lunarite: Overpower,31058
Fine Gale Lunarite: Solace,31057
Fine Gale Lunarite: Consolation,31056
Fine Gale Lunarite: Fury,31055
Fine Gale Lunarite: Fidelity,31054
Fine Gale Lunarite: Torrent,31053
Fine Gale Lunarite: Constance,31052
Fine Gale Lunarite: Serenity,31051
Fine Gale Lunarite: Wrath,31050
Fine Gale Lunarite: Pierce,31049
Superior Gale Lunarite: Mastery,31048
Superior Gale Lunarite: Harbinger,31047
Superior Gale Lunarite: Destruction,31046
Superior Gale Lunarite: Tempest,31045
Superior Gale Lunarite: Benevolence,31044
Superior Gale Lunarite: Mercy,31043
Superior Gale Lunarite: Aggro,31042
Superior Gale Lunarite: Overpower,31041
Superior Gale Lunarite: Solace,31040
Superior Gale Lunarite: Consolation,31039
Superior Gale Lunarite: Fury,31038
Superior Gale Lunarite: Fidelity,31037
Superior Gale Lunarite: Torrent,31036
Superior Gale Lunarite: Constance,31035
Superior Gale Lunarite: Serenity,31034
Superior Gale Lunarite: Wrath,31033
Superior Gale Lunarite: Pierce,31032
Gale Lunarite: Mastery,31031
Gale Lunarite: Harbinger,31030
Gale Lunarite: Destruction,31029
Gale Lunarite: Tempest,31028
Gale Lunarite: Benevolence,31027
Gale Lunarite: Mercy,31026
Gale Lunarite: Aggro,31025
Gale Lunarite: Overpower,31024
Gale Lunarite: Solace,31023
Gale Lunarite: Consolation,31022
Gale Lunarite: Fury,31021
Gale Lunarite: Fidelity,31020
Gale Lunarite: Torrent,31019
Gale Lunarite: Constance,31018
Gale Lunarite: Serenity,31017
Gale Lunarite: Wrath,31016
Gale Lunarite: Pierce,31015
Superior Wave Lunarite,31014
Fine Wave Lunarite,31013
Wave Lunarite,31012
Superior Fire Lunarite,31011
Fine Fire Lunarite,31010
Fire Lunarite,31009
Lucid Earth Lunagem: Impenetrable,31008
Lucid Earth Lunagem: Celerity,31007
Lucid Earth Lunagem: Esoteric,31006
Lucid Earth Lunagem: Finesse,31005
Lucid Earth Lunagem: Effervescence,31004
Lucid Earth Lunagem: Vitality,31003
Lucid Gale Lunagem: Pierce,31002
Lucid Gale Lunagem: Torrent,31001
Lucid Gale Lunagem: Tempest,31000
Lucid Gale Lunagem: Solace,30999
Lucid Gale Lunagem: Overpower,30998
Lucid Earth Lunagem: Flexibility,30997
Lucid Gale Lunagem: Benevolence,30996
Lucid Gale Lunagem: Harbinger,30995
Lucid Gale Lunagem: Constance,30994
Lucid Gale Lunagem: Wrath,30993
Lucid Gale Lunagem: Consolation,30992
Lucid Gale Lunagem: Aggro,30991
Vivid Earth Lunagem: Flexibility,30990
Lucid Gale Lunagem: Mercy,30989
Lucid Gale Lunagem: Destruction,30988
Lucid Gale Lunagem: Serenity,30987
Lucid Gale Lunagem: Fury,30986
Vivid Earth Lunagem: Impenetrable,30985
Vivid Earth Lunagem: Celerity,30984
Vivid Earth Lunagem: Esoteric,30983
Vivid Earth Lunagem: Finesse,30982
Vivid Earth Lunagem: Effervescence,30981
Vivid Earth Lunagem: Vitality,30980
Vivid Gale Lunagem: Pierce,30979
Vivid Gale Lunagem: Torrent,30978
Vivid Gale Lunagem: Tempest,30977
Vivid Gale Lunagem: Solace,30976
Vivid Gale Lunagem: Overpower,30975
Clear Earth Lunagem: Flexibility,30974
Vivid Gale Lunagem: Benevolence,30973
Vivid Gale Lunagem: Harbinger,30972
Vivid Gale Lunagem: Constance,30971
Vivid Gale Lunagem: Wrath,30970
Vivid Gale Lunagem: Consolation,30969
Vivid Gale Lunagem: Aggro,30968
Lucid Gale Lunagem: Fidelity,30967
Vivid Gale Lunagem: Mercy,30966
Vivid Gale Lunagem: Destruction,30965
Vivid Gale Lunagem: Serenity,30964
Vivid Gale Lunagem: Fury,30963
Clear Earth Lunagem: Impenetrable,30962
Clear Earth Lunagem: Celerity,30961
Clear Earth Lunagem: Esoteric,30960
Clear Earth Lunagem: Finesse,30959
Clear Earth Lunagem: Effervescence,30958
Clear Earth Lunagem: Vitality,30957
Clear Gale Lunagem: Pierce,30956
Clear Gale Lunagem: Torrent,30955
Clear Gale Lunagem: Tempest,30954
Clear Gale Lunagem: Solace,30953
Clear Gale Lunagem: Overpower,30952
Vivid Gale Lunagem: Fidelity,30951
Clear Gale Lunagem: Benevolence,30950
Clear Gale Lunagem: Harbinger,30949
Clear Gale Lunagem: Constance,30948
Clear Gale Lunagem: Wrath,30947
Clear Gale Lunagem: Consolation,30946
Clear Gale Lunagem: Aggro,30945
Clear Gale Lunagem: Fidelity,30944
Clear Gale Lunagem: Mercy,30943
Clear Gale Lunagem: Destruction,30942
Clear Gale Lunagem: Serenity,30941
Clear Gale Lunagem: Fury,30940
Lucid Gale Lunagem: Mastery,30939
Lucid Wave Lunagem: Magic Defense,30938
Lucid Wave Lunagem: Defense,30937
Lucid Fire Lunagem: Aid,30936
Lucid Fire Lunagem: Extreme,30935
Lucid Fire Lunagem: Marksman,30934
Lucid Fire Lunagem: Buffet,30933
Lucid Fire Lunagem: Salvation,30932
Lucid Fire Lunagem: Apex,30931
Lucid Fire Lunagem: Sharpshot,30930
Lucid Fire Lunagem: Strong Blow,30929
Vivid Gale Lunagem: Mastery,30928
Vivid Wave Lunagem: Magic Defense,30927
Vivid Wave Lunagem: Defense,30926
Vivid Fire Lunagem: Aid,30925
Vivid Fire Lunagem: Extreme,30924
Vivid Fire Lunagem: Marksman,30923
Vivid Fire Lunagem: Buffet,30922
Vivid Fire Lunagem: Salvation,30921
Vivid Fire Lunagem: Apex,30920
Vivid Fire Lunagem: Sharpshot,30919
Vivid Fire Lunagem: Strong Blow,30918
Clear Gale Lunagem: Mastery,30917
Clear Wave Lunagem: Magic Defense,30916
Clear Wave Lunagem: Defense,30915
Clear Fire Lunagem: Aid,30914
Clear Fire Lunagem: Extreme,30913
Clear Fire Lunagem: Marksman,30912
Clear Fire Lunagem: Buffet,30911
Clear Fire Lunagem: Salvation,30910
Clear Fire Lunagem: Apex,30909
Clear Fire Lunagem: Sharpshot,30908
Clear Fire Lunagem: Strong Blow,30907
Magic Cogwheel,30906
Trimmed Meat,30905
Glacier Crayfish,30904
Medicinal Powder,30903
Ground Grain,30902
Ground Spices,30901
Dried Flowers,30900
Orchard Puree,30899
Chopped Produce,30898
npc 도깨비 (괴수) - 양손창,30897
npc 도깨비 (서방) - 양손창,30896
npc 도깨비 (괴수) - 양손지팡이,30895
npc 도깨비 (서방) - 양손지팡이,30894
npc 도깨비 - 한손둔기,30893
npc 도깨비 - 호른,30892
Goddess's Glory,30888
Shadowsun,30887
Shadowmoon,30886
Shadowstar,30885
Shadowsun,30884
Shadowmoon,30883
Shadowstar,30882
Elden Starchip,30880
Cyanfin,30879
Fusciafin,30878
Archival Golem Heart,30877
Golem Cogwheel,30876
Mana Parchment,30875
Nui's Touch,30873
Cataclysm Shard,30872
Spore Sample,30871
Brainstormer Token,30870
Ayanad Golem Core,30869
Nymph Dust,30868
The Theory and Application of Magic,30867
Green Slime,30866
Monstrous Sunflower Seed,30865
Thorny Stalk,30864
Abyssal Scroll,30863
Old Key,30862
Old Key Fragment,30861
Third Floor Bounty 10,30859
Third Floor Bounty 9,30858
Third Floor Bounty 8,30857
Third Floor Bounty 7,30856
Third Floor Bounty 6,30855
Third Floor Bounty 5,30854
Third Floor Bounty 4,30853
Third Floor Bounty 3,30852
Third Floor Bounty 2,30851
Third Floor Bounty 1,30850
Second Floor Bounty 10,30849
Second Floor Bounty 9,30848
Second Floor Bounty 8,30847
Second Floor Bounty 7,30846
Second Floor Bounty 6,30845
Second Floor Bounty 5,30844
Second Floor Bounty 4,30843
Second Floor Bounty 3,30842
Second Floor Bounty 2,30841
Second Floor Bounty 1,30840
Smarty Pants Token,30839
First Floor Bounty 10,30838
First Floor Bounty 9,30837
First Floor Bounty 8,30836
First Floor Bounty 7,30835
First Floor Bounty 6,30834
First Floor Bounty 5,30833
First Floor Bounty 4,30832
First Floor Bounty 3,30831
First Floor Bounty 2,30830
First Floor Bounty 1,30829
Nayah Crystal,30828
Nayah Crystal Shard,30827
Draugorc Beard,30826
Captured Flame,30825
Library Supply Chest,30824
Subdued Book,30823
Magic Tome,30822
npc c_169 5feet,30818
npc c_169 4hands,30817
npc c_169 3legs,30816
npc c_169 2chest,30815
npc c_169 1head,30814
Vehicle Upgrade Ticket,30813
Wagon Upgrade Ticket,30812
Salon Certificate,30811
Gender Swap Certificate,30810
npc c_168 5feet,30809
npc c_168 4hands,30808
npc c_168 3legs,30807
npc c_168 2chest,30806
npc c_168 1head,30805
Event Weapon Regrade Scroll,30804
Event Loveslayer,30803
Steamtank Cannonball,30802
npc용 나무늘보방패,30784
Sea of Drowned Love Dungeon Pass Chest,30783
Serpentis Dungeon Pass Chest,30782
캐시상점 테스트,30778
Glider Companion: Sloth Sample,30777
Bugira's Hidden Treasure Chest,30776
Mirage Isle Lure Pack,30775
Albino Yata,30774
Lucid Mirage Fishing Rod: 30 Minute,30773
Lucid Mirage Fishing Rod: 1 Hour,30772
Wrapped Lucid Mirage Fishing Rod: 30 Minute,30771
Wrapped Lucid Mirage Fishing Rod: 1 Hour,30770
Wrapped Lucid Mirage Fishing Rod: 2 Hour,30769
tool_검투장모병관,30768
Wrapped Firebrand Courtier,30767
Mirage Lure,30766
Lucid Mirage Fishing Rod: 2 Hour,30765
Mirage Fishing Rod,30764
Mentee Seal from Okape's Chest,30763
Mentor Seal from Okape's Chest,30762
ArcheMaster's Fire Ring,30760
ArcheMaster's Earth Ring,30759
Blessed Silver Accessory Box,30758
Library Expedition Legacy,30757
Bloody Adorable Yata Pirate Pack,30756
Blackjack Yata Pirate Pack,30755
Cheerberry Yata Pack,30754
True Blue Yata Pack,30753
Glider Companion: Sloth Pack,30752
Bloody Adorable Yata Pirate Costume Sample,30751
Blackjack Yata Pirate Costume Sample,30750
Cheerberry Yata Costume Sample,30749
True Blue Yata Costume Sample,30748
Magnificent Mirage Life Pack,30746
Magnificent Mirage Wave Pack,30745
Magnificent Mirage Flame Pack,30744
Magnificent Mirage Gale Pack,30743
Magnificent Mirage Earth Pack,30742
Desert Assassin Giftpack,30741
Trinket Egg,30740
Bound Healer's Chalice,30739
Ancient Relic,30738
Ancient Relic Fragment 4,30737
Ancient Relic Fragment 3,30736
Ancient Relic Fragment 2,30735
Ancient Relic Fragment 1,30734
Event Ancient Relic Fragment Box,30733
Bloody Adorable Yata Pirate Costume,30732
Blackjack Yata Pirate Costume,30731
Cheerberry Yata Costume,30730
True Blue Yata Costume,30729
Arena King Token,30728
First Fisherman Token,30727
Winter Maiden Festival Undergarments,30721
Teleport Book: Sea of Drowned Love,30719
npc 양피지병사 - 펜,30715
npc spear_2h_41_4,30714
npc sword_2h_36_6,30713
npc_bow_46_7,30712
npc sword_1h_26_7,30711
npc spear_1h_46_6,30710
npc sword_1h_captain,30709
Shield,30707
npc bow_46_3,30696
npc spear_2h_ean_3,30684
Spear,30675
npc shield_26_4_1,30638
Dochul's Blade,30637
Aria's Guitar,30636
Aria's Microphone,30635
패키지 테스트,30632
Cornucopia Produce,30629
Cornucopia Logs,30628
Cornucopia Beef,30627
Cornucopia Milk Jug,30626
npc c_531 1head,30624
Adventurer's Cloak Book,30623
New Adventures Book,30622
Glider Companion: Sloth,30621
Loyalty Token 280-Pack,30605
Loyalty Token 100-Pack,30604
Loyalty Token 150-Pack,30603
[Halloween] Spooky Chest 50-Pack,30602
[Halloween] Spooky Chest 30-Pack,30601
[Halloween] Spooky Chest 10-Pack,30600
Bloodmaw Eveningwear Package,30599
Eye of Newt Broomstick,30598
npc m_178 3legs,30597
npc m_178 2chest,30596
npc m_178 1head,30595
npc l_178 3legs,30594
npc l_178 2chest,30593
npc l_178 1head,30592
npc c_178 3legs,30591
npc c_178 2chest,30590
npc c_178 1head,30589
Wrapped Arcadian Smart Rod,30588
Spooky Streetlight,30587
Warship Cannonball,30586
Nui's Chosen Greaves,30585
Arcadian Smart Rod,30584
Nui's Chosen Cuirass,30583
Nui's Chosen Helm,30582
Nui's Chosen Breeches,30581
Nui's Chosen Jerkin,30580
Nui's Chosen Cap,30579
Nui's Chosen Pants,30578
Nui's Chosen Shirt,30577
Nui's Chosen Hood,30576
Hellkissed Oboe,30575
Hellkissed Guitar,30574
Hellkissed Bow,30573
Hellkissed Shield,30572
Daru's Blue Ribbon Lines,30571
Hellkissed Staff,30570
Hellkissed Nodachi,30569
Hellkissed Katana,30568
Hellkissed Greatsword,30567
Hellkissed Sword,30566
Hellkissed Dagger,30565
Drop of a Hat Box,30564
Hereafter Battle Plate Armor Chest,30563
Hereafter Battle Leather Armor Chest,30562
Hereafter Battle Cloth Armor Chest,30561
Solar Scarecrow Farm Chest,30560
Spooky Chest,30559
Timothy Walter's Gift Box,30558
Bloodmaw Eveningwear Sample,30557
Maulin' Marlin,30556
Blue Team's Ruler,30555
Loveslayer,30554
Wrapped Bloodmaw Eveningwear Package,30553
Cultivated Ginseng Seed Bundle Box,30552
Peanut Seed Bundle Box,30551
Pumpkin Seed Bundle Box,30550
Tomato Seed Bundle Box,30549
Lotus Seed Bundle Box,30548
Clover Seed Bundle Box,30547
Bloodmaw Eveningwear,30545
Seed Research Journal,30544
러브 하우스 상자,30542
운영자의 도시락,30541
운영자의 선물 상자,30540
운영자의 물약 상자,30539
Hall of Fame: Rank 1,30538
Hall of Fame: Rank 2,30537
Hall of Fame: Rank 3,30536
Hall of Fame: Rank 4,30535
Hall of Fame: Rank 5,30534
Hall of Fame: Rank 6,30533
Hall of Fame: Rank 7,30532
Hall of Fame: Rank 8,30531
Hall of Fame: Rank 9,30530
Hall of Fame: Rank 10,30529
Wool of Bat Broomstick,30528
Poison'd Entrails Hat,30525
Boil and Bubble Hat,30524
Toil and Trouble Hat,30523
Stellar Scarecrow Hat,30522
Lunar Scarecrow Hat,30521
Solar Scarecrow Hat,30520
Acid Spitfire,30519
npc blade_1h_55_3_2,30518
Mysterious Guitar,30517
Cornucopia Crop,30516
Cornucopia Tree,30515
Sunny Guitar,30514
Mint Guitar,30513
Mysterious Microphone,30512
Sunny Microphone,30511
Mint Microphone,30510
Crystallized Gourd,30509
Halloween Spookpack,30508
Halloween Candy,30507
Cornucopia Cow,30506
npc l_096 5feet,30505
npc l_096 4hands,30504
npc l_096 3legs,30503
npc l_096 2chest,30502
npc l_096 1head,30501
npc c_096 2chest,30500
npc m_100 5feet,30499
npc m_100 4hands,30498
npc m_100 2chest,30497
npc m_100 1head,30496
npc m_099 5feet,30495
npc m_099 4hands,30494
npc m_099 3legs,30493
npc m_099 2chest,30492
npc m_099 1head,30491
npc c_488 5feet,30490
npc c_488 4hands,30489
npc c_488 3legs,30488
npc c_488 2chest,30487
npc c_488 1head,30486
npc c_487 5feet,30485
npc c_487 4hands,30484
npc c_487 3legs,30483
npc c_487 2chest,30482
npc c_487 1head,30481
npc c_486 5feet,30480
npc c_486 4hands,30479
npc c_486 3legs,30478
npc c_486 2chest,30477
npc c_486 1head,30476
npc c_485 5feet,30475
npc c_485 4hands,30474
npc c_485 3legs,30473
npc c_485 2chest,30472
npc c_485 1head,30471
npc l_099 5feet,30470
sk_sincity,30469
npc l_099 3legs,30468
npc l_099 2chest,30467
npc c_501_nu_f 2chest,30466
npc m_175 5feet,30460
npc m_175 4hands,30459
npc m_175 3legs,30458
npc m_175 2chest,30457
npc m_175 1head,30456
npc m_174 5feet,30455
npc m_174 4hands,30454
npc m_174 3legs,30453
npc m_174 2chest,30452
npc m_174 1head,30451
Lucky Prospector's Box,30440
Winterland Icy Wine,30438
Winterland Icy Milk,30437
Prismatic Spring Nesting Doll,30436
Summer's Fire Nesting Doll,30435
Winterland Nesting Doll,30434
Autumn's Kiss Nesting Doll,30433
Gargantuan Pink Marlin Trophy,30432
Pink Marlin Trophy,30431
Pink Marlin Fry Trophy,30430
Gargantuan Marlin Pack,30429
Pink Marlin Pack,30428
Dim Daybreak,30427
Classique Ball Attire,30426
Purestar Ball Attire,30425
Dazzling Ball Attire,30424
Spotless Service Uniform,30423
Pink Marlin Fry Pack,30422
Silver Tongued Token,30421
Poet Laureate Token,30420
Enchanted Sprinkler,30419
Runescribed Chest,30418
Wrapped Flamewolves Gear,30416
Wrapped Blue Devils Gear,30415
Wrapped Crimson Kings Gear,30414
Ivory Sneakers Sample,30413
Sunkissed Sneakers Sample,30412
Skywalker Sneakers Sample,30411
Burlap Sneakers Sample,30410
Black Pearl Sneakers Sample,30409
Blacktoe Sneakers Sample,30408
Bluetoe Sneakers Sample,30407
Redtoe Sneakers Sample,30406
Slate Jeans Sample,30405
Bleached Jeans Sample,30404
Azure Jeggings Sample,30403
Chartreuse Jeggings Sample,30402
Blush Jeggings Sample,30401
Classic Jeans Sample,30400
Ivory Sneakers,30399
Sunkissed Sneakers,30398
Skywalker Sneakers,30397
Burlap Sneakers,30396
Black Pearl Sneakers,30395
Blacktoe Sneakers,30394
Bluetoe Sneakers,30393
Redtoe Sneakers,30392
Slate Jeans,30391
Bleached Jeans,30390
Azure Jeggings,30389
Chartreuse Jeggings,30388
Blush Jeggings,30387
Classic Jeans,30386
[Promotion] 50 Star Cakes,30384
[Promotion] 35 Star Cakes,30383
[Promotion] 14 Star Cakes,30382
[Promotion] 6 Star Cakes,30381
[Promotion] 1 Star Cake,30380
Flamewolves Shoes Sample,30373
Flamewolves Gloves Sample,30372
Flamewolves Bottoms Sample,30371
Flamewolves Top Sample,30370
Flamewolves Hood Sample,30369
Blue Devils Shoes Sample,30368
Blue Devils Gloves Sample,30367
Blue Devils Bottoms Sample,30366
Blue Devils Top Sample,30365
Blue Devils Hood Sample,30364
Crimson Kings Shoes Sample,30363
Crimson Kings Gloves Sample,30362
Crimson Kings Bottoms Sample,30361
Crimson Kings Top Sample,30360
Crimson Kings Hood Sample,30359
sk_vampire001_v0100,30358
Flamewolves Shoes,30356
Flamewolves Gloves,30355
Flamewolves Bottoms,30354
Flamewolves Top,30353
Flamewolves Hood,30352
Blue Devils Shoes,30351
Blue Devils Gloves,30350
Blue Devils Bottoms,30349
Blue Devils Top,30348
Blue Devils Hood,30347
Crimson Kings Shoes,30346
Crimson Kings Gloves,30345
Crimson Kings Bottoms,30344
Crimson Kings Top,30343
Crimson Kings Hood,30342
아름다운 나랏말 해례 복사본,30341
Flaming Pinion,30340
npc c_507 4hands,30337
npc c_516 5feet,30333
npc c_515 5feet,30328
npc c_546 2chest,30325
Wrapped Ebongleam Dynasty Robes,30323
Wrapped Icefall Dynasty Robes,30322
Wrapped Blood Dream Dynasty Robes,30321
Cake Pouch,30320
Harvest Moon Mirage Weapon Pack,30318
Steeled Will Potion,30317
Elite Harvest Moon Giftpack,30316
Zephyr Lamp,30315
Zephyr Censer,30314
Armageddon Gift Pack,30310
Supreme Armageddon Gift Pack,30309
Ivory Nui Figurehead,30307
Harpoon Launcher,30306
Harvest Moon Hat,30305
Cultivated Ginseng Seed Bundle,30304
Aloe Seed Bundle,30303
Saffron Seed Bundle,30302
Poppy Seed Bundle,30301
Turmeric Seed Bundle,30300
Sunflower Seed Bundle,30299
Jinn's Tongue Seed Bundle,30298
Cactus Seed Bundle,30297
Quinoa Seed Bundle,30296
Bean Seed Bundle,30295
Peanut Seed Bundle,30294
Rye Seed Bundle,30293
Chili Pepper Seed Bundle,30292
Yam Seed Bundle,30291
Pumpkin Seed Bundle,30290
Strawberry Seed Bundle,30289
Tomato Seed Bundle,30288
Sesame Cake,30287
Timeless Warrior Token,30286
White Harvest Moon Giftpack,30285
Black Harvest Moon Giftpack,30284
Red Harvest Moon Giftpack,30283
Black Obsidian Dye,30282
Basic Bleach,30281
Red Rose Dye,30280
벽 테스트,30278
Eznan Zephyr Square Mainsail,30275
Eznan Zephyr Square Foresail,30274
Lutesong Zephyr Square Mainsail,30273
Lutesong Zephyr Square Foresail,30272
Raging Lionheart Figurehead,30271
Harvest Moon Pack,30270
Charred Bonekraal Figurehead,30269
Wedding Ball Attire,30267
Victory Ball Attire,30266
Homecoming Ball Attire,30265
Celestial Fleetwing Foal,30263
비파 소형 범선 소환 주문서(슬레이브커마 테스트용),30262
Wrapped Thunderstruck Fishing Rod,30261
Bronze Tire Cup,30260
Silver Tire Cup,30259
Golden Tire Cup,30258
Bronze Heavyweight Fishbowl,30257
Silver Heavyweight Fishbowl,30256
Gold Heavyweight Fishbowl,30255
Bronze Fishbowl,30254
Silver Fishbowl,30253
Golden Fishbowl,30252
Green Kingfin Boater,30251
Yellow Kingfin Boater,30250
Pink Kingfin Boater,30249
Blue Ribbon Reward Chest: Rare,30248
Blue Ribbon Reward Chest: Arcane,30247
Blue Ribbon Reward Chest: Heroic,30246
Blue Ribbon Reward Chest: Unique,30245
Blue Ribbon Reward Chest: Celestial,30244
Blue Ribbon Reward Chest: Divine,30243
Blue Ribbon Reward Chest: Epic,30242
Blue Ribbon Reward Chest: Legendary,30241
Blue Ribbon Reward Chest: Mythic,30240
Blue Ribbon Reward Chest: Mythic,30239
Heavyweight Fisherman Reward Box: Grand,30238
Heavyweight Fisherman Reward Box: Rare,30237
Heavyweight Fisherman Reward Box: Arcane,30236
Heavyweight Fisherman Reward Box: Heroic,30235
Heavyweight Fisherman Reward Box: Unique,30234
Heavyweight Fisherman Reward Box: Celestial,30233
Heavyweight Fisherman Reward Box: Divine,30232
Heavyweight Fisherman Reward Box: Epic,30231
Heavyweight Fisherman Reward Box: Legendary,30230
Heavyweight Fisherman Reward Box: Mythic,30229
Sport Fisherman Reward Box: Rare,30228
Sport Fisherman Reward Box: Arcane,30227
Sport Fisherman Reward Box: Heroic,30226
Sport Fisherman Reward Box: Unique,30225
Sport Fisherman Reward Box: Celestial,30224
Sport Fisherman Reward Box: Divine,30223
Sport Fisherman Reward Box: Epic,30222
Sport Fisherman Reward Box: Legendary,30221
Sport Fisherman Reward Box: Mythic,30220
Sport Fisherman Reward Box: Eternal,30219
ArcheRacer Token,30218
Time Catcher Token,30217
Midnight Moonfeather Foal,30216
Harvest Moon Gift Box,30215
Fisher King Coin,30214
Windracer Coin,30213
Ebongleam Dynasty Robes,30212
Icefall Dynasty Robes,30211
Blood Dream Dynasty Robes,30210
Stormwing Pegasus,30209
Golden Ruins Pollen,30207
Golden Ruins Shovel,30206
Buttery Cake,30203
Harvest Moon Gift Box,30202
Household Archefarm Workbench,30201
Royal Archivist Token,30200
Classic Steamracer Shoes,30199
Classic Steamracer Gloves,30197
Classic Steamracer Pants,30196
Classic Steamracer Top,30195
Classic Steamracer Helmet,30194
npc c_514 5feet,30193
npc c_545 3legs,30192
npc c_545 2chest,30191
npc c_513 5feet,30190
npc c_544 3legs,30189
npc c_544 2chest,30188
npc c_512 5feet,30187
npc c_543 3legs,30186
npc c_543 2chest,30185
npc c_539 1head,30184
Elephant,30183
Cloudy Ruby Dye,30182
npc staff_2h_40_8,30181
npc staff_2h_40_7,30180
Cheating Eznan's Sins,30179
npc staff_2h_35_8,30178
npc staff_2h_35_7,30177
Plain Fabric,30176
Poetic Note,30175
Delicate Fabric,30174
npc l_177 5feet,30173
npc l_177 4hands,30172
npc l_177 3legs,30171
npc l_177 2chest,30170
npc l_177 1head,30169
npc l_176 1head,30164
npc l_175 5feet,30163
npc l_175 4hands,30162
npc l_175 3legs,30161
npc l_175 2chest,30160
npc l_174 5feet,30158
npc l_174 4hands,30157
npc l_174 3legs,30156
npc m_098 5feet,30155
npc m_098 4hands,30154
npc m_098 3legs,30153
npc m_098 2chest,30152
npc m_098 1head,30151
npc l_097 5feet,30150
npc l_097 4hands,30149
npc l_097 3legs,30148
npc l_097 2chest,30147
npc l_097 1head,30146
npc l_098 5feet,30145
npc l_098 4hands,30144
npc l_098 3legs,30143
npc l_098 2chest,30142
npc c_098 5feet,30141
npc c_098 4hands,30140
npc c_098 3legs,30139
npc c_098 2chest,30138
npc c_097 4hands,30137
npc c_097 3legs,30136
npc c_097 2chest,30135
npc c_097 5feet,30134
Wrapped Skydark Steamracer Leathers,30133
Wrapped Flashy Steamracer Leathers,30132
Wrapped Mirrorshine Steamracer Leathers,30131
Flashy Steamracer Shoes Sample,30130
Skydark Steamracer Shoes Sample,30129
Mirrorshine Steamracer Shoes Sample,30128
Flashy Steamracer Gloves Sample,30127
Skydark Steamracer Gloves Sample,30126
Mirrorshine Steamracer Gloves Sample,30125
Flashy Steamracer Pants Sample,30124
Skydark Steamracer Pants Sample,30123
Mirrorshine Steamracer Pants Sample,30122
Flashy Steamracer Top Sample,30121
Skydark Steamracer Top Sample,30120
Mirrorshine Steamracer Top Sample,30119
Racing Mask Sample,30118
Crisp Military Cap Sample,30117
Flashy Steamracer Helmet Sample,30116
Skydark Steamracer Helmet Sample,30115
Mirrorshine Steamracer Helmet Sample,30114
nu_f_hair030,30113
Mini Cake,30112
Plushie Hat Prize Egg,30111
Trinket Egg,30110
"Akrites, God of Victory, Part #2",30109
"Akrites, God of Victory, Part #1",30108
npc l_504 5feet,30106
npc l_504 4hands,30105
npc l_504 3legs,30104
npc l_504 2chest,30103
npc l_508 1head,30102
Book of Fairytales,30101
npc c_537 1head,30099
npc c_536 1head,30098
npc c_535 1head,30097
Arche Armor,30096
Armageddon Pet Legguards,30095
Armageddon Mount Saddle,30094
Armageddon Pet Helm,30093
ha_f_hair030,30092
ha_f_hair029,30091
nu_f_hair029,30090
el_f_hair030,30089
el_f_hair029,30088
Sunset Springtime Shoes,30083
Sunny Springtime Shoes,30082
Rosy Springtime Shoes,30081
Sunset Springtime Bottoms,30077
Sunny Springtime Bottoms,30076
Rosy Springtime Bottoms,30075
Sunset Springtime Top,30071
Sunny Springtime Top,30070
Rosy Springtime Top,30069
Rabbit-Yata Plushie Hood,30068
Green Elk Plushie Hood,30067
Lounging Pink Elk Beanie,30066
Lounging Green Elk Beanie,30065
Sidewise Pink Elk Beanie,30064
Sidewise Green Elk Beanie,30063
Pink Elk Beanie,30062
Green Elk Beanie,30061
Jola's Eternal Grudge,30060
Glenn's Sash,30057
Glenn's Sleeves,30056
Glenn's Boots,30055
Glenn's Gloves,30054
Glenn's Pants,30053
Glenn's Admiral Jacket,30052
Glenn's Admiral Hat,30051
Meina's Belt,30050
Meina's Guards,30049
Meina's Boots,30048
Meina's Fists,30047
Meina's Breeches,30046
Meina's Jerkin,30045
Meina's Feathered Cap,30044
Hooftiger Boar,30043
Snowrend Boar,30042
Nightslaver Boar,30041
Dried Batwing Headband,30040
Valkyrie Headband,30039
White Horse Head,30038
Chestnut Horse Head,30037
Demon Flame Horns,30036
Lacy Bunny Ears,30035
My Little Unicorn Horn,30034
Pink Kitty Ears,30033
Flashy Steamracer Shoes,30032
Skydark Steamracer Shoes,30031
Mirrorshine Steamracer Shoes,30030
Flashy Steamracer Gloves,30029
Skydark Steamracer Gloves,30028
Mirrorshine Steamracer Gloves,30027
Flashy Steamracer Pants,30026
Skydark Steamracer Pants,30025
Mirrorshine Steamracer Pants,30024
Flashy Steamracer Top,30023
Skydark Steamracer Top,30022
Mirrorshine Steamracer Top,30021
Racing Mask,30020
Crisp Military Cap,30019
Flashy Steamracer Helmet,30018
Skydark Steamracer Helmet,30017
Mirrorshine Steamracer Helmet,30016
Stellar Scarecrow Farm Kit,30015
Lunar Scarecrow Farm Kit,30014
Solar Scarecrow Farm Kit,30013
Tales of the Twelve Manuscript,30012
포장기능 테스트6,30011
포장기능 테스트5,30010
포장기능 테스트4,30009
포장기능 테스트3,30008
포장기능 테스트2,30007
포장기능 테스트1,30006
Tales of the Twelve: The Gods and the Heroes,30005
Jola's Scaly Frill,30004
Glenn's Ring,30003
Meina's Ring,30002
Discord Destroyer Token,30001
Suspicious Bone Chip,30000
npc spear_2h_46_6,29999
Team Player Token,29998
Fur-Friendly Token,29997
Dried Persimmon,29996
Glider Customization: Blue Rainbow,29995
Glider Customization: Silver Shadow,29994
npc l_503 5feet,29993
npc l_503 4hands,29992
npc l_503 3legs,29991
npc l_503 2chest,29990
npc l_506 1head,29989
npc l_502 5feet,29988
npc l_502 4hands,29987
npc l_502 3legs,29986
npc l_502 2chest,29985
npc l_505 1head,29984
npc l_501 5feet,29983
npc l_501 4hands,29982
npc l_501 3legs,29981
npc l_501 2chest,29980
npc l_504 1head,29979
npc l_503 1head,29978
npc l_502 1head,29977
Glider Customization: Spring Breeze,29976
Glider Customization: Flames,29975
npc mace_2h_41_7,29974
npc mace_2h_31_3,29973
npc mace_2h_31_2,29972
npc mace_2h_26_3,29971
npc mace_2h_41_3,29966
npc mace_2h_36_3,29965
sk_musa001_v0102,29964
Fishing Cove XP Potion,29963
sk_musa001_v0101,29962
Mother and Child Statue,29960
Winged Megalith,29959
Mandala Stone Pedestal,29958
Lotus Stone Vase,29957
Narcissus Stone Pedestal,29956
Carved Stone Pillar,29955
Rough Stone Column,29954
Iron Will Potion,29953
배달의 기수_테스트,29952
sk_musa001_v0100,29951
sk_library002 (페레 로그인스테이지),29950
공성 전차 소환 주문서(테스트용:공성기간 아닌중에도 사용 가능한 버전),29949
Gold King's Royal Seal,29948
Frozen Lure,29947
Proven Veteran Token,29946
npc shield_gorgon_002,29945
npc shield_gorgon_001,29944
Unsealed Token,29943
sk_swimsuit011,29942
Scarlet Mech Coveralls Sample,29941
Denim Mech Coveralls Sample,29940
Scarlet Mech Coveralls Sample,29939
Denim Mech Coveralls Sample,29938
Naval Service Uniform Sample,29937
Classique Ball Attire Sample,29936
Purestar Ball Attire Sample,29935
Dazzling Ball Attire Sample,29934
Spotless Service Uniform Sample,29933
Naval Service Uniform Sample,29932
Prim Service Uniform Sample,29931
Classic Service Uniform Sample,29930
Spotless Service Uniform Sample,29929
Prim Service Uniform Sample,29928
Classic Service Uniform Sample,29927
Leopard Purr Tattoo Bikini Sample,29926
Leopard Roar Tattoo Swim Shorts Sample,29925
Classique Ball Attire Sample,29924
Purestar Ball Attire Sample,29923
Dazzling Ball Attire Sample,29922
Lord's Chest,29921
Peasant's Secret Stash,29919
Peasant's Secret Stash,29918
Peasant's Secret Stash,29917
Peasant's Secret Stash,29916
Peasant's Secret Stash,29915
Loyalty Token x 9,29914
Loyalty Token x 6,29913
Loyalty Token x 3,29912
Loyalty Token x 1,29911
Scarlet Mecha Coveralls,29910
Denim Mecha Coveralls,29909
Scarlet Mecha Coveralls,29908
Denim Mecha Coveralls,29907
Naval Service Uniform,29906
Yin-Yang Wings,29905
sk_enginer002,29901
Scroll: Farm Hauler,29900
Radiant Gale Lunagem: Fidelity,29885
Radiant Earth Lunagem: Mastery,29884
Radiant Earth Lunagem: Flexibility,29883
Radiant Gale Lunagem: Mastery,29882
npc mace_1h_41_4,29881
Fusion Alembic,29880
광복의 기억,29879
Classique Ball Attire,29878
Purestar Ball Attire,29877
Dazzling Ball Attire,29876
Uni-Boost Potion,29874
Onyx Steamfish Submarine,29873
Enraged Red Dragon's Axis Mundi,29872
Scroll: Nova Speedster,29871
Scroll: Redwood Roadster,29870
Scroll: Apex Drift,29869
Enraged Red Dragon's Pinion,29868
sk_maid_butler004,29867
Enraged Red Dragon's Serenity,29866
sk_maid_butler003,29865
Enraged Red Dragon's Flash,29864
Enraged Red Dragon's Seraph,29863
Enraged Red Dragon's Pride,29862
Enraged Red Dragon's Breath,29861
sk_maid_butler002,29860
Red Dragon's Axis Mundi,29859
Red Dragon's Pinion,29858
Red Dragon's Serenity,29857
Red Dragon's Flash,29856
Red Dragon's Seraph,29855
sk_enginer001,29854
Red Dragon's Pride,29853
Red Dragon's Breath,29852
Spotless Service Uniform,29851
Naval Service Uniform,29850
Prim Service Uniform,29849
Classic Service Uniform,29848
Spotless Service Uniform,29847
Naval Service Uniform,29846
Prim Service Uniform,29845
Classic Service Uniform,29844
Leopard Purr Tattoo Bikini,29843
Gargantuan Blue Marlin Trophy,29842
Fishing Contest Title (Rank 4),29840
Fishing Contest Title (Rank 3),29839
Fishing Contest Title (Rank 2),29838
Fishing Contest Title (Rank 1),29837
Fishing Contest Victory Pack (Rank 4),29836
Fishing Contest Victory Pack (Rank 3),29835
Fishing Contest Victory Pack (Rank 2),29834
Fishing Contest Victory Pack (Rank 1),29833
Fishing Contest Participation Reward (Rank 10),29832
Fishing Contest Participation Reward (Rank 9),29831
Fishing Contest Participation Reward (Rank 8),29830
Fishing Contest Participation Reward (Rank 7),29829
Fishing Contest Participation Reward (Rank 6),29828
Fishing Contest Participation Reward (Rank 5),29827
Fishing Contest Participation Reward (Rank 4),29826
Fishing Contest Participation Reward (Rank 3),29825
Fishing Contest Participation Reward (Rank 2),29824
Fishing Contest Victory Cup (Rank 3),29823
Fishing Contest Victory Cup (Rank 2),29822
Fishing Contest Victory Cup (Rank 1),29821
Mermaid Bathtub,29820
Mermaid Bathtub Fragment,29819
Loyalty Gift Box,29818
Fearless Leader Token,29817
Party Crasher Token,29816
War Golem Motor,29815
Rainbow Freedom Flag,29814
dw_m_face00,29813
dw_m_hair001,29812
Red Empty Flag Decoration,29811
Green Empty Flag Decoration,29810
Blue Empty Flag Decoration,29809
White Freedom Flag,29808
Black Freedom Flag,29807
Acidic Sap,29806
Sharp Scale,29805
Charging Marlin Pack,29804
Scaled Bluefin Pack,29803
Scaled Sailfish Pack,29802
Scaled Sturgeon Pack,29801
Territory Statue Design,29800
Wrapped Frozen Miroir Fishing Rod,29799
Territory Statue,29798
도면: 테스트 텃밭,29797
진격의 깃발(테스트),29796
Gold King's Authority,29795
Gold King's Seal,29794
Harmony Flag,29793
Independence Chest,29792
Golden Ruins Sap Pack,29791
Golden Ruins Sap,29790
Gilt Steamfish Submarine,29789
Golden Ruins Stone Pack,29788
Golden Ruins Stone,29787
Golden Ruins Lumber Pack,29786
Golden Ruins Lumber,29785
Independence Flag,29784
Customizable Mask,29783
Customizable Blockhead,29782
Beribboned Customizable Blockhead,29781
Frozen Miroir Fishing Rod,29780
Golden Ruins Waterweed,29779
npc sword_2h_livingsword_3,29778
npc sword_2h_livingsword_2,29777
npc sword_2h_livingsword,29776
Sun's Day Rock,29775
Golden Ruins Log,29774
Zephyr Fish Finder,29773
Zephyr Compass,29772
Zephyr Drum,29771
Sealed Ebonfur Bjorne,29769
Sealed Minor Tsunami Stone,29768
Purebred Bear Certificate,29767
Ultimate Megaphone,29765
Lusca Treasture chest,29764
Sealed Archeum Evernight Necklace (Rank 10),29763
Sealed Diamond Evernight Necklace (Rank 9),29762
Sealed Jade Evernight Necklace (Rank 8),29761
Sealed Amethyst Evernight Necklace (Rank 7),29760
Sealed Platinum Proven Warrior Necklace (Rank 6),29759
Sealed Gold Proven Warrior Necklace (Rank 5),29758
마력이 봉인된 백은 용사의 증명 목걸이(미사용),29757
Universal Megaphone,29756
스킬짱짱 구슬 아이템,29755
Necklace Fragment,29753
Unsealed Minor Tsunami Stone,29752
Archeum Evernight Necklace (Rank 10),29751
Diamond Evernight Necklace (Rank 9),29750
Jade Evernight Necklace (Rank 8),29749
Amethyst Evernight Necklace (Rank 7),29748
Platinum Proven Warrior Necklace (Rank 6),29747
Gold Proven Warrior Necklace (Rank 5),29746
Silver Proven Warrior Necklace (Rank 4),29745
Bronze Proven Warrior Necklace (Rank 3),29744
Brass Proven Warrior Necklace (Rank 2),29743
Zephyr Portable Harpoon Cannon Holder,29742
Faded Blooddrinker Blossom,29740
Faded Soulripper,29739
Faded Dark Watcher's Dagger,29738
Faded Veiled Terror,29737
Zephyr Pipe Organ,29736
War Golem Weapon,29735
Reinforced Tailfin Frame,29734
Reinforced Tailfin,29733
Proven Warrior Necklace (Rank 1),29731
Warrior's Medal,29730
wa_m_hair001,29729
Zephyr Telescope,29728
Zephyr Underwater Breathing Device,29727
Zephyr Bell,29725
Zephyr Plank,29724
Seabreeze Shroudlight,29723
Lusca Tentacle,29722
Gods and Heroes 4-Type Coin Pack,29721
Gods and Heroes 2-Type Coin Pack,29720
Gods and Heroes 2-Type Coin Pack,29719
Delphinad Crystal,29716
Delphinad Treasure,29715
Starlit Garden Giftpack,29714
Inferno Heart,29713
Starlit Garden Frame,29712
Cake Popper Token,29711
Law-Abiding Citizen Token,29710
Galegarden Gardener Token,29709
Ollo's Prosperity Coin,29708
Inoch's Faith Coin,29707
Melisara's Shadow Coin,29706
Naima's Dance Coin,29705
Shatigon's Pocket Watch,29704
Fusion Alembic Scroll,29703
Thunderstruck Fishing Rod,29702
도면: (test),29701
npc m_166 5feet,29699
npc m_166 4hands,29698
npc m_166 3legs,29697
npc m_166 2chest,29696
npc m_166 1head,29695
Color Reset Potion,29694
Caernord Zephyr Triangular Rig,29692
Beast Figurehead,29689
Bonekraal Figurehead,29687
Scroll: Supply Wagon,29685
Cosmic Carrot,29684
Lionheart Figurehead,29683
Goddess Nui Figurehead,29682
Aranzebia and the Dead Princess Manuscript,29681
Rich Steamed Lobster,29680
Rich Roast Pig,29679
Leopard Tattoo Swimgear,29678
Test-Drive Mirage Bjorne,29677
Test-Drive Mirage Leomorph,29676
Test-Drive Mirage Elk,29675
Commander's Medal of Honor,29674
Golden Plains Medal,29673
개방석_test,29672
npc m_167 5feet,29671
npc m_167 4hands,29670
npc m_167 3legs,29669
npc m_167 2chest,29668
npc m_167 1head,29667
Honorhewn Patience Lunafrost,29666
Honorhewn Shield-Bearer Lunafrost,29665
Honorhewn Last Line Lunafrost,29664
Honorhewn Warden Lunafrost,29663
Nightraven Robes,29662
Nightraven Robes,29661
Wrapped Northern Legion Uniform,29660
Wrapped Northern Legion Uniform,29659
Wrapped Siege Captain's Mail,29658
Wrapped Siege Captain's Mail,29657
Specialization Snowflake,29656
Honorbold Sniper's Lunafrost,29655
Honorbold Conqueror's Lunafrost,29654
Honorbold Ruler's Lunafrost,29653
Honorbold Prophet's Lunafrost,29652
Honorbold Guardian's Lunafrost,29651
Honorbold Agility Lunafrost,29650
Honorbold Calm Lunafrost,29649
Honorbold Precision Lunafrost,29648
명성 떨친 달그림자 테스트용,29647
Honorbold Blessed Lunafrost,29646
Honorbold Warrior's Lunafrost,29645
Honorbold Intuitive Lunafrost,29644
Honorbold Tranquil Lunafrost,29643
npc l_170 5feet,29642
npc l_170 4hands,29641
npc l_170 3legs,29640
npc l_170 2chest,29639
npc l_170 1head,29638
npc c_164 4hands,29637
npc c_164 3legs,29636
Golden Plains Battle Scorch Bomb,29635
Golden Plains Battle Plague Bomb,29634
Golden Plains Battle Fire Bomb,29633
Golden Plains Battle Heartening Flare,29632
Golden Plains Battle Healing Flare,29631
Inferno Heart Chest,29630
Wrapped Fireblack Dragonslayer,29629
Wrapped Firebreath Dragonslayer,29628
Wrapped Firewrought Dragonslayer,29627
Classique Ball Attire,29626
Purestar Ball Attire,29625
Polaris Cub,29624
Spring Leaf Dye,29623
Russet Bark Dye,29622
Creamsicle Dye,29621
Liquid Gold Dye,29620
Forsythia Dye,29619
Scarlet Petal Dye,29618
Crystallized Shadow,29617
Sirothe's True Blood,29616
Daru Gratitude Pouch,29615
Abyssal Soot,29614
Bear Fur,29613
Dragon Bone Chip,29612
Tidal Fire Blaze Necklace,29611
Windy Fire Blaze Necklace,29610
Flaming Fire Blaze Necklace,29609
Tidal Life Scorch Earring,29608
Windy Life Scorch Earring,29607
Flaming Life Scorch Earring,29606
Tidal Life Blaze Earring,29605
Windy Life Blaze Earring,29604
Flaming Life Blaze Earring,29603
Tidal Life Ember Earring,29602
Windy Life Ember Earring,29601
Flaming Life Ember Earring,29600
Tidal Wave Scorch Earring,29599
Windy Wave Scorch Earring,29598
Flaming Wave Scorch Earring,29597
Tidal Wave Blaze Earring,29596
Windy Wave Blaze Earring,29595
Flaming Wave Blaze Earring,29594
Tidal Wave Ember Earring,29593
Windy Wave Ember Earring,29592
Flaming Wave Ember Earring,29591
Tidal Fire Scorch Earring,29590
Windy Fire Scorch Earring,29589
Flaming Fire Scorch Earring,29588
Tidal Fire Blaze Earring,29587
Windy Fire Blaze Earring,29586
Flaming Fire Blaze Earring,29585
뼈땅 테스트용 아이템,29584
Tidal Fire Ember Earring,29583
Windy Fire Ember Earring,29582
Flaming Fire Ember Earring,29581
Tidal Gale Scorch Earring,29580
Windy Gale Scorch Earring,29579
Flaming Gale Scorch Earring,29578
Tidal Gale Blaze Earring,29577
Windy Gale Blaze Earring,29576
Flaming Gale Blaze Earring,29575
Tidal Gale Ember Earring,29574
Windy Gale Ember Earring,29573
Flaming Gale Ember Earring,29572
Tidal Earth Scorch Earring,29571
Windy Earth Scorch Earring,29570
Flaming Earth Scorch Earring,29569
Tidal Earth Blaze Earring,29568
Windy Earth Blaze Earring,29567
Flaming Earth Blaze Earring,29566
Tidal Earth Ember Earring,29565
Windy Earth Ember Earring,29564
Flaming Earth Ember Earring,29563
Tidal Life Scorch Ring,29562
Windy Life Scorch Ring,29561
Flaming Life Scorch Ring,29560
Tidal Life Blaze Ring,29559
Windy Life Blaze Ring,29558
Flaming Life Blaze Ring,29557
Tidal Life Ember Ring,29556
Windy Life Ember Ring,29555
Flaming Life Ember Ring,29554
Tidal Gale Scorch Ring,29553
Windy Gale Scorch Ring,29552
Flaming Gale Scorch Ring,29551
Tidal Gale Blaze Ring,29550
Windy Gale Blaze Ring,29549
Flaming Gale Blaze Ring,29548
Tidal Gale Ember Ring,29547
Windy Gale Ember Ring,29546
Flaming Gale Ember Ring,29545
Tidal Wave Scorch Ring,29544
Windy Wave Scorch Ring,29543
Flaming Wave Scorch Ring,29542
Tidal Wave Blaze Ring,29541
Windy Wave Blaze Ring,29540
Flaming Wave Blaze Ring,29539
Tidal Wave Ember Ring,29538
Windy Wave Ember Ring,29537
Flaming Wave Ember Ring,29536
Tidal Fire Scorch Ring,29535
Windy Fire Scorch Ring,29534
Flaming Fire Scorch Ring,29533
Tidal Fire Blaze Ring,29532
Windy Fire Blaze Ring,29531
Flaming Fire Blaze Ring,29530
Tidal Fire Ember Ring,29529
Windy Fire Ember Ring,29528
Flaming Fire Ember Ring,29527
Tidal Earth Scorch Ring,29526
Windy Earth Scorch Ring,29525
Flaming Earth Scorch Ring,29524
Tidal Earth Blaze Ring,29523
Windy Earth Blaze Ring,29522
Flaming Earth Blaze Ring,29521
Tidal Earth Ember Ring,29520
Windy Earth Ember Ring,29519
Flaming Earth Ember Ring,29518
Frosty Bear Claw,29517
Delphinad Magic Crystal,29516
Vyrava's Manastone,29515
Hound of Kyrios Soulstone,29514
Anthalon's Staff,29513
Hanure's Heart,29512
Kraken Eye,29511
Potion of Shielding,29510
Trosk Mountain Snowflake,29509
Loka's Blessed Frostbloom,29508
Organic Milk,29507
Gorilla Fur,29506
Salphira Rag,29505
Patterned Shell Fragment,29504
Sturdy Insect Shell,29503
Lizard Leather,29502
Slippery Scale,29501
Pointy Horn,29500
Alexander's Staff,29499
Tough Tendon,29498
Blackbeard Armor Pieces,29497
Musperosa's Soulgem,29496
Blackbeard Thief Hood,29495
Mirage Bjorne,29494
Arkanis's Soulgem,29493
Bloodmist Metal Fragment,29492
Mirage Leomorph,29491
Blackbeard Thieves' Rags,29490
Croakfiend's Soulgem,29489
Mirage Elk,29488
Sturdy Insect Shell,29487
Riesig's Soulgem,29486
Bloodmist Clan Mitts,29485
Goretusk's Soulgem,29484
Strong Joint Stone,29483
Blackbeard Thieves' Armband,29482
Delphinad's Treasure,29481
Dead Princess's Key,29480
Tidal Life Scorch Necklace,29479
Windy Life Scorch Necklace,29478
Flaming Life Scorch Necklace,29477
Tidal Life Blaze Necklace,29476
Windy Life Blaze Necklace,29475
Flaming Life Blaze Necklace,29474
Tidal Life Ember Necklace,29473
Windy Life Ember Necklace,29472
Flaming Life Ember Necklace,29471
Tidal Fire Scorch Necklace,29470
Windy Fire Scorch Necklace,29469
Flaming Fire Scorch Necklace,29468
Tidal Fire Ember Necklace,29467
Windy Fire Ember Necklace,29466
Flaming Fire Ember Necklace,29465
Tidal Wave Scorch Necklace,29464
Windy Wave Scorch Necklace,29463
Flaming Wave Scorch Necklace,29462
Tidal Wave Blaze Necklace,29461
Windy Wave Blaze Necklace,29460
Flaming Wave Blaze Necklace,29459
Tidal Wave Ember Necklace,29458
Windy Wave Ember Necklace,29457
Flaming Wave Ember Necklace,29456
Tidal Gale Scorch Necklace,29455
Windy Gale Scorch Necklace,29454
Flaming Gale Scorch Necklace,29453
Tidal Gale Blaze Necklace,29452
Windy Gale Blaze Necklace,29451
Flaming Gale Blaze Necklace,29450
Tidal Gale Ember Necklace,29449
Windy Gale Ember Necklace,29448
Flaming Gale Ember Necklace,29447
Dead Princess's Key 2/2,29446
Tidal Earth Scorch Necklace,29445
Windy Earth Scorch Necklace,29444
Flaming Earth Scorch Necklace,29443
Tidal Earth Blaze Necklace,29442
Windy Earth Blaze Necklace,29441
Flaming Earth Blaze Necklace,29440
Dead Princess's Key 1/2,29439
Aranzebia and the Dead Princess,29438
Dead Princess's Legend Manuscript,29437
A Base Instinct,29436
Tidal Earth Ember Necklace,29435
Windy Earth Ember Necklace,29434
Flaming Earth Ember Necklace,29433
Northern Legion Uniform,29432
Siege Captain's Mail,29431
Suntower Vambraces,29430
Suntower Greaves,29429
Suntower Gauntlets,29428
Suntower Sabatons,29427
Suntower Helm,29426
Suntower Cuirass,29425
Suntower Tassets,29424
Sandcloud Vambraces,29423
Sandcloud Greaves,29422
Sandcloud Gauntlets,29421
Sandcloud Sabatons,29420
Sandcloud Helm,29419
Sandcloud Cuirass,29418
Sandcloud Tassets,29417
White Blossom Brick Flowerbed,29416
Blue Blossom Brick Flowerbed,29415
Yellow Blossom Brick Flowerbed,29414
Red Blossom Brick Flowerbed,29413
Safari Guards,29412
Safari Breeches,29411
Safari Fists,29410
Safari Boots,29409
Safari Cap,29408
Safari Jerkin,29407
Safari Belt,29406
Feuille Sound Belt,29405
Feuille Sound Jerkin,29404
Feuille Sound Cap,29403
Feuille Sound Boots,29402
Feuille Sound Fists,29401
Feuille Sound Breeches,29400
Feuille Sound Guards,29399
City of Towers Shirt,29398
City of Towers Hood,29397
City of Towers Shoes,29396
City of Towers Gloves,29395
City of Towers Pants,29394
City of Towers Sash,29393
City of Towers Sleeves,29392
Nightraven Robes,29391
Barkbridge Shirt,29390
Barkbridge Hood,29389
Barkbridge Shoes,29388
Barkbridge Gloves,29387
Barkbridge Pants,29386
Barkbridge Sash,29385
Barkbridge Sleeves,29384
Grape Dye,29383
Shining Shore Leave Outfit Sample,29381
Rowdy Shore Leave Outfit Sample,29380
Spotless Shore Leave Outfit Sample,29379
Auroran Navy Uniform Sample,29378
Nuian Navy Uniform Sample,29377
Haranyan Navy Uniform Sample,29376
Shining Shore Leave Outfit Sample,29375
Rowdy Shore Leave Outfit Sample,29374
Spotless Shore Leave Outfit Sample,29373
Auroran Navy Uniform Sample,29372
Nuian Navy Uniform Sample,29371
Lilypad Swimset Sample,29370
Tropical Swimset Sample,29369
Bubblegum Swimset Sample,29368
Panther's Growl Swimset Sample,29367
Leopard's Roar Swimset Sample,29366
Doublemint Bracelet Sample,29365
Applemint Bracelet Sample,29364
Spearmint Bracelet Sample,29363
Peppermint Bracelet Sample,29362
Haranyan Navy Uniform Sample,29361
Naval Dots Swimwear Sample,29360
Nautical Stripe Swimsuit Sample,29359
Croc Scale Bikini Bottoms Sample,29358
Croc Scale Bikini Top Sample,29357
Croc Scale Swim Briefs Sample,29356
Tropical Swimsuit Bottoms Sample,29355
Colordaze Bikini Top Sample,29354
Colordaze Swim Shorts Sample,29353
Leopard Purr Bikini Bottoms Sample,29352
Leopard Purr Bikini Top Sample,29351
Leopard Roar Swim Shorts Sample,29350
Zebra Splash Bikini Top Sample,29349
Zebra Splash Swim Shorts Sample,29348
Breezy Floral Bikini Bottoms Sample,29347
Breezy Floral Bikini Top Sample,29346
Breezy Floral Swim Shorts Sample,29345
Neon Bikini Bottoms Sample,29344
Neon Bikini Top Sample,29343
Neon Dot Swim Shorts Sample,29342
Sunstripe Bikini Top Sample,29341
Bumblebee Swim Shorts Sample,29340
Sun-Bleached Bikini Bottoms Sample,29339
Sun-Bleached Bikini Top Sample,29338
Sun-Bleached Swim Shorts Sample,29337
Black Pearl Bikini Bottoms Sample,29336
Black Pearl Bikini Top Sample,29335
Black Pearl Swim Briefs Sample,29334
Sunny Floral Button-Down Sample,29333
Chocolate Bikini Bottoms Sample,29332
Chocolate Bikini Top Sample,29331
Chocolate Swim Shorts Sample,29330
Blue Gun-Show Tank Sample,29329
Sweet Sailor Bikini Bottoms Sample,29328
Sweet Sailor Bikini Top Sample,29327
Sailor Swim Shorts Sample,29326
Seafoam Spray Bikini Bottoms Sample,29325
Seafoam Spray Bikini Top Sample,29324
Seafoam Spray Swim Shorts Sample,29323
Bubblegum Button Short-Sleeve Sample,29322
Fiery Bikini Bottoms Sample,29321
Fiery Bikini Top Sample,29320
Fiery Swim Shorts Sample,29319
Kiwi Splash Button Short-Sleeve Sample,29318
Bubblegum Bikini Bottoms Sample,29317
Bubblegum Bikini Top Sample,29316
Bubblegum Swim Briefs Sample,29315
Flashy Floral Button-Down Sample,29314
Gun-Show Tank Sample,29313
Cloudy Sky Dye,29312
Hearty Soup,29311
Rich Seafood Soup,29310
Rich Grain Soup,29309
Rich Steamed Crayfish,29308
Rich Beef Steak,29307
Dried Herbs,29306
Prosperous Honey,29305
Prairie Cheese,29304
Healer's Chalice,29303
Brick Wall,29302
Dancing Goddess's Hunt,29301
Dahuta's Bubble,29300
Sea Goddess's Breath,29297
Gall-Caller Codex,29296
Poisonous Spine,29295
Undrying Blood,29294
el_f_hair028,29293
ha_f_hair028,29292
Defense Supplies,29291
npc c_521 1head,29290
npc c_520 1head,29289
Lost Swimwear,29288
nu_f_hair028,29287
Sealed Kapagan's Plains,29284
Sealed Skyreach Column,29283
Ezi's Horn,29282
Full Inferno Heart Chest,29281
Wax Nugget,29280
Chaos Starshard,29278
Buoyancy Controller,29277
Platinum Steamfish Submarine Design,29276
Lapis Steamfish Submarine Design,29275
Ruby Steamfish Submarine Design,29274
Pharaum,29273
ha_m_hair026,29271
nu_m_hair026,29270
el_m_hair026,29269
Sweet Kiss Dye,29268
sk_lord007_v101,29267
sk_lord005_v103,29266
fe_f_hair018,29265
fe_f_hair017,29264
fe_m_hair015,29263
fe_m_hair014,29262
Poison-Coated Bones,29260
Abyssal Shard,29259
Queen's Heart,29258
Fair Fowl Hat,29257
Framed Butterflies,29256
Scarlet Peacock Butterfly,29255
Sulfur Butterfly,29254
Blue Morpho Butterfly,29253
Cabbage White Butterfly,29252
Shining Shore Leave Outfit,29251
Rowdy Shore Leave Outfit,29250
Spotless Shore Leave Outfit,29249
Auroran Navy Uniform,29248
Nuian Navy Uniform,29247
Haranyan Navy Uniform,29246
Red Blossom Branch,29245
Yellow Blossom Branch,29244
Blue Blossom Branch,29243
White Blossom Branch,29242
sk_dragon003,29241
sk_dragon002,29240
Blazing Nuri Forest Lumber,29238
Wizard King's Tale,29237
Mireyna's Dragon Hunt Journal,29236
Car Display Stand,29235
Honor Token: General,29234
Honor Token: Grand Master,29233
Honor Token: 1st Rank Knight,29232
Honor Token: 2nd Rank Knight,29231
Honor Token: 3rd Rank Knight,29230
Honor Token: 1st Rank Soldier,29229
Honor Token: 2nd Rank Soldier,29228
Honor Token: 3rd Rank Soldier,29227
Honor Token: 4th Rank Soldier,29226
Honor Token: 5th Rank Soldier,29225
Mireyna's Dragon Hunt Journal,29224
Elder's Vocation Potion,29223
Ghost Cradly Necklace,29222
Crystal Feather,29221
Rage-Filled Harpy Pinion,29220
Charred Bone Pendant,29219
Shaped Yeti Tears,29218
Yeti Tears,29217
Chilled Seafoam,29216
Minotaur Totem,29215
Burning Chipped Dragon Bone,29214
Ashy Eternal Embers,29213
Thriving Hen's Feather,29212
Swirling Whirlpool,29211
Thriving Chick,29210
BBQ 치킨 응모권,29208
Jester's Coinpurse,29207
Noble's Coinpurse,29206
Merchant's Coinpurse,29205
Priest's Coinpurse,29204
Farmer's Coinpurse,29203
Unknown Egg,29202
Nightraven Robes,29200
Gilded Royal Glider,29199
Elder's Labor Potion,29198
Elder's Honor Potion,29197
Square Brick Flowerbed,29196
Mitcher's Gift Box,29195
Hesiod's Bag,29194
Life-Saver Rope,29193
Suitable Firewood,29192
Lifeless Firewood,29191
Wood Fuel,29190
보드랍고 입맛도는 상의,29189
매콤달콤새콤한 상의,29188
바삭바삭 찰진 상의,29187
건강하고 맛있는 상의,29186
Royal's Disguise,29185
Rags of the Spoonlord,29184
Northern Legion Uniform,29182
Siege Captain's Mail,29181
Shining Shore Leave Outfit,29180
Rowdy Shore Leave Outfit,29179
Spotless Shore Leave Outfit,29178
Lifeguard Token,29177
Astra Feather,29176
el_f_hair027,29175
ha_f_hair027,29174
Labor Potion,29173
nu_f_hair027,29172
Morning Dew Lamplight,29171
Stone Elemental Pebbles,29170
Open Tsunami Stone,29169
Sealed Tsunami Stone,29168
Tsunami Shard,29167
Dream Ring Creation,29166
Calmed Whirlpool,29165
sk_lord008,29164
sk_lord007,29163
npc c_167 5feet,29162
npc c_167 4hands,29161
npc c_167 3legs,29160
npc c_167 2chest,29159
npc c_167 1head,29158
sk_marinecasual003,29157
sk_marinecasual002,29156
sk_marinecasual001,29155
Makeshift Watering Can,29154
Size 16 Gear,29152
Useful Scrap,29151
Wild Boar Meat,29150
Auroran Navy Uniform,29149
Nuian Navy Uniform,29148
Lilypad Swimset,29147
Tropical Swimset,29146
Bubblegum Swimset,29145
Panther's Growl Swimset,29144
Leopard's Roar Swimset,29143
Halcyona War Flag,29142
npc c_164 1head,29141
Doublemint Bracelet,29140
Applemint Bracelet,29139
Spearmint Bracelet,29138
Peppermint Bracelet,29137
Haranyan Navy Uniform,29136
Naval Dots Swimwear,29135
Summer Breeze Ensemble,29134
Platinum Steamfish Submarine,29133
Ruby Steamfish Submarine,29132
Lapis Steamfish Submarine,29131
Treehugger Token,29130
Lifeshaper Token,29129
Speaks Through Music Token,29128
Sunkissed Token,29127
E in Age,29125
G in Age,29124
A in Age,29123
E in Arche,29122
H in Arche,29121
C in Arche,29120
R in Arche,29119
A in Arche,29118
Overdrive Ticket,29117
Spellathon Letter Pack,29116
Overdrive Giftbox,29115
Bugira's Giftbox,29114
Windfall Wings,29113
Mitcher's Steamfish Submarine,29112
Feathered Hope,29111
Torture Rack,29110
Whipping Post,29109
Old Bone Accessory,29108
npc l_169 5feet,29107
npc l_169 4hands,29106
npc l_169 3legs,29105
npc l_169 2chest,29104
npc l_169 1head,29103
Old Bone Accessory,29102
Croc Scale Bikini Bottoms,29101
Croc Scale Bikini Top,29100
Croc Scale Swim Briefs,29099
Colordaze Bikini Bottoms,29098
Colordaze Bikini Top,29097
Colordaze Swim Shorts,29096
Leopard Purr Bikini Bottoms,29095
Leopard Purr Bikini Top,29094
Leopard Roar Swim Shorts,29093
Zebra Splash Bikini Top,29092
Zebra Splash Swim Shorts,29091
Breezy Floral Bikini Bottoms,29090
Breezy Floral Bikini Top,29089
Breezy Floral Swim Shorts,29088
Neon Bikini Bottoms,29087
Neon Bikini Top,29086
Neon Dot Swim Shorts,29085
Sunstripe Bikini Top,29084
Bumblebee Swim Shorts,29083
Sun-bleached Bikini Bottoms,29082
Sun-bleached Bikini Top,29081
Sun-bleached Swim Shorts,29080
Black Pearl Bikini Bottoms,29079
Black Pearl Bikini Top,29078
Black Pearl Swim Briefs,29077
Sunny Floral Button-down,29076
Chocolate Bikini Bottoms,29075
Chocolate Bikini Top,29074
Chocolate Swim Shorts,29073
Blue Gun-Show Tank,29072
Sweet Sailor Bikini Bottoms,29071
Sweet Sailor Bikini Top,29070
Sailor Swim Shorts,29069
Seafoam Spray Bikini Bottoms,29068
Seafoam Spray Bikini Top,29067
Seafoam Spray Swim Shorts,29066
Bubblegum Button Short-sleeve,29065
Fiery Bikini Bottoms,29064
Fiery Bikini Top,29063
Fiery Swim Shorts,29062
Kiwi Splash Button Short-sleeve,29061
Bubblegum Bikini Bottoms,29060
Bubblegum Bikini Top,29059
Bubblegum Swim Briefs,29058
Flashy Floral Button-Down,29057
Gun-Show Tank,29056
Flawless Teardrop Gem,29055
Mysterious Gem,29054
npc cp_leather001,29053
Fruitful Draught,29052
Medal of Honor,29051
Lordly Iceraven Robes Design,29050
Imperial Huntsman's Leathers Design,29049
Cloth Giftpack,29048
Lordly Iceraven Robes,29047
Wrapped Royal Bloodraven Robes,29046
Wrapped Firebrand Courtier,29045
Wrapped Imperial Huntsman's Leathers,29044
Wrapped Griffin Guard Uniform,29043
대형 태극기(임시),29042
Daru Tchotchkes Chest,29041
Companion Crust,29040
Legendary Dragon Wings,29039
Cocoa Crème Puff,29038
Crème Caramel,29037
Cloth Costume Event,29036
Lordly Iceraven Robes,29035
Royal Bloodraven Robes,29034
Verdant Whisper Wings,29033
Violet Ombre Wings,29032
Abyssal Supply Chest,29031
Abyssal Armory Chest,29030
Extravagant Sleuth's Steamgoggles,29029
Extravagant Seastorm Tricorne,29028
Extravagant Gemfast Circlet,29027
New Age Flag,29026
Reinforced Giant Tailfin,29025
Water-Keened Blade,29024
Firebrand Courtier's Robes,29023
Imperial Huntsman's Leathers,29022
Griffin Guard Uniform,29021
sk_beggar002,29020
sk_beggar001,29019
Torpedo Cannon,29018
Air Cannon,29017
npc ins_w_eph_3,29016
npc ins_w_eph_2,29015
npc ins_w_eph_1,29014
Gargantuan Kraken Tentacle,29013
Kraken Tentacle,29012
npc ins_s_eph_3,29011
npc ins_s_eph_2,29010
npc ins_s_eph_1,29009
Sunpoint Regrade Surprise,29008
npc dagger_eph_7,29007
npc dagger_eph_6,29006
npc dagger_eph_5,29005
npc dagger_eph_4,29004
sk_marine003,29003
sk_marine002,29002
npc dagger_eph_3,29001
npc dagger_eph_2,29000
npc dagger_eph_1,28999
sk_lord006,28998
Rapacious Giftpack,28997
Adventure's Thrill Giftpack,28996
Adventure's Thrill Necklace,28995
Adventure's Thrill Earring,28994
Adventure's Thrill Ring,28993
Rapacious Armor,28992
Rapacious Helm,28991
Rapacious Legguards,28990
Rapacious Saddle,28989
Mysterious Gem,28988
Red Dragon's Doom,28987
Timespace Scroll,28986
Sleuth's Steamgoggles Prototype,28985
Seastorm Tricorne Prototype,28984
Gemfast Circlet Prototype,28983
Deranged Spirit,28982
Swirling Whirlpool,28981
Dahuta's Favor,28980
Arcadian Seafoam,28979
Red Dragon Spinal Ridge,28978
Red Dragon Heart,28977
Hardened Red Dragon Scale,28976
Eternal Embers,28975
Chipped Dragon Bone,28974
Wyrmkin Carcanet,28973
Fist of Darkness,28972
Blazing Cloudspun Fabric,28971
Blazing Wind Spirit Leather,28970
Blazing Sunridge Ingot,28969
Dragon Slayer's Blessing,28968
Gillweed,28967
Red Dragon Eyrie,28966
Firewrought Dragonslayer,28965
Firebreath Dragonslayer,28964
Fireblack Dragonslayer,28963
Thorned Justice Bow,28962
Steel Tsunami Shield,28961
Merciless Sleuth's Steamgoggles,28960
Tempest Seastorm Tricorne,28959
Aranzeb's Gemfast Circlet,28958
Sleuth's Steamgoggles,28957
Seastorm Tricorne,28956
Gemfast Circlet,28955
sk_lord004,28954
Hellfire Dancing Queen,28953
Decorative Rope,28952
Screaming Void Leader Dagger,28951
Harbinger's Pristine Wit,28950
Haunted Skull Splitter,28949
Sealed Brush,28948
Blank Flag Fabric,28947
Auroran Ink,28946
Princes' Flagpole,28945
sk_lord005_v102,28944
Fruit Wine Trade Pack,28943
Cheese Trade Pack,28942
Honey Trade Pack,28941
Herb Larder,28940
Cheese Larder,28939
Honey Larder,28938
npc blade_2h_eph_3,28937
npc blade_2h_eph_2,28936
npc blade_2h_eph_1,28935
npc blade_1h_eph_7,28934
npc blade_1h_eph_6,28933
npc blade_1h_eph_5,28932
npc blade_1h_eph_4,28931
npc blade_1h_eph_3,28930
npc blade_1h_eph_2,28929
npc blade_1h_eph_1,28928
npc axe_2h_eph_3,28927
npc axe_2h_eph_2,28926
npc axe_2h_eph_1,28925
npc axe_1h_eph_7,28924
npc axe_1h_eph_6,28923
npc axe_1h_eph_5,28922
npc axe_1h_eph_4,28921
npc axe_1h_eph_3,28920
npc axe_1h_eph_2,28919
npc axe_1h_eph_1,28918
Professor Delkinos's Note,28916
Completed Timespace Scroll,28915
Timespace Scroll Scrap,28914
npc c_527 1head,28913
npc c_526 1head,28912
npc c_525 1head,28911
npc c_524 1head,28910
npc c_523 1head,28909
npc c_522 1head,28908
Dragon Ward,28907
Seasong Earring,28906
Berserk Red Dragon Roar,28905
Enraged Red Dragon Roar,28904
Red Dragon Roar,28903
sk_lord005_v101,28902
Berserk Red Dragon Wing-Reaper,28901
Enranged Red Dragon Wing-Reaper,28900
Red Dragon Wing-Reaper,28899
sk_lord005,28898
Berserk Red Dragon Eyesplitter,28897
Enraged Red Dragon Eyesplitter,28896
Red Dragon Eyesplitter,28895
Berserk Red Dragon Fireguard,28894
Enraged Red Dragon Fireguard,28893
Red Dragon Fireguard,28892
Berserk Red Dragon Tail-Reaper,28891
Enraged Red Dragon Tail-Reaper,28890
Red Dragon Tail-Reaper,28889
Skyreach Column,28888
Ultra-Lightweight Glider,28887
npc blade_1h_55_9,28885
npc blade_1h_55_8,28884
npc blade_1h_55_7,28883
npc blade_1h_55_6,28882
npc blade_1h_55_5,28881
npc blade_1h_55_1,28880
npc sword_2h_55_7,28879
npc sword_2h_55_6,28878
npc sword_2h_55_5,28877
npc sword_2h_55_1,28876
npc sword_1h_55_9,28875
Morpheus's Hair,28874
npc sword_1h_55_7,28873
npc sword_1h_55_6,28872
Unfinished Morpheus Pirate Plushie,28871
npc sword_1h_55_5,28870
Tears of the Dead,28869
Crystallized Tears of the Dead,28868
Morpheus Pirate Plushie Design,28867
npc sword_1h_55_3,28866
npc sword_1h_55_2,28865
wa_m_face00,28863
Raw Jade Ore,28862
Enraged Red Dragon's Legacy,28861
Red Dragon Scale,28860
Scorched Supply Chest,28859
Red Dragon Blood,28858
Dazzling Ball Attire,28857
Territory Declaration Flag,28856
Seabreeze Plank,28855
Captain's Cannon,28854
Coin Cache,28851
Coarse Root Powder,28850
npc ins_s_55_7,28849
npc ins_s_55_5,28848
npc ins_s_55_3,28847
npc ins_s_55_2,28846
npc ins_s_55_1,28845
Forbidden Spell Tablet,28844
커피(테스트용아이템),28843
Lost Keepsake,28842
Bitter Root,28841
npc blade_1h_55_4,28840
npc blade_1h_55_3,28839
Mahra Nahvi's Introduction,28838
npc sword_2h_55_4,28837
npc sword_2h_55_4,28836
npc sword_2h_55_3,28835
npc sword_2h_55_2,28834
Crest Brainstorm 5-Pack,28833
npc sword_1h_55_8,28832
Star Cake 50-Pack,28831
Star Cake 35-Pack,28830
Star Cake 14-Pack,28829
Star Cake 6-Pack,28828
Star Cake 1-Pack,28827
npc sword_1h_55_4,28826
npc ins_s_55_6,28825
npc ins_s_55_4,28824
Burst Engine,28823
Oxygen Tank,28822
Sonar,28821
npc mace_2h_41_2,28820
npc mace_2h_41_1,28819
npc mace_2h_36_2,28818
Loyalty Token 45-Pack,28817
Loyalty Token 640-Pack,28816
Loyalty Token 450-Pack,28815
Loyalty Token 180-Pack,28814
Loyalty Token 85-Pack,28813
Loyalty Token 15-Pack,28812
Loyalty Token 159-Pack,28811
Loyalty Token 198-Pack,28810
npc c_511 5feet,28809
npc c_509 5feet,28808
npc c_508 5feet,28807
npc c_507 5feet,28806
npc c_506 5feet,28805
npc c_505 5feet,28804
npc c_504 5feet,28803
Flawless Dream Ring,28802
Augmented Dream Ring,28801
Reforged Dream Ring,28800
Forgotten Dream Ring,28799
Old Vase,28798
Voice Recording #2,28797
Voice Recording #1,28796
npc axe_1h_55_9,28795
Loyalty Token 500-Pack,28794
npc axe_1h_55_8,28793
Flag of Prosperity,28792
npc axe_1h_55_7,28791
npc axe_1h_55_6,28790
npc axe_1h_55_5,28789
npc axe_1h_55_4,28788
npc axe_1h_55_2,28787
npc axe_1h_55_1,28786
Island Time Flip-Flops,28785
Mystery Man Fedora,28784
Dragon Slayer's Bow,28783
Kiwi Splash Bikini Bottoms,28782
Kiwi Splash Bikini Top,28781
Flashy Striped Bikini Bottoms,28780
Flashy Polka Dot Bikini Top,28779
Red Dragon's Breath,28778
Sweet Tooth Star Cake,28777
sk_swimsuit010,28776
sk_swimsuit009,28775
sk_swimsuit008,28774
Scroll: Red Bull,28773
npc mace_1h_31_5,28772
npc mace_1h_31_4,28771
npc mace_1h_26_5,28770
나만 먹는 별 주먹밥_test,28769
테스트_레드불 등짐,28768
npc mace_1h_46_5,28766
npc mace_1h_41_4,28765
npc mace_1h_41_4,28764
npc mace_1h_36_5,28763
Red Dragon's Legacy,28762
Kiwi Splash Shorts,28761
Salty Floral Button-Down,28760
Flirty Flip-Flops,28759
Sassy Straw Hat,28758
Flashy Checkered Swim Shorts,28757
Crisp Button Short-Sleeve,28756
Ebonfur Ursun,28755
Polaris Ursun,28754
Ebonfur Bjorne,28753
Polaris Bjorne,28752
npc mace_1h_46_4,28751
npc mace_1h_46_9,28750
npc mace_1h_36_8,28749
npc mace_1h_31_6,28748
npc mace_1h_46_7,28747
Minor Mana Potion,28746
Minor Healing Potion,28745
npc mace_1h_41_3,28744
npc mace_1h_36_3,28743
npc mace_1h_46_6,28742
npc mace_1h_21_4,28741
npc mace_1h_21_7,28740
npc mace_1h_36_10,28739
Golden Teardrop Storage Chest Design,28738
Old Treasure Chest,28737
Celestial Pegasus,28736
Goldscale,28735
npc c_503 5feet,28734
npc c_502 5feet,28733
npc c_504 4hands,28732
Vanished Kingdom Pipe,28731
npc l_220 1head,28730
npc l_219 1head,28729
npc l_218 1head,28728
npc c_503 4hands,28727
npc c_502 4hands,28726
npc c_501 4hands,28725
npc c_519 1head,28724
Golden Teardrop Storage Chest,28723
Wrapped Oversize Patty-Pie Cow Plushie,28722
Wrapped Patty-Pie Cow Plushie,28721
Wrapped Oversize Home Sweet Home Plushie,28720
포장된 봉제인형 테스트,28719
Wrapped Home Sweet Home Plushie,28718
Dragon Slayer's Eyepatch,28717
Demon Hunter's Eyepatch,28716
Valiant Sniper Lunafrost,28715
Valiant Royal Lunafrost,28714
Valiant Guardian Lunafrost,28713
Red Bull Glider,28712
npc staff_1h_40_8,28711
npc staff_1h_40_7,28710
npc staff_1h_35_8,28709
npc staff_1h_35_7,28708
Artisan's Potent Potion,28707
Firran Medicine,28706
npc staff_1h_40_2,28705
npc staff_1h_40_1,28704
sk_marine001,28703
npc staff_1h_40_4,28702
npc staff_1h_40_3,28701
White Pigment,28699
npc staff_1h_35_1,28697
Cherry Blossom Dye,28696
Abyssal Sea Dye,28693
Cerulean Dye,28691
npc staff_1h_25_1,28690
npc staff_1h_35_3,28689
npc staff_1h_25_3,28688
npc cp_cloth037,28687
npc cp_cloth036,28686
npc staff_1h_31_5,28685
npc staff_1h_26_5,28684
npc dagger_46_17,28683
npc dagger_46_16,28682
npc dagger_46_15,28681
Kapagan's Plains,28680
Castaway Relic Chest,28679
npc dagger_46_6,28678
npc dagger_41_7,28677
npc dagger_36_7,28676
npc dagger_46_11,28675
npc dagger_46_10,28674
npc dagger_46_4,28673
npc dagger_46_9,28672
Opulent Axis Mundi Cloak,28671
Hopeful Axis Mundi Cloak,28670
Solid Axis Mundi Cloak,28669
Bright Axis Mundi Cloak,28668
Opulent Bounty Hunter Pinion,28667
Hopeful Bounty Hunter Pinion,28666
Solid Bounty Hunter Pinion,28665
Bright Bounty Hunter Pinion,28664
Opulent Gweonid Serenity,28663
Hopeful Gweonid Serenity,28662
Solid Gweonid Serenity,28661
Bright Gweonid Serenity,28660
Opulent Falcorth Flash,28659
Hopeful Falcorth Flash,28658
Solid Falcorth Flash,28657
Bright Falcorth Flash,28656
Opulent Ynystere Seraph,28655
Hopeful Ynystere Seraph,28654
Solid Ynystere Seraph,28653
Bright Ynystere Seraph,28652
Opulent Ishvaran Pride,28651
Hopeful Ishvaran Pride,28650
Solid Ishvaran Pride,28649
Bright Ishvaran Pride,28648
Opulent Halcyona Whisper,28647
Hopeful Halcyona Whisper,28646
Solid Halcyona Whisper,28645
Bright Halcyona Whisper,28644
npc dagger_36_10,28642
npc dagger_46_8,28641
sk_swimsuit004,28640
sk_swimsuit003,28639
Carrot Dash,28638
Soul of ArcheAge Token,28637
Cleaned Map,28636
Cleaned Map,28635
Cleaned Map,28634
Cleaned Map,28633
Cleaned Map,28632
Cleaned Map,28631
Cleaned Map,28630
Cleaned Map,28629
Cleaned Map,28628
Cleaned Map,28627
Cleaned Map,28626
Cleaned Map,28625
Cleaned Map,28624
Cleaned Map,28623
Cleaned Map,28622
npc c_541 3legs,28617
npc c_540 3legs,28616
npc c_539 3legs,28615
npc c_538 3legs,28614
npc c_537 3legs,28613
npc c_536 3legs,28612
npc c_535 3legs,28611
npc c_534 3legs,28610
npc c_533 3legs,28609
npc c_532 3legs,28608
npc c_531 3legs,28607
npc c_530 3legs,28606
npc c_529 3legs,28605
npc c_528 3legs,28604
npc c_527 3legs,28603
npc c_526 3legs,28602
npc c_541 2chest,28601
npc c_540 2chest,28600
npc c_539 2chest,28599
npc c_538 2chest,28598
npc c_537 2chest,28597
npc c_536 2chest,28596
npc c_535 2chest,28595
npc c_534 2chest,28594
npc c_533 2chest,28593
npc c_532 2chest,28592
npc c_531 2chest,28591
npc c_530 2chest,28590
npc c_529 2chest,28589
npc c_528 2chest,28588
Loyalty Token,28586
npc c_527 2chest,28585
npc c_526 2chest,28584
Red Rabbit-Yata Hat,28583
Green Rabbit-Yata Hat,28582
Blue Rabbit-Yata Hat,28581
Black Yada Yada Yata Hat,28580
Striped Yada Yada Yata Hat,28579
Yada Yada Yata Hat,28578
Cosmetics Coin,28575
Beauty Salon Coin,28574
sk_dragon001,28573
Special Morpheus Pirate Plushie,28571
Oversize Jack-o'-Hattern Plushie,28570
Oversize Patty-Pie Cow Plushie,28569
Oversize Home Sweet Home Plushie,28568
Oversize Steamgoggle Daru Plushie,28567
Oversize Kobold Miner Plushie,28566
King of Masks Grand Liqueur,28565
Morpheus Pirate Plushie,28564
Jack-o'-Hattern Plushie,28563
Patty-Pie Cow Plushie,28562
Home Sweet Home Plushie,28561
Lost Swimwear,28558
Broken Bottle,28557
Crossblades Eyepatch,28556
Copper Steamfish Submarine,28555
Cake Pop,28554
npc sword_2h_55_2,28550
npc axe_1h_55_3,28549
npc sword_1h_55_1,28548
npc blade_1h_55_2,28547
Opulent Future's Pack,28546
Solid Future's Pack,28545
Bright Future's Pack,28544
Hopeful Future's Pack,28543
Lunafrost Treasure Chest,28542
Blood Pact Token,28541
npc sword_1h_46_19,28540
npc sword_1h_46_18,28539
npc sword_1h_46_17,28538
npc sword_1h_46_16,28537
npc sword_1h_46_15,28536
npc m_208 1head,28535
npc l_217 1head,28534
npc sword_1h_46_4,28533
npc sword_1h_46_8,28532
Grand Scrolled Heart Frame Design,28531
npc sword_1h_41_8,28530
Grand Marine Knight Frame Design,28529
Grand Lucky Clover Frame Design,28528
Grand Twin Spiral Frame Design,28527
Grand Dragon Frame Design,28526
Grand Openwork Cloud Frame Design,28525
Grand Labyrinth Frame Design,28524
Grand Twin Griffin Frame Design,28523
npc sword_1h_36_8,28522
Crescent Doubloon,28521
Good Morning,28520
npc c_518 1head,28519
npc c_517 1head,28518
npc c_516 1head,28517
npc c_515 1head,28516
npc c_514 1head,28515
npc c_513 1head,28514
Honorable Decelerator Shield,28513
Bloodclaw Ursun,28512
Dreamdancer Token,28511
Paddy-Cakes Token,28510
Time Lord Token,28509
Honor's Champion Token,28508
With Honor and Skill Token,28507
Honor Seeker Token,28506
Shieldbreaker Token,28505
Blacksmith Buddies Token,28504
Feathering the Nest Token,28503
Jack of All Trades Token,28502
Gaia's Hands Token,28501
Female Undershorts,28500
Female Undershirt,28499
Happiness Is a Warm Puppy Token,28498
Got Milk? Token,28497
Dutybound Token,28496
Nui's Faithful Token,28495
Picky Eater Token,28494
"Born a Poet, Became a Craftsman Token",28493
Sweet Arts Token,28492
Emprise Stone,28491
Regal Printing Press,28490
Bright Morning,28489
npc cp_cloth035,28488
npc cp_cloth034,28487
npc cp_cloth033,28486
Smoke Bead,28485
Queen Bee Taming Net,28484
Nymphal Queen Bee,28483
Royal Jelly,28482
Honey,28481
Acorn Beehive,28480
Opulent Future's Promise,28478
Hopeful Future's Promise,28477
Solid Future's Promise,28476
Bright Future's Promise,28475
Gingermint,28474
Honorable Entanglement Bow,28473
Honorable Judgment Longspear,28472
Honorable Perdition Shortspear,28471
Honorable Domination Staff,28470
Honorable Vivacity Scepter,28469
Honorable Withering Greatclub,28468
Honorable Withering Club,28467
Honorable Silence Greataxe,28466
Honorable Provocation Katana,28465
Honorable Bleeding Dagger,28464
Honorable Ferocity Axe,28463
Honorable Abeyance Nodachi,28462
Honorable Vehemence Nodachi,28461
Honorable Abeyance Sword,28460
Mermaid's Contract,28459
Sealed Black Arrow,28458
Grand Scrolled Heart Frame,28457
Grand Marine Knight Frame,28456
Grand Lucky Clover Frame,28455
Grand Twin Spiral Frame,28454
Grand Dragon Frame,28453
Grand Openwork Cloud Frame,28452
Grand Labyrinth Frame,28451
Grand Twin Griffin Frame,28450
Purebred Certificate,28449
npc cp_cloth032,28448
npc sword_1h_26_8,28446
npc sword_1h_41_10,28445
npc sword_1h_36_10,28444
Lost Gods Supply Chest,28442
Warehouse Manager's Cushion,28441
General Merchant's Cushion,28440
sk_maid_butler001,28439
npc sword_1h_31_1,28438
Veteran Adventurer's Giftpack,28436
npc sword_1h_46_10,28435
Arctic Kitsu Whistle,28434
Adventurer's Cloak,28433
npc sword_1h_41_9,28431
Veteran Adventurer's Shield,28430
Veteran Adventurer's Bow,28429
Veteran Adventurer's Staff,28428
Veteran Adventurer's Nodachi,28427
Veteran Adventurer's Sword,28426
npc sword_1h_41_4,28425
npc sword_1h_36_5,28424
el_m_hair025,28423
npc sword_1h_41_5,28422
Black Pigment,28421
Fleetpaw Bjorne,28420
ha_m_hair025,28419
npc c_506 3legs,28418
npc c_505 3legs,28417
npc c_504 3legs,28416
npc c_503 3legs,28415
npc c_502 3legs,28414
npc c_501 3legs,28413
nu_m_hair025,28412
npc shield_41_9,28411
Gold King's Legacy,28410
Engineering Institute Greathammer,28409
Mahra Kapagan's Helm,28408
Yupang's Key,28407
대형 참다랑어 박제 장식_테스트,28406
npc sword_1h_26_1,28405
npc sword_1h_41_2,28404
npc sword_1h_41_1,28403
npc sword_1h_36_2,28402
npc sword_1h_36_1,28401
Authority Crest Long-Sleeve Tee,28400
Harmonious Crest Long-Sleeve Tee,28399
Sultry Crest Long-Sleeve Tee,28398
Blushing Crest Long-Sleeve Tee,28397
Tranquil Crest Long-Sleeve Tee,28396
Hopeful Crest Long-Sleeve Tee,28395
Passionate Crest Long-Sleeve Tee,28394
White Crest Long-Sleeve Tee,28393
Authority Crest T-Shirt,28392
Scroll: Mobile Canteen,28391
Fleshrender Feather,28389
Venomfang Lily,28388
Elite Merchant's Cushion,28386
npc blade_1h_46_10,28385
White Star's Challenge,28383
Fresh Cordial Advert,28381
Night Race Invite,28379
Accelerator Oil Pack,28378
Autumn Wind Horn,28377
Catspaw Recorder,28376
Reedwhisper Piccolo,28375
Stormwail Sax,28374
Evensong Lute,28373
Ironsong Lute,28372
Cherry Blossom Shamisen,28371
Meadowlark Banjo,28370
Explosive Chemical Pack,28369
npc shield_46_8,28368
npc shield_46_6,28367
npc shield_41_6,28361
npc shield_41_7,28360
Pet Healing Potion,28359
npc shield_36_7,28358
npc shield_31_6,28357
npc shield_41_8,28356
npc shield_36_2,28355
테스트용 등짐 상자,28354
npc shield_21_3,28353
npc shield_21_2,28351
npc shield_21_1,28350
Fresh Cordial Pack,28349
npc shield_16_1,28348
Marching Fir Coat,28347
Mahra Kachen's Elixir,28346
Shipwreck Relic,28345
Shy Rabbit Giftpack,28344
Purple Shy Rabbit Plushie,28343
Blue Shy Rabbit Plushie,28342
Lime Shy Rabbit Plushie,28341
Yellow Shy Rabbit Plushie,28340
Red Shy Rabbit Plushie,28339
Frostbreath Coolant,28338
Goddess's Clothspinner Token,28337
Patchwork Heart,28336
Puppy Luv Token,28335
Labyrinth's Valuables Chest,28334
Inactive Serpentis Cube,28333
Marian's Complete Diary,28332
Jack's Letter,28331
Labyrinth's Supply Chest,28330
Timeglass Bottle,28329
Empty Timeglass Bottle,28328
Labyrinth's Cloth Armor Chest,28326
Labyrinth's Plate Armor Chest,28325
Labyrinth's Leather Armor Chest,28324
Labyrinth's Weapon Chest,28323
Gargantuan Kraken Tentacle,28322
Writhing Kraken Tentacle,28321
Forsaken Pirate Ring,28320
Forsaken Pirate Earring,28319
Forsaken Pirate Necklace,28318
Distorted Portalstone,28317
Marian's Diary Manuscript,28316
Pygmy Kraken Tentacle,28315
Harmonious Crest T-Shirt,28314
Sultry Crest T-Shirt,28313
Blushing Crest T-Shirt,28312
Tranquil Crest T-Shirt,28311
Hopeful Crest T-Shirt,28310
Passionate Crest T-Shirt,28309
Lucky Moonpoint,28308
Marian's Diary Quire #4 Tool,28307
Marian's Diary Quire #4,28306
Blank Regrade Scroll,28305
Moonpoint Fragment,28304
Sunpoint Fragment,28303
Moonpoint,28302
Sunpoint,28301
Lucky Sunpoint,28300
Armor Regrade Scroll,28299
Weapon Regrade Scroll,28298
Resplendent Armor Regrade Scroll,28297
Resplendent Weapon Regrade Scroll,28296
Marian's Diary Quire #3 Tool,28295
Marian's Diary Quire #3,28294
Marian's Diary Quire #2 Tool,28293
Marian's Diary Quire #2,28292
Marian's Diary Quire #1 Tool,28291
Marian's Diary Quire #1,28290
npc shield_46_5,28289
npc shield_21_5,28288
"Marian's Diary, Entry #40",28287
"Marian's Diary, Entry #39",28286
"Marian's Diary, Entry #38",28285
"Marian's Diary, Entry #37",28284
"Marian's Diary, Entry #36",28283
"Marian's Diary, Entry #35",28282
"Marian's Diary, Entry #34",28281
"Marian's Diary, Entry #33",28280
"Marian's Diary, Entry #32",28279
"Marian's Diary, Entry #31",28278
"Marian's Diary, Entry #30",28277
"Marian's Diary, Entry #29",28276
"Marian's Diary, Entry #28",28275
"Marian's Diary, Entry #27",28274
"Marian's Diary, Entry #26",28273
"Marian's Diary, Entry #25",28272
"Marian's Diary, Entry #24",28271
"Marian's Diary, Entry #23",28270
"Marian's Diary, Entry #22",28269
"Marian's Diary, Entry #21",28268
"Marian's Diary, Entry #20",28267
"Marian's Diary, Entry #19",28266
"Marian's Diary, Entry #18",28265
"Marian's Diary, Entry #17",28264
"Marian's Diary, Entry #16",28263
"Marian's Diary, Entry #15",28262
"Marian's Diary, Entry #14",28261
"Marian's Diary, Entry #13",28260
"Marian's Diary, Entry #12",28259
"Marian's Diary, Entry #11",28258
"Marian's Diary, Entry #10",28257
"Marian's Diary, Entry #9",28256
"Marian's Diary, Entry #8",28255
"Marian's Diary, Entry #7",28254
"Marian's Diary, Entry #6",28253
"Marian's Diary, Entry #5",28252
"Marian's Diary, Entry #4",28251
"Marian's Diary, Entry #3",28250
"Marian's Diary, Entry #2",28249
"Marian's Diary, Entry #1",28248
Jousting Lance,28247
Glowing Fireglobe,28246
Empty Fireglobe,28245
Thunderstorm Incense,28244
테스트 서버용 별 주먹밥,28243
Rainmaker Cleaner,28242
npc blade_2h_31_3,28241
Essence-fed Stormdarter,28240
Green Pigment,28239
Purple Pigment,28238
Pink Pigment,28237
Infinite Ouroboros,28236
Cursed Venom Fang Pendant,28235
Void Slough,28234
Ouroboros,28233
Venom Fang Pendant,28232
Gloaming Slough,28231
npc blade_2h_36_6,28230
npc blade_2h_46_2,28229
npc blade_2h_41_4,28228
npc blade_2h_36_4,28227
npc blade_2h_21_2,28226
npc blade_2h_46_7,28225
npc blade_2h_46_4,28224
Yupang's Research Journal,28223
npc blade_2h_21_5,28222
npc blade_2h_21_4,28221
Meteor Shower,28220
Shining Lightning Essence,28219
Alloy Combiner,28218
테스트 서버 전용 나차쉬가르 공간이동서,28217
Designer to the Stars Prize Pack,28216
Designer to the Gods Prize Pack,28215
Celebrated Artiste Prize Pack,28214
Artist of the Ages Prize Pack,28213
Student Prize Pack,28212
Honor Student Prize Pack,28211
Timber Coupe Design,28210
Apex Squall Design,28209
Comet Speedster Design,28208
Weathered Parchment,28207
Jade-Like Token,28206
테스트용 책,28205
Scroll: Timber Coupe,28204
Tehmi Empire Relic,28203
Weathered Relic,28202
Duke Cuke'em Token,28201
Some Like It Hot Token,28200
Nouveau Riche Token,28199
Springmaker Token,28198
Scroll: Apex Squall,28197
Wishing Well Token,28196
Paparazzi Magnet Token,28195
Judicious Juror Token,28194
Meteoric Rise Token,28193
Conductor of Beauty Token,28192
World of Imagination Token,28191
Fish Wrangler Token,28190
Abyssal Shard,28189
Abyssal Crystal,28188
Brinebrawn Stone,28187
Morning Star Trail,28186
Racing Chassis,28185
Crafted Vehicle Frame: Timber Coupe,28184
Crafted Vehicle Frame: Apex Squall,28183
Crafted Vehicle Frame: Comet Speedster,28182
Spiral Accelerator,28181
Hydraulic Shaft,28180
Rubber Tire,28179
Bright Headlight,28178
Dawn Lake Light Essence,28175
Advance Signal: Sungold Fields,28173
Guardian Seal: Sungold Fields,28172
Advance Signal: Exeloch,28171
Guardian Seal: Exeloch,28170
npc blade_2h_55_7,28169
npc blade_2h_55_6,28168
npc blade_2h_55_5,28167
npc blade_2h_55_4,28166
npc blade_2h_55_3,28165
npc blade_2h_55_2,28164
npc blade_2h_55_1,28162
King's Grudge,28149
Sacred Drum,28148
npc c_497 3legs,28147
npc c_491 2chest,28146
Fantasy Relic Receipt,28145
Fantasy Relic Receipt,28144
Fantasy Relic Receipt,28143
Mahra Kapagan's Greathammer,28142
Tehmi Monument Fragment,28141
Fair Judge's Eye,28140
Popular Clique Signet,28139
Black Arrow,28138
Rulers of the Plains: Mahra Tali,28137
npc c_069 1head,28136
Great Hulk Infusion,28135
Dim Stargrave Fragment,28134
Designer to the Stars Signet,28133
Moonlight Seawise Queen Key,28132
Designer to the Gods Signet,28131
Celebrated Artiste Signet,28130
Artist of the Ages Signet,28129
Sunlight Seawise Queen Key,28128
Student Signet,28127
Honor Student Signet,28126
Blizzard Cub,28125
npc bow_55_9,28124
npc bow_55_8,28123
npc bow_55_7,28122
npc bow_55_6,28121
npc bow_55_5,28120
npc bow_55_4,28119
npc bow_55_3,28118
npc bow_55_2,28117
npc bow_55_1,28116
npc shield_55_9,28115
npc shield_55_8,28114
npc shield_55_7,28113
npc shield_55_6,28112
npc shield_55_5,28111
npc shield_55_4,28110
npc shield_55_3,28109
npc shield_55_2,28108
npc shield_55_1,28107
Solid as a Rock Token,28106
-,28105
Designer to the Stars Frame,28104
Designer to the Gods Frame,28103
-,28102
Celebrated Artiste Frame,28101
Artist of the Ages Frame,28100
-,28099
Student Frame,28098
Honor Student Frame,28097
-,28096
Designer to the Stars Victory Cup,28095
Designer to the Gods Victory Cup,28094
-,28093
Celebrated Artiste Victory Cup,28092
Artist of the Ages Victory Cup,28091
-,28090
Student Victory Cup,28089
Honor Student Victory Cup,28088
Thunder Dash,28087
Rose's Letter,28086
Building Management Title,28085
Noblewoman's Portrait,28084
Redtalon Armor,28083
Redtalon Helm,28082
Redtalon Legguards,28081
Redtalon Saddle,28080
Treaded Wellingtons,28079
fe_f_hair016,28078
fe_f_hair015,28077
Imagination + Junk = Inventor Token,28076
Lovecrafter Token,28075
Chronographer Token,28074
fe_m_hair013,28073
fe_m_hair012,28072
Drumline Percussion Pack,28071
Heart of the Sun,28070
Relic Chest,28068
npc axe_2h_55_7,28066
npc axe_2h_55_6,28065
npc axe_2h_55_5,28064
npc axe_2h_55_4,28063
npc axe_2h_55_3,28062
npc axe_2h_55_2,28061
npc axe_2h_55_1,28060
Dancing Queen,28058
Void Leader Dagger,28057
Pristine Wit,28056
Skull Splitter,28055
테스트용 보관함,28053
Adventurer's Enchanted Potion,28052
Sheet Music,28051
Blossom Blade,28050
Electric Eel Fry Print,28049
Electric Eel Print,28048
Gargantuan Electric Eel Print,28047
Carp Fry Print,28046
Carp Print,28045
Gargantuan Carp Print,28044
Arowana Fry Print,28043
Arowana Print,28042
Gargantuan Arowana Print,28041
Father Figure Token,28038
Family Time Token,28037
Sturgeon Fry Trophy,28035
Sturgeon Trophy,28034
Bluefin Fry Trophy,28033
Bluefin Trophy,28032
Blue Marlin Fry Trophy,28031
Blue Marlin Trophy,28030
Sailfish Fry Trophy,28029
Sailfish Trophy,28028
코끼리 시체_테스트,28026
Plushie Patron Token,28025
Bull-Headed Token,28024
Marine Biologist Token,28022
npc l_168 1head,28021
npc l_164 1head,28020
npc c_165 1head,28019
npc bow_16_1,28018
Albatross Fishing Giftpack,28017
Predator Fishing Giftpack,28016
Orchidna's Fishing Giftpack,28015
Dahuta's Fishing Giftpack,28014
Fish-Find Longliner Design,28013
NPC Weapon Packs - 몬스터 - 원혼 활,28012
npc l_167 5feet,28011
npc l_167 4hands,28010
npc l_167 3legs,28009
npc l_167 2chest,28008
npc l_167 1head,28007
Gargantuan Sturgeon Trophy,28006
Gargantuan Bluefin Trophy,28005
Gargantuan Blue Marlin Trophy,28004
Fishing License,28003
Fish Crane,28002
Fishing Boat Steering Wheel,28001
Windblown Fir Coat,28000
Forsaken Sailor Breeches,27998
Forsaken Sailor Boots,27997
Forsaken Sailor Cap,27996
Forsaken Sailor Jerkin,27995
Forsaken Sailor Fists,27994
Serpentis Fragment,27993
Moonlit Garden Giftpack,27992
Adventurer's Potent New Tricks Potion,27991
Adventurer's New Tricks Potion,27990
Sunlit Garden Giftpack,27989
Bound Aranzeb's Miracle,27988
Bound Aranzeb's Reverie,27987
sk_mokujin001,27986
Moonlit Garden Frame,27985
Sunlit Garden Frame,27984
Orchidna's Dream Coin,27983
Aranzebia's Smile Coin,27982
Aranzeb's Meditation Coin,27981
Lucius's Song Coin,27980
npc blade_1h_46_13,27979
테스트 상자 꾸러미,27978
npc blade_1h_46_12,27977
npc blade_1h_46_11,27976
npc blade_1h_46_5_e,27975
npc blade_1h_46_5,27974
npc blade_1h_41_2,27973
npc blade_1h_41_10,27972
npc blade_1h_41_1,27971
npc blade_1h_36_2,27970
White Crest T-Shirt,27969
Crest Pillow,27968
Spicy Bluefin Sashimi,27967
Activated Serpentis Cube,27965
Young Bugira's Lost Earring,27963
Young Bugira's Lost Ring,27962
Young Bugira's Lost Necklace,27961
Wrapped Treasure Rod,27960
Wrapped Santiago's Fishing Rod,27959
npc m_041 5feet,27958
npc m_040 5feet,27957
npc m_050 1head,27956
npc m_049 1head,27955
Sharkie Shark Pink-Stripe Boater,27954
Sharkie Shark Purple-Stripe Boater,27953
Racing Zebra,27952
Sharkie Shark Red-Stripe Boater,27951
Goblin Glider,27950
Heir's Harpoon Clipper Giftpack,27948
Heir's Glider Giftpack,27947
Heir's Horse Giftpack,27946
tool_어부낚시대,27945
npc blade_1h_31_1,27944
npc c_237 5feet,27943
npc c_234 5feet,27942
npc c_065 3legs,27941
npc blade_1h_21_6,27940
npc c_064 3legs,27939
npc blade_1h_21_6,27938
npc c_069 2chest,27937
npc c_068 2chest,27936
npc c_067 2chest,27935
npc blade_1h_21_6,27934
npc blade_1h_46_1,27933
npc blade_1h_46_2,27932
npc blade_1h_41_9,27931
npc blade_1h_36_9,27930
npc c_068 1head,27929
npc c_067 1head,27928
npc blade_1h_46_9,27927
npc blade_1h_31_7,27926
npc blade_1h_41_8,27925
npc c_512 1head,27924
npc c_511 1head,27923
npc c_510 1head,27922
Gargantuan Sailfish Trophy,27921
Goblin Glider Giftpack,27920
Zebra Giftpack,27919
Desert Assassin Giftpack,27918
Alecto's Journal Manuscript,27917
Alecto's Complete Journal,27916
Alecto's Journal Quire Tool,27915
Rudal's Travel Journal Manuscript,27914
Iyor's Travel Journal Manuscript,27913
npc spear_1h_31_1,27912
npc blade_1h_36_10,27911
npc bow_31_3,27910
npc staff_1h_35_5,27909
npc staff_2h_35_6,27908
npc staff_1h_30_2,27907
npc dagger_26_8,27906
npc shield_46_3,27905
npc bow_36_3,27904
Aranzeb's Miracle,27903
Music Paper,27902
Sage of Halo Rise Token,27901
Alecto's Complete Journal,27899
Rudal's Complete Travel Journal,27898
Iyor's Complete Travel Journal,27897
Alecto's Quire #7,27896
Alecto's Quire #7 Tool,27895
Alecto's Quire #6,27894
Alecto's Quire #6 Tool,27893
Alecto's Quire #5,27892
Alecto's Quire #5 Tool,27891
Alecto's Quire #4,27890
Alecto's Quire #4 Tool,27889
Alecto's Quire #3,27888
Alecto's Quire #3 Tool,27887
Alecto's Quire #2,27886
Alecto's Quire #2 Tool,27885
Alecto's Quire #1,27884
Alecto's Quire #1 Tool,27883
Sea Turtle Pet,27882
"Alecto's Journal, Entry #69",27880
"Alecto's Journal, Entry #68",27879
"Alecto's Journal, Entry #67",27878
"Alecto's Journal, Entry #66",27877
"Alecto's Journal, Entry #65",27876
"Alecto's Journal, Entry #64",27875
"Alecto's Journal, Entry #63",27874
"Alecto's Journal, Entry #62",27873
"Alecto's Journal, Entry #61",27872
"Alecto's Journal, Entry #60",27871
"Alecto's Journal, Entry #59",27870
"Alecto's Journal, Entry #58",27869
"Alecto's Journal, Entry #57",27868
"Alecto's Journal, Entry #56",27867
"Alecto's Journal, Entry #55",27866
"Alecto's Journal, Entry #54",27865
"Alecto's Journal, Entry #53",27864
"Alecto's Journal, Entry #52",27863
"Alecto's Journal, Entry #51",27862
"Alecto's Journal, Entry #50",27861
"Alecto's Journal, Entry #49",27860
"Alecto's Journal, Entry #48",27859
"Alecto's Journal, Entry #47",27858
"Alecto's Journal, Entry #46",27857
"Alecto's Journal, Entry #45",27856
"Alecto's Journal, Entry #44",27855
"Alecto's Journal, Entry #43",27854
"Alecto's Journal, Entry #42",27853
"Alecto's Journal, Entry #41",27852
"Alecto's Journal, Entry #40",27851
"Alecto's Journal, Entry #39",27850
"Alecto's Journal, Entry #38",27849
"Alecto's Journal, Entry #37",27848
"Alecto's Journal, Entry #36",27847
"Alecto's Journal, Entry #35",27846
"Alecto's Journal, Entry #34",27845
"Alecto's Journal, Entry #33",27844
"Alecto's Journal, Entry #32",27843
"Alecto's Journal, Entry #31",27842
"Alecto's Journal, Entry #30",27841
"Alecto's Journal, Entry #29",27840
"Alecto's Journal, Entry #28",27839
"Alecto's Journal, Entry #27",27838
"Alecto's Journal, Entry #26",27837
"Alecto's Journal, Entry #25",27836
"Alecto's Journal, Entry #24",27835
"Alecto's Journal, Entry #23",27834
"Alecto's Journal, Entry #22",27833
"Alecto's Journal, Entry #21",27832
"Alecto's Journal, Entry #20",27831
"Alecto's Journal, Entry #19",27830
"Alecto's Journal, Entry #18",27829
"Alecto's Journal, Entry #17",27828
"Alecto's Journal, Entry #16",27827
"Alecto's Journal, Entry #15",27826
"Alecto's Journal, Entry #14",27825
"Alecto's Journal, Entry #13",27824
"Alecto's Journal, Entry #12",27823
"Alecto's Journal, Entry #11",27822
"Alecto's Journal, Entry #10",27821
"Alecto's Journal, Entry #9",27820
"Alecto's Journal, Entry #8",27819
"Alecto's Journal, Entry #7",27818
"Alecto's Journal, Entry #6",27817
"Alecto's Journal, Entry #5",27816
"Alecto's Journal, Entry #4",27815
"Alecto's Journal, Entry #3",27814
"Alecto's Journal, Entry #2",27813
"Alecto's Journal, Entry #1",27812
Plushie Sack,27811
Empty Sack,27810
Plushie Sack,27809
Empty Sack,27808
Time Catcher Token,27807
Bugira's Lost Treasure,27806
Bugira's Lost Treasure,27805
Forsaken Pirate Breeches,27804
Forsaken Pirate Boots,27803
Forsaken Pirate Cap,27802
Forsaken Pirate Jerkin,27801
Forsaken Pirate Fists,27800
npc blade_1h_36_6,27799
npc blade_1h_36_8,27798
npc blade_1h_46_3,27796
npc blade_1h_31_6,27795
npc blade_1h_26_6,27794
Universal Shield,27793
npc blade_1h_41_3,27792
npc blade_1h_46_6,27791
npc blade_1h_21_1,27790
npc blade_1h_16_1,27789
npc blade_1h_41_5,27788
npc blade_1h_41_4,27787
Eternal World,27786
npc blade_1h_36_4,27785
Eternal Defiance,27784
npc blade_1h_21_4,27783
Mermaid's Breath,27782
npc blade_1h_16_2,27781
Shattered Gem,27780
Fossilized Starfish,27779
Old Bottle,27778
Fossilized Arm,27777
Rusty Dagger,27776
Old Weapon,27775
Carved Jar,27774
Merchant's Accessory,27773
Fragrant Comb,27772
Strappy Stilettos,27771
npc blade_1h_31_5,27770
npc blade_1h_26_5,27769
Ivory Skull,27768
Goddess Nui Sculpture,27767
Marble Calabash,27766
Antique Lantern,27765
Noble Mirror,27764
npc axe_2h_46_1,27763
npc axe_2h_46_3,27762
npc axe_2h_26_3,27761
npc axe_2h_26_2,27760
npc axe_2h_46_4,27759
npc axe_2h_41_8,27758
npc axe_2h_41_2,27757
npc c_509 1head,27756
npc c_508 1head,27755
npc axe_2h_36_5,27754
npc axe_2h_36_2,27753
npc axe_2h_11_1,27752
Glitter 'n Gold Topper,27751
Diamond Sparkle Topper,27750
npc axe_2h_06_1,27749
npc axe_2h_41_3,27748
Sunshine Candy,27747
Fragrant Soup,27746
Siege Stronghold: Sungold Fields,27745
Siege Stronghold: Exeloch,27744
npc axe_2h_41_1,27743
npc axe_2h_46_2,27742
npc axe_2h_31_1,27741
npc axe_2h_26_1,27740
npc axe_2h_21_3,27739
npc axe_2h_21_2,27738
Potent New Tricks Potion,27736
Traveler's Campfire Creator,27735
Faded Hasla Fragment,27734
New Tricks Potion,27733
Dark Watcher Cloak,27732
Dark Watcher Belt,27731
Dark Watcher Guards,27730
Dark Watcher Boots,27729
Dark Watcher Fists,27728
Dark Watcher Breeches,27727
Dark Watcher Jerkin,27726
Dark Watcher Cap,27725
Shadowsong Sleeves,27724
Shadowsong Sash,27723
Shadowsong Shoes,27722
Shadowsong Shirt,27721
Shadowsong Gloves,27720
Shadowsong Pants,27719
Shadowsong Hood,27718
Scarlet Reaper Helm,27717
Scarlet Reaper Cuirass,27716
Scarlet Reaper Greaves,27715
Scarlet Reaper Gauntlets,27714
Scarlet Reaper Sabatons,27713
Scarlet Reaper Tassets,27712
Scarlet Reaper Vambraces,27711
Wrapped Mirage Emberwild Charger.,27710
Crest Column,27708
npc l_053_1 3legs,27707
Roasted Yam,27706
Crest Cube,27705
Tool_지팡이2,27704
"Seeks Truth, Not Greatness Token",27703
Scroll: Albatross Longliner,27702
Scroll: Predator Longliner,27701
Fir Coat,27700
npc c_239_1 2chest,27699
Sungold Archeum Lodestone Design,27698
Exeloch Archeum Lodestone Design,27697
npc dagger_55_9,27696
npc dagger_55_8,27695
npc dagger_55_7,27694
npc dagger_55_6,27693
npc dagger_55_5,27692
npc dagger_55_4,27691
npc dagger_55_3,27690
npc dagger_55_2,27689
npc dagger_55_1,27688
Breezy Bungalow Design,27687
Whirlwind Costume: Head,27686
Whirlwind Costume: Feet,27685
Whirlwind Costume: Waist,27684
npc staff_2h_55_9,27683
npc staff_2h_55_8,27682
npc staff_2h_55_7,27681
npc staff_2h_55_6,27680
npc staff_2h_55_5,27679
npc staff_2h_55_4,27678
npc staff_2h_55_3,27677
npc staff_2h_55_2,27676
npc staff_2h_55_1,27675
Wrapped Archeum Fishing Rod,27674
Wrapped Gilt Fishing Rod,27673
Wrapped Springy Steel Fishing Rod,27672
Wrapped Steel Fishing Rod,27671
테스트용 녹색 엘크 봉제인형,27670
Small Girl Figurine,27669
Child's Bright Smile,27668
Yellow Harani Book,27667
Child's Laughter,27666
Black Harani Book,27665
Purple Harani Book,27664
Pink Harani Book,27663
Green Harani Book,27662
Harani Wall-Mounted Bookshelf,27661
Blue Nuian Book,27660
Black Nuian Book,27659
Teal Nuian Book,27658
Purple Nuian Book,27657
Green Nuian Book,27656
Nuian Wall-Mounted Bookshelf,27655
npc staff_1h_55_7,27654
npc staff_1h_55_6,27653
Pack Blueprint,27652
npc staff_1h_55_5,27651
npc staff_1h_55_4,27650
npc staff_1h_55_3,27649
npc staff_1h_55_2,27648
npc staff_1h_55_1,27647
npc ins_w_55_7,27646
npc ins_w_55_6,27645
npc ins_w_55_5,27644
npc ins_w_55_4,27643
npc ins_w_55_3,27642
npc ins_w_55_2,27641
npc ins_w_55_1,27640
fe_f_hair014,27639
Wrapped Double-Bladed Saw,27638
Wrapped Harani Juju Fetish,27637
Wrapped Polished Whetstone,27636
Wrapped Knighthood Display,27635
Wrapped Hanging Tanner's Satchel,27634
Wrapped Leopardskin Rug,27633
Wrapped Harani Sewing Machine,27632
Wrapped Sewing Kit,27631
Wrapped Smelting Furnace,27630
Wrapped Plumed Helm Stand,27629
Wrapped Gemcutter's Bench,27628
Wrapped Sugarplum Fairy Music Box,27627
Wrapped Sunstone Stove,27626
Wrapped Culinary Queen's Secrets,27625
Wrapped Experimental Crucible,27624
Wrapped Potion Rack,27623
Beekeeper's Veil,27622
Jack-o'-Hattern,27621
Wrapped Silverwolf Plate,27619
Wrapped Shock Conqueror Plate,27618
Elias's Letter,27617
Karin's Letter,27616
npc c_506 1head,27615
npc c_507 1head,27614
Electric Eel Fry Pack,27613
Electric Eel Pack,27612
Gargantuan Electric Eel Pack,27611
Arowana Fry Pack,27610
Arowana Pack,27609
Gargantuan Arowana Pack,27608
Sturgeon Fry Pack,27607
Sturgeon Pack,27606
Gargantuan Sturgeon Pack,27605
Blue Marlin Fry Pack,27604
Blue Marlin Pack,27603
Gargantuan Blue Marlin Pack,27602
Sailfish Fry Pack,27601
Sailfish Pack,27600
Gargantuan Sailfish Pack,27599
조금 큰 코볼트 봉제인형 (미사용),27598
조금 큰 다루 봉제인형 (미사용),27597
Oversize Groundling Shaman Plushie,27596
Oversize Baby Narayana Plushie,27595
Oversize Rabbit-Yata Plushie,27594
Oversize Carefree Yata Plushie,27593
Oversize Black Yata Plushie,27592
Oversize Striped Yata Plushie,27591
Oversize Yata Plushie,27590
Oversize Dashing Snowlion Plushie,27589
Oversize Dapper Snowlion Plushie,27588
Oversize Coalmane Snowlion Plushie,27587
Oversize Snowmane Snowlion Plushie,27586
Oversize Sandmane Snowlion Plushie,27585
Oversize Red Riding Elk Plushie,27584
Oversize Bowtie Elk Plushie,27583
Oversize Pink Elk Plushie,27582
Oversize Purple Elk Plushie,27581
Oversize Green Elk Plushie,27580
West Ishvara Parchment,27579
Ancient Relic,27578
East Ishvara Parchment,27577
Sandman Fan,27576
The Moonsingers,27575
The Darkwriters,27574
Ishvaran Nobles' Letters,27573
Historic Sites of Ynystere,27572
Marianople Guidebook,27571
The Two Crowns of Illion,27570
Bloody Bhiskia Manuscript,27569
Paper Knife,27568
Bloody Bhiskia: War Histories,27567
Through the Looking Glass Token,27566
Early Bird Token,27565
Kickboxer Token,27564
Silverwolf Plate,27563
sk_uniform002,27562
sk_uniform001,27561
npc axe_2h_53_2,27560
npc dagger_53_2,27559
npc axe_1h_53_1,27558
npc axe_2h_53_1,27556
npc bow_53_1,27555
npc shield_53_1,27554
npc dagger_53_1,27553
npc staff_2h_53_1,27552
npc sword_1h_53_1,27551
Confetti,27550
Red Lure,27549
Blue Lure,27548
Green Lure,27547
Unstable Solution,27546
Handicraft Yarn,27545
Basic Pack Blueprint,27544
Conqueror's Certificate,27543
Artisan's Certificate,27542
Artificer's Certificate,27541
Apprentice's Certificate,27540
가구 설계도: 17,27539
가구 설계도: 16,27538
Double-Bladed Saw Design,27537
Harani Juju Fetish Design,27536
Polished Whetstone Design,27535
Knighthood Display Design,27534
Hanging Tanner's Satchel Design,27533
Leopardskin Rug Design,27532
Harani Sewing Machine Design,27531
Sewing Kit Design,27530
Smelting Furnace Design,27529
Plumed Helm Stand Design,27528
Gemcutter's Bench Design,27527
Sugarplum Fairy Music Box Design,27526
Sunstone Stove Design,27525
Culinary Queen's Secrets Design,27524
Experimental Crucible Design,27523
Potion Rack Design,27522
테스트 서버 전용 철갑 전차 소환 주문서,27521
lord003,27520
npc c_492 1head,27519
Gambler's Dream Table,27517
Fine-Milled Rice Flour,27516
Birth of Austera,27515
Peculiar Scope,27514
Unknown Artist's Painting,27513
Mysterious Painting,27512
Sandman Hammer,27511
Ingot Decor Pack,27510
Pantheon: Ezi,27509
Pantheon: Palos,27508
Pantheon: Harnoff,27507
City of Towers Library Guidebook,27505
Carp Fry Pack,27504
Carp Pack,27503
Gargantuan Carp Pack,27502
Bluefin Fry Pack,27501
Solution Scroll,27500
Artisan's Plushie Pack,27499
Artificer's Plushie Pack,27498
Winged Wisdom,27497
Apprentice's Plushie Pack,27496
Isidoro's Letter,27495
Sealed Song of Saffron,27494
Bottled Powder,27493
Adventurer's Refined Hereafter Stone,27492
npc cp_cloth031,27491
npc cp_cloth030,27490
Ancient Revenant,27489
npc c_496 5feet,27488
npc c_496 4hands,27487
npc c_493 2chest,27486
npc c_492 2chest,27485
npc c_493 1head,27484
Platinum Room Gateway Key,27483
Platinum Room Key,27482
Platinum Room Key Fragment,27481
Earth Room Gateway Key,27480
Earth Room Key,27479
Earth Room Key Fragment,27478
Typhoon Room Gateway Key,27477
Sea Room Gateway Key,27476
Desert Assassin Plate,27475
Typhoon Room Key Fragment,27474
Typhoon Room Key,27473
Sea Room Key,27472
Sea Room Key Fragment,27471
Divine Garden Plate Gear,27470
Divine Garden Leather Gear,27469
Divine Garden Cloth Gear,27468
Ocean Spiral Party Hat,27467
Rose Twist Party Hat,27466
Glitter 'n Gold Top Hat,27465
Smelting Furnace,27464
npc staff_2h_40_3,27463
npc staff_2h_30_1,27462
npc staff_1h_30_1,27461
npc blade_1h_31_2,27460
Bluefin Pack,27458
Gargantuan Bluefin Pack,27457
Kobold Miner Plushie,27456
Steamgoggle Daru Plushie,27455
Groundling Shaman Plushie,27454
Baby Narayana Plushie,27453
Rabbit-Yata Plushie,27452
Carefree Yata Plushie,27451
Black Yata Plushie,27450
Striped Yata Plushie,27449
Yata Plushie,27448
Dashing Snowlion Plushie,27447
Dapper Snowlion Plushie,27446
Coalmane Snowlion Plushie,27445
Snowmane Snowlion Plushie,27444
Sandmane Snowlion Plushie,27443
Little Red Riding Elk Plushie,27442
Bowtie Elk Plushie,27441
Pink Elk Plushie,27440
Purple Elk Plushie,27439
Green Elk Plushie,27438
Double-Bladed Saw,27437
Hanging Tanner's Satchel,27436
Gemcutter's Bench,27435
Sugarplum Fairy Music Box,27434
Sunstone Stove,27433
Culinary Queen's Secrets,27432
Potion Rack,27431
Polished Whetstone,27430
Harani Sewing Machine,27429
Decorative Gold Hoard,27428
Decorative Gold Stack,27427
Decorative Gold Ingot,27426
Decorative Silver Hoard,27425
Decorative Silver Stack,27424
Decorative Silver Ingot,27423
Decorative Copper Hoard,27422
Decorative Copper Stack,27421
Decorative Copper Ingot,27420
Knighthood Display,27419
Shatigon's Sandglass,27418
Leopardskin Rug,27417
Plumed Helm Stand,27416
Sewing Kit,27415
Experimental Crucible,27414
Harani Juju Fetish,27413
Shatigon's Toolbox,27412
곤의 공구 상자(보류),27411
Volcano Gateway Key,27410
Volcano Room Key,27409
Volcano Room Key Fragment,27408
Moon Room Key,27407
Moon Room Key Fragment,27406
Delphinad Transcendent Stone,27405
Prince's Guardian Gate Key,27404
Western Guardian Gate Key,27403
Eastern Guardian Gate Key,27402
Southern Guardian Gate Key,27401
Northern Guardian Gate Key,27400
Sun Room Key,27399
Sun Room Key Fragment,27398
Starfire Key Fragment,27397
Starfire Key,27396
Ancients' Token,27395
Gaffrion's Ring,27394
Ancients' Key,27393
Sunkissed Key Fragment,27392
npc spear_2h_phantom_boss,27391
Diamond Sparkle Top Hat,27390
Wooden Plate,27389
Wooden Pipe,27388
Pet Dual-Recovery Potion,27387
npc l_166 3legs,27386
npc l_166 2chest,27385
npc l_166 1head,27384
npc l_165 5feet,27383
npc l_165 4hands,27382
npc l_165 3legs,27381
npc l_165 2chest,27380
npc l_165 1head,27379
A Wish Come True,27378
npc c_166 5feet,27377
npc c_166 4hands,27376
npc c_166 3legs,27375
npc c_166 2chest,27374
npc c_166 1head,27373
Purified Ice-Salt Crystal,27372
Amarendra IV's Letter,27371
Mother-of-Pearl Bamboo Fishing Rod,27370
Treasure Rod,27369
Santiago's Fishing Rod,27368
Black Bamboo Fishing Rod,27367
Mechanical Spring,27366
Exquisite Diaphragm,27365
Hero of Austera,27364
npc bow_phantom,27363
npc staff_2h_phantom,27362
npc spear_2h_phantom,27361
공성 투석기 소환 주문서(테스트용:공성기간 아닌중에도 사용 가능한 버전),27360
공성 사다리차 소환 주문서(테스트용:공성기간 아닌중에도 사용 가능한 버전),27359
Siege Tower Shield,27358
Trebuchet Counterweight,27357
Fanfare Phonograph,27356
Multi-Instrument Phonograph,27355
Scratchy Phonograph,27354
Self-Winding Phonograph,27353
Riesig's Crystalline Spirit,27352
Waterlogged Lockbox,27351
도면: 공성 사다리차_폐기,27350
도면: 공성 투석기_폐기,27349
Condensed Memories,27348
Eternal Lute of Sacrifice,27345
Eternal Shield of Fortitude,27344
Eternal Bow of Courage,27343
Eternal Staff of Conviction,27342
Eternal Greataxe of Loyalty,27341
Eternal Sword of Honor,27340
Brilliant Lute of Sacrifice,27339
Brilliant Shield of Fortitude,27338
Brilliant Bow of Courage,27337
Brilliant Staff of Conviction,27336
Brilliant Greataxe of Loyalty,27335
Brilliant Sword of Honor,27334
npc blade_1h_phantom,27333
npc shield_phantom,27332
Viboros's Malice,27331
Godfrey's Fury,27330
Waterlogged Sack,27329
Wrapped Bamboo Fishing Rod,27328
Gilt Reel,27327
Sturdy Steel Reel,27326
Wooden Reel,27325
Reinforced Fishing Line,27324
Basic Fishing Line,27323
Crafted Fishing Hook,27322
Sharp Fishing Hook,27321
테스트 서버 전용 대나무 낚싯대 상자,27320
Yellow Lure,27319
Chopped Fish Bucket,27318
Chopped Pike,27317
Chopped Sardines,27316
Chopped Roosterfish,27315
Chopped Squid,27314
Chum,27313
Archeum Fishing Rod,27312
Gilt Fishing Rod,27311
Springy Steel Fishing Rod,27310
Steel Fishing Rod,27309
Bamboo Fishing Rod,27308
Split Skyshine Ore,27307
Tarus's Token,27306
Altah's Token,27305
Siralt's Token,27304
Tarnished Gold Comb,27303
Scroll: Siege Tower,27302
Rising Star Stone Pack,27301
Scroll: Trebuchet,27300
Grimghast Sabatons,27299
Grimghast Greaves,27298
Grimghast Tassets,27297
Grimghast Gauntlets,27296
Grimghast Vambraces,27295
Grimghast Cuirass,27294
Grimghast Helm,27293
npc l_147 5feet,27292
npc l_147 4hands,27291
npc l_147 3legs,27290
npc l_147 2chest,27289
npc l_147 1head,27288
Silverwolf Plate Design,27287
npc spear_2h_55_7,27286
npc spear_2h_55_6,27285
npc spear_2h_55_5,27284
npc spear_2h_55_4,27283
npc spear_2h_55_3,27282
npc spear_2h_55_3,27281
npc spear_2h_55_2,27280
npc spear_2h_55_1,27279
Paper,27278
Litter,27277
Ice-Salt Crystal,27276
Imperial Jade Wings,27275
el_f_hair026,27274
Returning Heir's Bundle,27273
ha_f_hair026,27272
The Art of Language,27271
nu_f_hair026,27270
Restored Map Holder,27268
Heir's Glider,27267
Scroll: Heir's Harpoon Clipper,27266
Heir's Horse,27264
Adventurer's Mighty Hulk Infusion,27263
npc c_503 1head,27261
npc c_502 1head,27260
Pigfish,27259
Skipjack Tuna,27258
Rainbow Trout,27257
Red Snapper,27256
Barracuda,27255
Salmon,27254
Cod,27253
Solzrean Mackerel,27252
Sea Bass,27251
Pollack,27250
Mullet,27249
Stingray,27248
Snapper,27247
Herring,27246
Piranha,27245
Archerfish,27244
Butterfish,27243
Moonfish,27242
Eel,27241
Snakehead,27240
Trout,27239
Dragonet,27238
Catfish,27237
Octopus,27236
Tilefish,27235
Mackerel,27234
Pufferfish,27233
Halibut,27232
Pike,27231
Smelt,27230
Char,27229
Snipefish,27228
Carp,27227
Loach,27226
Minnow,27225
Ricefish,27224
Sardine,27223
Flatfish,27222
Roosterfish,27221
Sandfish,27220
Squid,27219
Anchovy,27218
Shrimp,27217
Arcane Relic Trade Pack,27216
Old Treasure Chest Trade Pack,27215
Princess Ellen's Letter,27214
Flirtatious Flower,27213
Captive Twinhead Viper,27212
Captive Blackscale Corps Deceiver,27211
Captive Harrod the Gatekeeper,27210
Captive Tarian the Grim,27209
npc c_505 1head,27208
Captive Daruda the Watcher,27207
npc c_504 1head,27206
Captive Farkrag the Wanderer,27205
Captive Flamelord,27204
Captive Windlord,27203
The Once and Greatest Library,27202
npc m_165 5feet,27201
npc m_165 4hands,27200
npc m_165 3legs,27199
npc m_165 2chest,27198
npc m_165 1head,27197
npc spear_1h_55_9,27196
npc spear_1h_55_8,27195
npc spear_1h_55_7,27194
npc spear_1h_55_6,27193
npc spear_1h_55_5,27192
npc spear_1h_55_4,27191
npc spear_1h_55_3,27190
npc spear_1h_55_2,27189
npc spear_1h_55_1,27188
Musperosa's Voice,27187
npc 소환수 방어구 04 (신발),27186
npc 소환수 방어구 04 (안장),27185
npc 소환수 3번 외형(갑옷),27184
npc 소환수 방어구 04 (투구),27183
npc 소환수 2번 외형(신발),27182
npc 소환수 2번 외형(갑옷),27181
npc 소환수 2번 외형(안장),27180
npc 소환수 2번 외형(투구),27179
npc 소환수 방어구 02 (신발),27178
Old Treasure Chest Trade Pack,27177
npc 소환수 방어구 02 (갑옷),27176
npc 소환수 방어구 02 (안장),27175
npc 소환수 방어구 02 (투구),27174
npc mace_1h_55_9,27173
npc mace_1h_55_8,27172
npc mace_1h_55_7,27171
npc mace_1h_55_6,27170
npc mace_1h_55_5,27169
npc mace_1h_55_4,27168
npc mace_1h_55_3,27167
Mahadevi Clan Escort Token,27166
Like a Ton of Bricks Token,27165
Vivacious Flame Token,27164
npc mace_1h_55_2,27163
npc mace_1h_55_1,27162
Blissfully Matched Token,27161
Mirage Emberwild Charger,27160
npc mace_2h_55_7,27159
npc mace_2h_55_6,27158
npc mace_2h_55_5,27157
npc mace_2h_55_4,27156
npc mace_2h_55_3,27155
npc mace_2h_55_2,27154
붕붕이 소환 주문서(테스트),27153
npc mace_2h_55_1,27152
Mahadevi Clan Trade Pack,27151
Tamed Blackscale Corps Deceiver,27150
Tamed Twinhead Viper,27149
Black Snake Pit Key,27148
Heavy Trade Pack,27147
테스트 서버 전용 작살 쾌속정 소환 주문서,27145
Ice-Salt Crystal,27144
Ocean's Roar Drum,27143
Bait Worm,27142
Eye of Viboros,27141
Howling Ranch Key,27140
Wakes the Dead Token,27139
Faint Smile,27138
Carmila's Memory,27137
Skyshine Ore,27136
Scroll: Fish-Find Longliner,27135
Mirage Halcyona Whisper,27134
Pygmy Kraken Tentacle,27118
Viper Fang,27108
Sealed Trunk,27073
npc 컷씬_소환수용 bo,27070
npc 컷씬_소환수용 saddle,27069
npc 컷씬_소환수용 hm,27068
Mirage Equipment Voucher,27067
Mirage Weapon Pack,27066
Epherium Mirage Gale Nodachi,27065
Epherium Mirage Desert Sword,27064
Epherium Mirage Earth Shield,27063
Epherium Mirage Lightning Bow,27062
Epherium Mirage Lake Staff,27061
Epherium Mirage Wave Scepter,27060
Mirage Ishvaran Pride,27059
Mirage Ynystere Seraph,27058
Mirage Falcorth Flash,27057
Mirage Gweonid Serenity,27056
Magnificent Mirage Life Earring,27055
Magnificent Mirage Wave Earring,27054
Magnificent Mirage Flame Earring,27053
Magnificent Mirage Gale Earring,27052
Magnificent Mirage Earth Earring,27051
Magnificent Mirage Life Ring,27050
Magnificent Mirage Gale Ring,27049
Magnificent Mirage Wave Ring,27048
Magnificent Mirage Flame Ring,27047
Magnificent Mirage Earth Ring,27046
Magnificent Mirage Life Necklace,27045
Magnificent Mirage Flame Necklace,27044
Magnificent Mirage Wave Necklace,27043
Magnificent Mirage Gale Necklace,27042
Magnificent Mirage Earth Necklace,27041
Auroria Savage Sabatons,27040
Auroria Hellbent Sabatons,27039
Auroria Swordbane Sabatons,27038
Auroria Savage Greaves,27037
Auroria Hellbent Greaves,27036
Auroria Swordbane Greaves,27035
Auroria Savage Gauntlets,27034
Auroria Hellbent Gauntlets,27033
Auroria Swordbane Gauntlets,27032
Auroria Savage Vambraces,27031
Auroria Hellbent Vambraces,27030
Auroria Swordbane Vambraces,27029
Auroria Savage Tassets,27028
Auroria Hellbent Tassets,27027
Auroria Swordbane Tassets,27026
Auroria Savage Cuirass,27025
Auroria Hellbent Cuirass,27024
Auroria Swordbane Cuirass,27023
Auroria Savage Helm,27022
Auroria Hellbent Helm,27021
Auroria Swordbane Helm,27020
Auroria Beldame Boots,27019
Auroria Wildborn Boots,27018
Auroria Promise Boots,27017
Auroria Beldame Breeches,27016
Auroria Wildborn Breeches,27015
Auroria Promise Breeches,27014
Auroria Beldame Fists,27013
Auroria Wildborn Fists,27012
Auroria Promise Fists,27011
Auroria Beldame Guards,27010
Auroria Wildborn Guards,27009
Auroria Promise Guards,27008
Auroria Beldame Belt,27007
Auroria Wildborn Belt,27006
Auroria Promise Belt,27005
Auroria Beldame Jerkin,27004
Auroria Wildborn Jerkin,27003
Auroria Promise Jerkin,27002
Auroria Beldame Cap,27001
Auroria Wildborn Cap,27000
Auroria Promise Cap,26999
Auroria Soulbane Shoes,26998
Auroria Heartbound Shoes,26997
Auroria Mystic Shoes,26996
Auroria Soulbane Pants,26995
Auroria Heartbound Pants,26994
Auroria Mystic Pants,26993
Auroria Soulbane Gloves,26992
Auroria Heartbound Gloves,26991
Auroria Mystic Gloves,26990
Auroria Soulbane Sleeves,26989
Auroria Heartbound Sleeves,26988
Auroria Mystic Sleeves,26987
Auroria Soulbane Sash,26986
Auroria Heartbound Sash,26985
Auroria Mystic Sash,26984
Auroria Soulbane Shirt,26983
Auroria Heartbound Shirt,26982
Auroria Mystic Shirt,26981
Auroria Soulbane Hood,26980
Auroria Heartbound Hood,26979
Auroria Mystic Hood,26978
Snake Fang,26977
Handle with Care,26976
Wisdom Branch,26975
Ample Mana Appetizer Table,26971
Abundant Health Beverage Table,26970
Arcane Grace Feast Table,26969
Noble Blessings Feast Table,26968
npc bow_50_2,26967
npc bow_50_1,26966
npc shield_50_2,26965
npc shield_50_1,26964
Trieste Secret Weapon,26963
npc sword_1h_50_2,26962
npc sword_1h_50_1,26961
Fund Theft Receipt,26960
Fund Delivery Receipt,26959
npc axe_2h_50_2,26958
npc axe_2h_50_1,26957
Rumbling Archeum Tree Sapling,26956
Rumbling Archeum Tree Pack,26955
npc staff_2h_50_2,26954
npc staff_2h_50_1,26953
npc ins_s_50_2,26952
npc ins_s_50_1,26951
Trieste Campaign Funds,26950
Skyshine Ore,26949
Corrupt Paladin's Vambraces,26948
Corrupt Paladin's Tassets,26947
Compass Component,26946
High Inquisitor's Belt,26945
High Inquisitor's Guards,26944
Fallen Martyr's Sleeves,26943
Fallen Martyr's Sash,26942
Hungry Snake's Fang,26941
Reverse Thornscale Shield,26940
Childkiller's Viper Fang,26939
Monstrous Desire,26938
Sea Serpent's Malice,26937
Corrupt Paladin's Sabatons,26936
Corrupt Paladin's Gauntlets,26935
Corrupt Paladin's Greaves,26934
Corrupt Paladin's Cuirass,26933
Corrupt Paladin's Helm,26932
High Inquisitor's Boots,26931
High Inquisitor's Fists,26930
High Inquisitor's Breeches,26929
High Inquisitor's Jerkin,26928
High Inquisitor's Cap,26927
Fallen Martyr's Shoes,26926
Fallen Martyr's Gloves,26925
Fallen Martyr's Pants,26924
Fallen Martyr's Shirt,26923
Fallen Martyr's Hood,26922
Star Cake,26921
Phonograph Pack,26920
npc axe_1h_36_3,26919
npc axe_1h_36_3,26918
npc sword_1h_16_2,26917
Soothsayer Token,26915
Dawn's Shield Token,26914
Dawn's Spear Token,26913
npc c_131_1 2chest,26912
Greenman Pet,26911
Wisdom Tree Pet,26910
테스트 서버 전용 고전 전차 소환 주문서,26909
lord002_v102,26907
lord002_v101,26906
lord001_v102,26905
lord001_v101,26904
npc staff_2h_40_2,26903
npc blade_2h_dragon,26902
npc bow_dragon,26901
npc shield_dragon,26900
npc sword_1h_dragon,26899
Ingbard Hood,26895
Ulthow Helmet,26894
npc staff_2h_40_7,26893
npc axe_2h_46_5,26892
Rudal's Journey,26891
Rudal's Travel Book Tool,26890
npc staff_2h_25_4,26889
npc mace_2h_36_1,26888
npc bow_36_9,26887
npc sword_1h_36_4,26886
Iyor's Journey,26885
Iyor's Travel Book Tool,26884
Freedom Cloak,26883
Lionhearted Cloak,26882
Lord's Coin,26880
npc l_493 5feet,26879
npc l_493 4hands,26878
npc l_493 3legs,26877
npc l_493 2chest,26876
npc l_493 1head,26875
Scroll: Comet Speedster,26874
Scroll: Sunspeed Feralis,26873
Sideros's Memory Crystal,26872
Shock Conqueror Plate,26871
Crimson-Maned Lionheart,26870
Wishful Aerobat Token,26869
Seams Good Token,26868
Supreme Clothsinger Token,26867
lord_002,26866
lord_001,26865
el_f_hair025,26864
Harmonic Arpeggio Flute,26863
ha_f_hair025,26862
Harmonic Arpeggio Lute,26861
Wisdom Tree Sapling,26860
Perfect Life Lunafrost,26859
Perfect Wave Lunafrost,26858
Perfect Earth Lunafrost,26857
Perfect Gale Lunafrost,26856
Perfect Fire Lunafrost,26855
TEST 컷신 두다드 아이템,26854
Book of Auroria,26853
npc m_164 5feet,26847
npc m_164 4hands,26846
npc m_164 3legs,26845
npc m_164 2chest,26844
npc m_164 1head,26843
Okape's Necklace,26842
Harrod Taming Stone,26841
Tarian Taming Stone,26840
Daruda Taming Stone,26839
Epic Taming Net,26838
Legendary Taming Net,26837
Mythic Taming Net,26836
Archaic Coins Container,26835
nu_f_hair025,26834
Snowmane Snowlion Cub Pet,26833
el_m_hair024,26832
Coalmane Snowlion Cub Pet,26831
Sandmane Snowlion Cub Pet,26830
ha_m_hair024,26829
nu_m_hair024,26828
Handy New Tool,26827
Eznan Bomb Manual,26826
npc dagger_31_3,26825
npc staff_1h_21_2,26824
npc cp_cloth029,26823
npc cp_cloth028,26822
Small Bamboo Coop,26821
White Donkey Foal Pet,26820
Brown Donkey Foal Pet,26819
Black Donkey Foal Pet,26818
Gray Donkey Foal Pet,26817
Alabaster Lilyut Foal Pet,26816
Appaloosa Lilyut Foal Pet,26815
Dun Lilyut Foal Pet,26814
Gray Lilyut Foal Pet,26813
Brown Lilyut Foal Pet,26812
Black Lilyut Foal Pet,26811
Lilyut Foal Pet,26810
Whitetail Leomorph Cub Pet,26809
Blacktail Leomorph Cub Pet,26808
Browntail Leomorph Cub Pet,26807
Organic Chicken,26806
White Elk Calf Pet,26805
Violet Elk Calf Pet,26804
Green Elk Calf Pet,26803
Hearty Meal,26795
Pioneer's Token,26793
테스트서버 경험치 성장의 물약,26792
Handsome Nuia Tutoring Cushion,26791
Elegant Nuia Tutoring Cushion,26790
Handsome Haranya Tutoring Cushion,26789
이야기를 파는 집 광고 전단지_미사용,26787
Lord Colin's Bill,26786
Aged Stout,26785
Soft Cornbread,26784
Steamed Lobster,26783
Hot Roast Pig,26782
Underwater Breathing Device,26781
Underwater Breathing Device,26780
Challenger's Backpack,26772
Blue Pigment,26771
Yellow Pigment,26770
Red Pigment,26769
Cashmere Thread,26768
npc 영주 탈것 방어구 신발,26767
npc 영주 탈것 방어구 안장,26766
npc 영주 탈것 방어구 투구,26765
Blue Salt Brotherhood Flag,26764
npc c_063 3legs,26763
npc c_233 5feet,26762
npc c_218 5feet,26761
npc c_066 2chest,26760
npc c_065 2chest,26759
npc c_066 1head,26758
npc c_065 1head,26757
Apprentice Acrobat's Token,26756
npc m_501 5feet,26755
npc m_501 4hands,26754
npc m_501 3legs,26753
npc m_501 2chest,26752
npc m_501 1head,26751
npc m_500 5feet,26750
npc m_500 4hands,26749
npc m_500 3legs,26748
npc m_500 2chest,26747
npc m_500 1head,26746
Combined Feed,26744
Ambitious Cloak,26743
Striped Yata Calf Pet,26742
Palomino Yata Calf pet,26741
Black Yata Calf Pet,26740
Yata Calf Pet,26739
npc axe_2h_36_3,26738
npc spear_1h_31_5,26737
npc blade_1h_21_2,26736
Whyspron Pet Legguards,26735
Whyspron Pet Helm,26734
Whyspron Mount Saddle,26733
Field Cannon,26732
Net Trap,26731
Camping Tent,26730
Hardwood Fence,26729
High Performance Gunpowder,26728
Cleaned Map,26727
Cleaned Map,26726
Cleaned Map,26725
Cleaned Map,26724
Cleaned Map,26723
Blue Salt Brotherhood Trade Goods,26722
npc c_064 1head,26720
npc c_062 3legs,26719
npc c_061 3legs,26718
npc c_064 2chest,26717
npc c_063 2chest,26716
npc c_211 5feet,26715
npc c_210 5feet,26714
Eznan Bomb,26713
Bomb Defuser,26712
Lord Royster's Bomb,26711
Overdue Book Reminder,26710
Historian Acceptance Token,26709
Angela's Defense Wall,26708
Cleaned Map,26707
Cleaned Map,26706
Cleaned Map,26705
Muddy Map,26704
Magic Injection Verification,26703
Field Cannon,26702
Net Trap,26701
Camping Tent,26700
Ghost Hunter Harpoon,26699
Condensed Archeum,26698
Dalgru's Memo,26697
Antique Necklace,26696
Antique Ring,26695
Redish's Memo,26694
Alex's Memo,26693
Marum's Memo,26692
Alonso's Memo,26691
Urshur's Diary Page,26689
Bulgari's Progress Notes,26686
Hopeful New Year's Costume,26685
Lovely New Year's Costume,26684
Lucky New Year's Costume,26683
Fyre's Memo,26680
Axis Mundi Ring,26679
Heedmar Earring,26678
Nuimari Necklace,26677
Downy Yata Fur,26676
Axis Mundi Aegis,26675
Yata Fur,26674
Yata Meat,26673
Challenger's Quiver,26672
Blood-filled Glass,26671
Duke Ronbann's Letter,26667
The Once and Greatest Library,26666
The Once and Greatest Library,26665
The Once and Greatest Library,26664
The Once and Greatest Library,26663
Dalgru's Parchment,26661
달그루의 양피지 조각(미사용),26660
불그락의 양피지 조각(미사용),26659
Redish's Parchment,26658
Alex's Parchment,26657
알렉스의 양피지 조각(미사용),26656
Marum's Parchment,26654
Alonso's Parchment,26653
알론소의 양피지 조각(미사용),26652
Urshur's Parchment,26651
어서의 양피지 조각(미사용),26650
Bulgari's Parchment,26649
블가리의 양피지 조각 (미사용),26648
Blood-Stained Revenge,26647
Fyre's Parchment,26646
UBA Component,26645
Talking Frog,26639
Cashmere Yata Calf,26638
Singleton Giftpack,26637
Couples' Sweetheart Giftpack,26636
Sweetheart Giftpack,26635
Striped Yata Calf,26634
Palomino Yata Calf,26633
Black Yata Calf,26632
Striped Yata,26631
Palomino Yata,26630
Black Yata,26629
npc c_106 5feet,26628
npc c_106 4hands,26627
npc c_106 3legs,26626
npc c_109 2chest,26625
npc c_108 2chest,26624
npc m_108 1head,26623
npc c_104 1head,26622
npc c_105 5feet,26621
npc c_105 4hands,26620
npc c_105 3legs,26619
npc c_107 2chest,26618
npc c_106 2chest,26617
npc m_107 1head,26616
Bright Morning,26615
npc m_207 1head,26614
npc m_204 1head,26613
npc m_203 1head,26612
npc m_202 1head,26611
npc m_048 1head,26610
npc m_047 1head,26609
npc l_046 1head,26608
npc c_103 1head,26607
Fog-Scented Vase,26606
Dawn-Scented Vase,26605
Wind-Scented Vase,26604
Fog-Scented Vase,26603
Dawn-Scented Vase,26602
Wind-Scented Vase,26601
Wild Elk Calf,26600
Wild Foal,26599
Malfunctioning Leomorph Cub,26598
Wild Snowlion Cub,26597
npc c_507 3legs,26594
npc c_060 3legs,26593
Archaic Yeti's Horn,26592
Secret Whistle,26591
Secret Whistle,26590
Ladle,26589
el_m_hair023,26588
Dawn Mandragora Hammer,26587
Drowned Soul,26586
Black Wolf Knight's Dagger,26585
Mental Domination Orb Fragment,26584
Rudal's Travel Quire #8 Tool,26583
Rudal's Travel Quire #8 Tool,26582
Rudal's Travel Quire #7,26581
Rudal's Travel Quire #7 Tool,26580
Rudal's Travel Quire #6,26579
Rudal's Travel Quire #6 Tool,26578
Rudal's Travel Quire #5,26577
Rudal's Travel Quire #5 Tool,26576
Rudal's Travel Quire #4,26575
Rudal's Travel Quire #4 Tool,26574
Rudal's Travel Quire #3,26573
Rudal's Travel Quire #3 Tool,26572
Rudal's Travel Quire #2 Tool,26571
Rudal's Travel Quire #2,26570
Rudal's Travel Quire #1,26569
Rudal's Travel Quire #1 Tool,26568
Iyor's Travel Quire #8 Tool,26567
Iyor's Travel Quire #8,26566
Iyor's Travel Quire #7 Tool,26565
Iyor's Travel Quire #7,26564
Iyor's Travel Quire #6,26563
Iyor's Travel Quire #6 Tool,26562
Iyor's Travel Quire #5,26561
Iyor's Travel Quire #5 Tool,26560
Iyor's Travel Quire #4,26559
Iyor's Travel Quire #4 Tool,26558
npc dagger_16_3,26557
Iyor's Travel Quire #3,26556
Iyor's Travel Quire #3 Tool,26555
Sinister Void Leader Dagger,26554
Iyor's Travel Quire #2,26553
Iyor's Travel Quire #2 Tool,26552
npc axe_2h_21_1,26551
Farmer's Workstation,26550
npc axe_2h_16_1,26549
Eco-Friendly Fuel,26548
Iyor's Travel Quire #1 Tool,26547
Iyor's Travel Quire #1,26546
nu_m_hair022,26544
ha_f_hair014,26543
el_f_hair014,26542
el_f_hair024,26541
nu_f_hair024,26540
el_m_hair022,26539
ha_m_hair022,26538
Hellhound Leash,26537
Detection Dust,26536
Faulty Gunpowder,26535
fe_m_hair011,26534
Elite Pirate Hood,26533
Elite Pirate Hood,26528
Soulripper,26527
Detection Dust,26526
Blooddrinker Blossom,26525
Dancing Queen's Ruin,26524
Ruler's Greataxe,26523
Ruler's Staff,26522
Ruler's Shield,26521
Ruler's Longspear,26520
Ruler's Sword,26519
Ruler's Bow,26518
Dark Watcher's Dagger,26517
Fangbane,26516
Corrupted Wit,26515
Veiled Terror,26514
Abyssal Skull Splitter,26513
npc c_110 5feet,26512
npc c_110 4hands,26511
npc c_110 3legs,26510
npc c_110 2chest,26509
npc c_110 1head,26508
Condensed Scent,26505
Writ of Combat,26503
npc 도구 - 관리용 깃발 6,26502
npc 도구 - 관리용 깃발 5,26501
npc 도구 - 관리용 깃발 4,26500
npc 도구 - 관리용 깃발 3,26499
npc 도구 - 관리용 깃발 2,26498
fe_f_hair013,26497
Hasla Grilled Yams,26494
Perinoor Snack Pack,26493
Windscour Regenerating Cream,26492
Rookborne Pumpkin Juice,26491
Sanddeep Fragrant Wood,26490
Hellswamp Boiled Potatoes,26489
Halcyona Anesthetic,26488
Ynystere Dried Tomatoes,26487
Cinderstone Pickled Olives,26486
Silent Forest Aged Garlic,26485
Two Crowns Dried Seaweed,26484
Villanelle Candied Apples,26483
Marianople Orange Drink,26482
Solis Fried Jujube,26481
White Arden Steamed Pumpkin,26480
Mahadevi Cold Processed Fabric,26479
Dewstone Plains Onion Juice,26478
Tigerspine Tomato Juice,26477
Lilyut Special Spice,26476
Falcorth Dried Yams,26475
Arcum Iris Red Leather Pack,26474
Gweonid Bug Repellent Wood,26473
Solzreed Handicrafts Basket,26472
Thistle Seed Bundle,26471
Mushroom Spore Bundle,26470
Rosemary Seed Bundle,26469
Mint Seed Bundle,26468
Lavender Seed Bundle,26467
Iris Seed Bundle,26466
Cornflower Seed Bundle,26465
Lotus Seed Bundle,26464
Lily Seed Bundle,26463
Cotton Seed Bundle,26462
Rose Seed Bundle,26461
Narcissus Seed Bundle,26460
Azalea Seed Bundle,26459
Clover Seed Bundle,26458
Oat Seed Bundle,26457
Wheat Seed Bundle,26456
Corn Seed Bundle,26455
Millet Seed Bundle,26454
Rice Seed Bundle,26453
Barley Seed Bundle,26452
Garlic Seed Bundle,26451
Onion Seed Bundle,26450
Carrot Seed Bundle,26449
Gilt Wraith Statue,26448
Wraith Statue,26447
Gilt Gilbert Statue,26446
Gilbert Statue,26445
Gilt Anthalon Statue,26444
Anthalon Statue,26443
Gilt Hound of Kyrios Statue,26442
Hound of Kyrios Statue,26441
npc cp_cloth027,26440
Tamed Elk,26439
Tamed Horse,26438
Tamed Leomorph,26437
Tamed Snowlion,26436
Poplar Tree Sapling,26431
Traveler's Tree Sapling,26430
Queen Pavitra Biography,26429
Anti-Aircraft Turret,26428
Emberwild Charger,26427
Whack-a-Dragora Ticket,26426
Wooden Stake Barrier,26424
event_korean003,26423
event_korean002,26422
event_korean001,26421
Tribal Great Shield,26420
Tribal Axe,26419
Tribal Club,26418
Tribal Shield,26417
Tribal War Club,26416
el_m_hair020,26415
ha_m_hair020,26414
nu_m_hair020,26413
Scroll: Lonely Isle Dinghy,26412
Scroll: Winged Love Paddleboat,26411
ha_f_hair024,26410
nu_f_hair014,26408
Bird's Eye Telescope,26403
npc axe_1h_41_11,26402
npc axe_1h_41_10,26401
npc axe_1h_41_1,26400
Aidel's Frostpearl,26399
Steamtank Mine,26397
Burning Torch,26394
npc sword_1h_46_1,26393
Spider Repelling Torch,26391
Mandragora Stone Hammer,26390
npc staff_1h_16_3,26389
Captured Seafolk Thief,26388
Improvised Torch,26387
Sacred Torch,26386
npc 도구 - 관리용 깃발 1,26385
Glowing Crystal,26384
Antiquary Society Research Log,26383
npc staff_2h_60_1,26382
npc axe_2h_60_1,26381
Sweet Candy,26380
White Romance Table,26379
Cucumber Seed Bundle,26378
Potato Eye Bundle,26377
Humble New Year's Feast,26376
Sumptuous New Year's Feast,26375
Good Fortune Gift Bundle,26374
Ladle of Fortune,26373
npc axe_1h_36_1,26372
npc axe_1h_46_14,26371
npc axe_1h_46_13,26370
npc axe_1h_46_9,26369
npc axe_1h_46_12,26368
npc axe_1h_36_11,26367
npc axe_1h_36_13,26366
npc axe_1h_36_12,26365
npc axe_1h_36_8,26364
High Performance Dragon Firework,26363
el_f_hair023,26362
ha_f_hair023,26361
el_m_hair021,26360
ha_m_hair021,26359
nu_m_hair021,26358
Cow Manure,26357
npc axe_1h_46_15,26356
npc axe_1h_36_5,26355
nu_f_hair023,26354
npc axe_1h_36_7,26351
npc axe_1h_46_8,26350
npc axe_1h_46_20,26349
npc axe_1h_46_6,26348
npc axe_1h_46_21,26347
npc axe_1h_41_7,26346
npc axe_1h_36_7,26345
npc axe_1h_41_6,26344
npc axe_1h_36_6,26343
npc axe_1h_31_4,26342
npc axe_1h_26_4,26341
npc axe_1h_46_4,26340
npc axe_1h_21_7,26339
npc axe_1h_21_6,26338
npc axe_1h_16_3,26337
npc axe_1h_31_3,26326
npc axe_1h_31_2,26325
npc axe_1h_06_1,26318
npc axe_1h_01_1,26317
npc axe_1h_41_2,26316
npc axe_1h_26_6,26314
Lucky Bamboo Strainer,26313
Cleansing Water,26311
Oil-Covered Object,26309
Torn Note,26308
npc shield_60_1,26307
Ollo's Seventh Container Key,26306
Ollo's Sixth Container Key,26305
Ollo's Fifth Container Key,26304
Ollo's Forth Container Key,26303
npc spear_2h_60_1,26302
Ollo's Third Container Key,26301
Ollo's Second Container Key,26300
Ollo's First Container Key,26299
npc sword_1h_60_1,26298
Inoch's Faith,26297
npc bow_60_1,26296
War Drum,26295
Wind God's Third Blue Giftpack,26291
Wind God's Third Green Giftpack,26290
Wind God's Second Blue Giftpack,26289
Wind God's Second Green Giftpack,26288
Wind God's First Blue Giftpack,26287
Wind God's First Green Giftpack,26286
Machine Salvager,26285
npc c_105 2chest,26284
npc c_104 5feet,26283
npc c_104 4hands,26282
npc c_104 3legs,26281
npc c_104 2chest,26280
npc m_106 1head,26279
West Wind Pet Helm,26278
West Wind Pet Legguards,26277
West Wind Mount Saddle,26276
Lucius Quinto's Giftpack,26275
Breeze Pet Helm,26274
Breeze Pet Legguards,26273
Breeze Mount Saddle,26272
Blue Salt Brotherhood Giftpack 2,26271
Black Gravel Orders,26270
Black Gravels' Orders Container,26269
npc c_103 5feet,26268
npc c_103 4hands,26267
npc c_103 3legs,26266
npc c_103 2chest,26265
npc m_105 1head,26264
tool_달궈진 검 대장장이,26263
npc c_163 1head,26262
npc c_165 2chest,26261
npc m_160 5feet,26260
npc m_160 4hands,26259
npc m_160 3legs,26258
npc m_160 2chest,26257
npc m_160 1head,26256
npc m_158 5feet,26255
npc m_158 4hands,26254
npc m_158 3legs,26253
npc m_158 2chest,26252
npc m_158 1head,26251
npc m_157 5feet,26250
npc m_157 4hands,26249
npc m_157 3legs,26248
npc m_157 2chest,26247
npc m_157 1head,26246
npc m_156 5feet,26245
npc m_156 4hands,26244
npc m_156 3legs,26243
npc m_156 2chest,26242
npc m_156 1head,26241
npc c_160 5feet,26240
npc c_160 4hands,26239
npc c_160 3legs,26238
npc c_160 2chest,26237
npc c_160 1head,26236
npc c_159 5feet,26235
npc c_159 4hands,26234
npc c_159 3legs,26233
npc c_159 2chest,26232
npc c_159 1head,26231
npc l_160 5feet,26230
npc l_160 4hands,26229
npc l_160 3legs,26228
npc l_160 2chest,26227
npc l_160 1head,26226
npc l_159 5feet,26225
npc l_159 4hands,26224
npc l_159 3legs,26223
npc l_159 2chest,26222
npc l_159 1head,26221
npc l_158 5feet,26220
npc l_158 4hands,26219
npc l_158 3legs,26218
npc l_158 2chest,26217
npc l_158 1head,26216
npc l_157 5feet,26215
npc l_157 4hands,26214
npc l_157 3legs,26213
npc l_157 2chest,26212
npc l_157 1head,26211
npc l_156 5feet,26210
npc l_156 4hands,26209
npc l_156 3legs,26208
npc l_156 2chest,26207
npc l_156 1head,26206
npc dagger_31_6,26205
npc staff_1h_35_4,26204
npc l_164 3legs,26203
npc l_164 2chest,26202
npc m_163 5feet,26201
npc m_163 4hands,26200
npc m_163 3legs,26199
npc m_163 2chest,26198
npc m_163 1head,26197
npc m_162 5feet,26196
npc m_162 4hands,26195
npc m_162 3legs,26194
npc m_162 2chest,26193
npc m_162 1head,26192
npc l_163 5feet,26191
npc l_163 4hands,26190
npc l_163 3legs,26189
npc l_163 2chest,26188
npc l_163 1head,26187
npc m_159 5feet,26186
npc m_159 4hands,26185
npc m_159 3legs,26184
npc m_159 2chest,26183
npc m_159 1head,26182
npc c_158 5feet,26181
npc c_158 4hands,26180
npc c_158 3legs,26179
npc c_158 2chest,26178
npc c_158 1head,26177
npc c_157 5feet,26176
npc c_157 4hands,26175
npc c_157 3legs,26174
npc c_157 2chest,26173
npc c_157 1head,26172
npc c_156 5feet,26171
npc c_156 4hands,26170
npc c_156 3legs,26169
npc c_156 2chest,26168
npc c_156 1head,26167
Morpheus's Cap,26166
Morpheus's Cannon Shard,26165
Elite Pirate Hood,26164
Pirate Hood,26163
Pointed Tooth,26162
tool_검은병,26161
D몬스터 - 놀 지팡이,26160
npc axe_1h_31_8,26159
npc axe_1h_26_5,26158
npc blade_1h_36_1,26157
npc blade_1h_16_3,26156
npc dagger_41_1,26155
npc sword_1h_36_7,26154
npc bow_36_4,26153
npc c_163 3legs,26152
npc c_164 2chest,26151
npc c_163 2chest,26150
npc spear_1h_26_3,26149
Bright Futures Cuirass,26148
Buried Legends Jerkin,26147
Wandering Scholar's Shirt,26146
Dragonroar Longspear,26145
npc spear_2h_36_4,26144
Dragonroar Greatclub,26143
Dragonroar Greataxe,26142
Dragonroar Nodachi,26141
Dragonroar Greatsword,26140
Bright Futures Helm,26139
npc staff_2h_25_1,26138
npc staff_1h_25_2,26137
Buried Legends Cap,26136
Wandering Scholar's Hood,26135
Ashkaltum Pipe,26134
Ashkaltum Lute,26133
Redscale Wyrmkin Bow,26132
Bright Futures Sabatons,26131
Buried Legends Boots,26130
Wandering Scholar's Shoes,26129
Bright Futures Gauntlets,26128
Buried Legends Fists,26127
Wandering Scholar's Gloves,26126
Bright Futures Greaves,26125
Buried Legends Breeches,26124
Wandering Scholar's Pants,26123
Chinno's Shield,26122
White Tiger Staff,26121
White Tiger Scepter,26120
Julo's Katana,26119
Julo's Sword,26118
Julo's Dagger,26117
Bright Futures Tassets,26116
Buried Legends Belt,26115
Wandering Scholar's Sash,26114
Captured Snowlion,26113
Bright Futures Vambraces,26112
Buried Legends Guards,26111
Wandering Scholar's Sleeves,26110
npc staff_2h_44_1,26109
Treatise on Elves,26108
Bounty Hunter Cloak,26107
Grell's Journal,26106
Gold Crown Herb,26105
npc blade_2h_31_5,26104
npc blade_1h_26_1,26103
npc bow_46_12,26102
npc bow_46_11,26101
npc ins_s_26_2,26100
Hasla Duck Down,26097
Hasla Treated Bamboo,26096
Leech Sword,26095
Water Spirit,26094
Shaman's Talisman,26093
npc staff_2h_35_3,26092
npc c_059 1head,26091
npc c_058 1head,26090
npc c_057 1head,26089
npc staff_2h_35_2,26087
Letter to Baisa,26086
Buffalo Stamina Potion,26084
npc l_495 5feet,26083
npc l_495 4hands,26082
npc l_495 3legs,26081
npc l_495 2chest,26080
npc l_495 1head,26079
npc l_494 5feet,26078
npc l_494 4hands,26077
npc l_494 3legs,26076
npc l_494 2chest,26075
npc l_494 1head,26074
Amed's Mechanical Hammer,26073
Obscure Machine Part,26072
Skyfin Beard,26071
npc bow_36_10,26070
npc l_214 5feet,26069
npc l_213 5feet,26068
npc c_494 2chest,26067
npc c_494 1head,26066
Faded Lute of Sacrifice,26065
Faded Shield of Fortitude,26064
Faded Bow of Courage,26063
Faded Staff of Conviction,26062
Faded Greataxe of Loyalty,26061
Faded Sword of Honor,26060
Arctic Earthstone,26059
Faded Sacrifice Token,26058
Faded Fortitude Token,26057
Faded Conviction Token,26056
Faded Courage Token,26055
Faded Loyalty Token,26054
Faded Honor Token,26053
Zebra,26052
npc staff_1h_06_1,26050
tool_페례경비병창_에그치,26049
npc c_063 1head,26048
npc c_062 1head,26047
npc c_061 1head,26046
npc m_046 1head,26045
Dragon's Eye,26044
Dragontear Essence,26043
Ribs,26042
Hardened Heart,26041
Searing Dragon Heart,26040
npc dagger_31_2,26039
npc sword_1h_46_3,26038
npc dagger_46_2,26037
NPC bow_21_3,26036
npc bow_31_5,26035
npc dagger_36_2,26034
npc 도구 - 누이 신관 향로,26033
Goblin Glider,26032
tool_명예수집가도끼,26029
Sunhat Doll,26028
Bounty Hunter's Cap,26027
Arrest Warrant,26024
Engraved Lodestone,26023
Rujin's Bronze Sword,26022
Nabu's Third Family Heirloom,26021
Nabu's Second Family Heirloom,26020
Nabu's Family Heirloom,26019
Machine Part,26018
Cage Keys,26017
Cage Keys,26016
npc mace_1h_46_16,26015
npc l_215 1head,26014
Crest Brainstorm 5-Pack,26013
tool_양날도끼,26012
East Ishvara History #13,26010
East Ishvara History #9,26009
East Ishvara History #7,26008
East Ishvara History #4,26007
Flintstone,26006
Elegant Haranya Tutoring Cushion,26005
Crane Feather,26004
High Priest's Ledger,26003
tool_나무 지팡이,26002
tool_음식담긴 접시,26001
tool_한손빵,26000
tool_나무컵,25999
tool_녹색 병,25998
tool_검은 병,25997
tool_파란 병,25996
tool_빨간 병,25995
Blue Salt Brotherhood Giftpack,25994
Ritual Box,25993
npc l_162 5feet,25992
npc l_162 4hands,25991
npc l_162 3legs,25990
npc l_162 2chest,25989
npc l_162 1head,25988
npc shield_36_4,25987
npc shield_46_4,25986
npc mace_1h_41_10,25985
npc staff_2h_40_2,25984
npc sword_2h_36_3,25983
npc staff_2h_35_4,25982
Food Pack,25981
npc m_161 5feet,25980
npc m_161 4hands,25979
npc m_161 3legs,25978
npc m_161 2chest,25977
npc m_161 1head,25976
Judge's Box,25974
Arcadian Sea Guardian,25973
Arcadian Sea Sovereign,25972
Arcadian Sea Pillager,25971
Sabrefang Cub Pet,25970
Wolfhound Pup Pet,25969
Loyalty Labor Pack,25968
Judge's Gavel,25967
Judge's Shoes,25966
Judge's Gloves,25965
Judge's Pants,25964
Judge's Shirt,25963
Judge's Hat,25962
npc blade_2h_26_6,25961
Auroria Mineral Water Ticket,25960
npc staff_2h_35_3,25958
npc staff_1h_46_1(2h로변경),25957
로그인_staff_2h_46_1,25955
로그인_staff_2h_36_1,25953
npc staff_2h_46_2,25952
npc staff_2h_21_2,25949
npc staff_2h_21_1,25948
npc staff_2h_16_1,25947
npc mace_2h_46_3,25933
npc mace_2h_26_2,25932
npc mace_1h_41_10,25930
npc dagger_36_5,25918
npc_dagger_41_9,25906
Disguise Mask,25903
Tool_향로,25901
Pure Founder's Giftpack,25900
Loving Founder's Giftpack,25899
Corrupt Founder's Giftpack,25898
Founder's Giftpack,25897
Unknown Book Excerpt,25896
Committed Giftpack,25895
Adventurer's Giftpack,25894
npc blade_2h_41_6,25891
npc blade_2h_36_7,25890
npc blade_1h_26_7,25887
npc blade_1h_41_7,25885
npc c_162 5feet,25884
npc c_162 4hands,25883
npc c_162 3legs,25882
npc c_162 2chest,25881
npc c_162 1head,25880
npc c_161 1head,25879
npc axe_1h_36_10,25878
npc axe_1h_21_4,25874
npc axe_1h_26_7,25869
npc axe_1h_36_2,25868
npc axe_1h_31_6,25867
Kyrios's Helm Fragment,25865
npc c_495 5feet,25864
npc c_495 3legs,25863
npc c_495 2chest,25862
npc c_495 1head,25861
npc c_161 5feet,25860
npc c_161 4hands,25859
npc c_161 3legs,25858
npc c_161 2chest,25857
npc l_161 5feet,25856
npc l_161 4hands,25855
npc l_161 3legs,25854
npc l_161 2chest,25853
npc l_161 1head,25852
Glacial Water,25851
Pale Razorbeak Egg,25850
"Unknown Book, Pg. 53",25849
"Unknown Book, Pg. 52",25848
"Unknown Book, Pg. 17",25847
"Unknown Book, Pg. 16",25846
ins_s_36_2,25845
D몬스터 - 울구 칼레일 한손지팡이,25844
D몬스터 - 울구 고드프리 한손검,25843
D몬스터 울구 고드프리 방패,25842
npc mace_1h_41_8,25841
npc dagger_31_5,25840
npc staff_1h_35_2,25839
npc staff_2h_25_2,25838
울구 기사 방패,25837
npc spear_2h_26_4,25836
npc sword_1h_26_3,25835
npc c_122 2chest,25834
"Other
Lv. 1",25833
npc spear_2h_31_3,25832
npc sword_1h_46_5,25831
npc spear_1h_36_1,25830
npc bow_26_8,25829
npc blade_1h_41_6,25828
npc blade_1h_31_11,25827
tool_고급류트,25826
nu_f_hair015,25824
희귀_메타모제_파쇄의 손아귀,25823
희귀_칼레일_사악한 고대의 의지,25822
희귀_윈터스_불탄 성의 집행자,25821
희귀_벨라르_푸른 피의 매듭지팡이,25820
희귀_아크미트_타오르지 않는 불꽃,25819
희귀_오카페_고요히 몰아치는 바람,25818
Heavy Trade Pack,25817
Gene's Dignity Coin,25816
Tahyang's Roar Coin,25815
Eanna's Gift Coin,25814
Kyprosa's Light Coin,25813
npc spear_2h_46_9,25812
npc spear_2h_46_8,25811
npc spear_2h_46_7,25810
npc shiled_51_1 (석궁),25809
npc sword_2h_26_5,25808
Black Snake Pit Key,25807
npc c_498 3legs,25806
nu_f_hair003,25805
Eye of Viboros,25804
Tool_지팡이,25802
11957 의원 말라다스 전용,25801
Starlight Archeum Motes,25800
Moonlight Archeum Motes,25799
Sunlight Archeum Motes,25798
npc c_498 5feet,25797
npc c_498 4hands,25796
npc c_498 2chest,25795
npc c_498 1head,25794
npc l_500 5feet,25793
npc l_500 4hands,25792
npc 아동 011 2chest,25791
npc c_060 1head,25790
npc c_497 5feet,25789
npc c_497 4hands,25788
npc c_497 2chest,25787
npc c_497 1head,25786
npc c_123 2chest,25782
Jungle Ginseng,25781
"Other
Lv. 1",25780
Spiked White Fence,25778
npc m_146 5feet,25777
npc m_146 4hands,25776
npc m_146 3legs,25775
npc m_146 2chest,25774
npc m_146 1head,25773
npc m_145 5feet,25772
npc m_145 4hands,25771
npc m_145 3lges,25770
npc m_145 2chest,25769
npc m_145 1head,25768
npc m_144 5feet,25767
npc m_144 4hands,25766
npc m_144 3legs,25765
npc m_144 2chest,25764
npc m_144 1head,25763
npc m_143 5feet,25762
npc m_143 4hands,25761
npc m_143 3legs,25760
npc m_143 2chest,25759
npc m_143 1head,25758
npc m_142 5feet,25757
npc m_142 4hands,25756
npc m_142 3legs,25755
npc m_142 2chest,25754
npc m_142 1head,25753
Stamped Divorce Papers,25752
npc c_220 5feet,25751
npc c_059 3legs,25750
npc c_219 2chest,25749
npc c_219 5feet,25748
npc c_058 3legs,25747
npc c_218 2chest,25746
npc c_213 5feet,25745
npc c_132 3legs,25744
npc c_132 2chest,25743
npc c_132 1head,25742
npc c_046 1head,25741
tool_피리,25740
Scroll: Lutesong Junk,25739
Araham's Stamp,25737
tool_부채d,25735
tool_부채c,25734
tool_부채b,25733
tool_램프,25732
npc c_510 5feet,25731
npc c_510 3legs,25730
npc c_510 2chest,25729
npc c_056 1head,25728
npc m_148 5feet,25727
npc m_148 4hands,25726
npc l_148 3legs,25725
npc l_148 2chest,25724
npc l_148 1head,25723
npc c_148 5feet,25721
npc c_148 4hands,25720
npc c_148 3legs,25719
npc c_148 2chest,25718
npc c_148 1head,25717
npc c_147 5feet,25716
npc c_147 4hands,25715
npc c_147 3legs,25714
npc c_147 2chest,25713
npc c_147 1head,25712
npc c_144 5feet,25711
npc c_144 4hands,25710
npc c_144 3legs,25709
npc c_144 2chest,25708
npc c_144 1head,25707
npc c_143 5feet,25706
npc c_143 4hands,25705
npc c_143 3legs,25704
npc c_143 2chest,25703
npc c_143 1head,25702
npc c_212 5feet,25701
npc c_131 3legs,25700
npc c_131 2chest,25699
npc c_131 1head,25698
Belethe's Last Record,25697
Stone Post,25696
Spiked Iron Fence,25695
Farm Fence,25694
Log Fence,25693
Harani Streetlight,25692
Tripod Sconce,25691
Bent Sconce,25690
Square Paper Lighting Frame,25689
Round Shade Lamp,25688
Kerosene Lamp,25687
Lotus Lantern Pillar,25686
White Lotus Lantern,25685
Red Lotus Lantern,25684
Trieste Secret Weapon,25683
"Other
Lv. 1",25682
"Other
Lv. 1",25681
"Other
Lv. 1",25680
npc mace_1h_46_13,25679
npc mace_1h_46_12,25678
npc mace_1h_46_11,25677
npc mace_1h_46_10,25676
Stone Lion's Eye,25675
npc spear_1h_46_17,25674
npc spear_1h_46_16,25673
npc spear_1h_46_15,25672
npc spear_1h_46_14,25671
npc spear_1h_46_19,25670
npc spear_1h_46_18,25669
npc spear_1h_46_13,25668
npc spear_1h_46_12,25667
npc spear_1h_46_11,25666
npc spear_1h_46_10,25665
npc spear_1h_26_7,25664
npc spear_1h_36_11,25663
npc spear_1h_36_10,25662
npc c_135 1head,25661
Sprigg's Seven-Split Arrow,25660
npc c_215 5feet,25659
npc c_134 3legs,25658
npc c_134 2chest,25657
npc c_134 1head,25656
"Iyor's Travel Journal, Entry #80",25655
"Iyor's Travel Journal, Entry #79",25654
"Iyor's Travel Journal, Entry #78",25653
"Iyor's Travel Journal, Entry #77",25652
"Iyor's Travel Journal, Entry #76",25651
"Iyor's Travel Journal, Entry #75",25650
"Iyor's Travel Journal, Entry #74",25649
"Iyor's Travel Journal, Entry #73",25648
"Iyor's Travel Journal, Entry #72",25647
"Iyor's Travel Journal, Entry #71",25646
"Iyor's Travel Journal, Entry #70",25645
"Iyor's Travel Journal, Entry #69",25644
"Iyor's Travel Journal, Entry #68",25643
"Iyor's Travel Journal, Entry #67",25642
"Iyor's Travel Journal, Entry #66",25641
"Iyor's Travel Journal, Entry #65",25640
"Iyor's Travel Journal, Entry #64",25639
"Iyor's Travel Journal, Entry #63",25638
"Iyor's Travel Journal, Entry #62",25637
"Iyor's Travel Journal, Entry #61",25636
"Iyor's Travel Journal, Entry #60",25635
"Iyor's Travel Journal, Entry #59",25634
"Iyor's Travel Journal, Entry #58",25633
"Iyor's Travel Journal, Entry #57",25632
"Iyor's Travel Journal, Entry #56",25631
"Iyor's Travel Journal, Entry #55",25630
"Iyor's Travel Journal, Entry #54",25629
"Iyor's Travel Journal, Entry #53",25628
"Iyor's Travel Journal, Entry #52",25627
"Iyor's Travel Journal, Entry #51",25626
"Iyor's Travel Journal, Entry #50",25625
"Iyor's Travel Journal, Entry #49",25624
"Iyor's Travel Journal, Entry #48",25623
"Iyor's Travel Journal, Entry #47",25622
"Iyor's Travel Journal, Entry #46",25621
"Iyor's Travel Journal, Entry #45",25620
"Iyor's Travel Journal, Entry #44",25619
"Iyor's Travel Journal, Entry #43",25618
"Iyor's Travel Journal, Entry #42",25617
"Iyor's Travel Journal, Entry #41",25616
"Iyor's Travel Journal, Entry #40",25615
"Iyor's Travel Journal, Entry #39",25614
"Iyor's Travel Journal, Entry #38",25613
"Iyor's Travel Journal, Entry #37",25612
"Iyor's Travel Journal, Entry #36",25611
"Iyor's Travel Journal, Entry #35",25610
"Iyor's Travel Journal, Entry #34",25609
Sovereign's Gilt Table,25608
Monarch's Nuncheon Table,25607
Sovereign's Gilt Rose Sofa,25606
"Iyor's Travel Journal, Entry #33",25605
Sovereign's Gilt Snow Sofa,25604
Spacious Hardwood Chair,25603
Sovereign's Gilt Hardwood Bed,25601
Monarch's Spacious Bed,25599
"Iyor's Travel Journal, Entry #32",25598
"Iyor's Travel Journal, Entry #31",25597
"Iyor's Travel Journal, Entry #30",25596
"Iyor's Travel Journal, Entry #29",25595
"Iyor's Travel Journal, Entry #28",25594
"Iyor's Travel Journal, Entry #27",25593
"Iyor's Travel Journal, Entry #26",25592
"Iyor's Travel Journal, Entry #25",25591
"Iyor's Travel Journal, Entry #24",25590
"Iyor's Travel Journal, Entry #23",25589
"Iyor's Travel Journal, Entry #22",25588
"Iyor's Travel Journal, Entry #21",25587
"Iyor's Travel Journal, Entry #20",25586
"Iyor's Travel Journal, Entry #19",25585
"Iyor's Travel Journal, Entry #18",25584
"Iyor's Travel Journal, Entry #17",25583
"Iyor's Travel Journal, Entry #16",25582
"Iyor's Travel Journal, Entry #15",25581
"Iyor's Travel Journal, Entry #14",25580
"Iyor's Travel Journal, Entry #13",25579
"Iyor's Travel Journal, Entry #12",25578
"Iyor's Travel Journal, Entry #11",25577
"Iyor's Travel Journal, Entry #10",25576
"Iyor's Travel Journal, Entry #09",25575
"Iyor's Travel Journal, Entry #08",25574
"Iyor's Travel Journal, Entry #07",25573
"Iyor's Travel Journal, Entry #06",25572
"Iyor's Travel Journal, Entry #05",25571
"Iyor's Travel Journal, Entry #04",25570
"Iyor's Travel Journal, Entry #03",25569
"Iyor's Travel Journal, Entry #02",25568
"Iyor's Travel Journal, Entry #01",25567
npc mace_1h_41_11,25566
npc blade_2h_36_10,25565
npc blade_2h_36_9,25564
npc blade_2h_36_8,25563
npc blade_2h_31_8,25562
npc blade_2h_31_7,25561
npc blade_1h_31_11,25560
npc blade_1h_31_10,25559
npc blade_1h_31_9,25558
npc l_140 5feet,25557
npc l_140 4hands,25556
npc l_140 3legs,25555
npc l_140 2chest,25554
npc l_140 1head,25553
npc l_139 5feet,25552
npc l_139 4hands,25551
npc l_139 3legs,25550
npc sword_1h_46_13,25549
npc sword_1h_46_12,25548
npc sword_1h_46_11,25547
npc l_139 1head,25546
Tuniva's Shy Letter,25545
Tuniva's Simple Letter,25544
Gruban's Shy Letter,25543
Gruban's Simple Letter,25542
Laine's Shy Letter,25541
Laine's Simple Letter,25540
Makella's Shy Letter,25539
Makella's Simple Letter,25538
Nuian Streetlight,25536
Blessed One's Silver Ring,25535
Blessed One's Bronze Ring,25534
Blessed One's Gold Necklace,25533
Blessed One's Silver Necklace,25532
Blessed One's Bronze Necklace,25531
Blessed One's Silver Earring,25530
Blessed One's Bronze Earring,25529
"Rudal's Travel Journal, Entry #86",25528
"Rudal's Travel Journal, Entry #85",25527
"Rudal's Travel Journal, Entry #84",25526
"Rudal's Travel Journal, Entry #83",25525
"Rudal's Travel Journal, Entry #82",25524
"Rudal's Travel Journal, Entry #81",25523
"Rudal's Travel Journal, Entry #80",25522
"Rudal's Travel Journal, Entry #79",25521
"Rudal's Travel Journal, Entry #78",25520
"Rudal's Travel Journal, Entry #77",25519
"Rudal's Travel Journal, Entry #76",25518
"Rudal's Travel Journal, Entry #75",25517
"Rudal's Travel Journal, Entry #74",25516
"Rudal's Travel Journal, Entry #73",25515
"Rudal's Travel Journal, Entry #72",25514
"Rudal's Travel Journal, Entry #71",25513
"Rudal's Travel Journal, Entry #70",25512
"Rudal's Travel Journal, Entry #69",25511
"Rudal's Travel Journal, Entry #68",25510
"Rudal's Travel Journal, Entry #67",25509
"Rudal's Travel Journal, Entry #66",25508
"Rudal's Travel Journal, Entry #65",25507
"Rudal's Travel Journal, Entry #64",25506
"Rudal's Travel Journal, Entry #63",25505
"Rudal's Travel Journal, Entry #62",25504
"Rudal's Travel Journal, Entry #61",25503
"Rudal's Travel Journal, Entry #60",25502
"Rudal's Travel Journal, Entry #59",25501
"Rudal's Travel Journal, Entry #58",25500
"Rudal's Travel Journal, Entry #57",25499
"Rudal's Travel Journal, Entry #56",25498
"Rudal's Travel Journal, Entry #55",25497
"Rudal's Travel Journal, Entry #54",25496
"Rudal's Travel Journal, Entry #53",25495
"Rudal's Travel Journal, Entry #52",25494
"Rudal's Travel Journal, Entry #51",25493
"Rudal's Travel Journal, Entry #50",25492
"Rudal's Travel Journal, Entry #49",25491
"Rudal's Travel Journal, Entry #48",25490
"Rudal's Travel Journal, Entry #47",25489
"Rudal's Travel Journal, Entry #46",25488
"Rudal's Travel Journal, Entry #45",25487
"Rudal's Travel Journal, Entry #44",25486
"Rudal's Travel Journal, Entry #43",25485
"Rudal's Travel Journal, Entry #42",25484
"Rudal's Travel Journal, Entry #41",25483
"Rudal's Travel Journal, Entry #40",25482
"Rudal's Travel Journal, Entry #39",25481
"Rudal's Travel Journal, Entry #38",25480
"Rudal's Travel Journal, Entry #37",25479
"Rudal's Travel Journal, Entry #36",25478
"Rudal's Travel Journal, Entry #35",25477
"Rudal's Travel Journal, Entry #34",25476
"Rudal's Travel Journal, Entry #33",25475
"Rudal's Travel Journal, Entry #32",25474
nu_f_hair022,25473
"Rudal's Travel Journal, Entry #31",25472
"Rudal's Travel Journal, Entry #30",25471
"Rudal's Travel Journal, Entry #29",25470
"Rudal's Travel Journal, Entry #28",25469
"Rudal's Travel Journal, Entry #27",25468
"Rudal's Travel Journal, Entry #26",25467
"Rudal's Travel Journal, Entry #25",25466
"Rudal's Travel Journal, Entry #24",25465
"Rudal's Travel Journal, Entry #23",25464
"Rudal's Travel Journal, Entry #22",25463
"Rudal's Travel Journal, Entry #21",25462
"Rudal's Travel Journal, Entry #20",25461
"Rudal's Travel Journal, Entry #19",25460
"Rudal's Travel Journal, Entry #18",25459
"Rudal's Travel Journal, Entry #17",25458
"Rudal's Travel Journal, Entry #16",25457
"Rudal's Travel Journal, Entry #15",25456
"Rudal's Travel Journal, Entry #14",25455
"Rudal's Travel Journal, Entry #13",25454
"Rudal's Travel Journal, Entry #12",25453
"Rudal's Travel Journal, Entry #11",25452
"Rudal's Travel Journal, Entry #10",25451
"Rudal's Travel Journal, Entry #09",25450
"Rudal's Travel Journal, Entry #08",25449
"Rudal's Travel Journal, Entry #07",25448
"Rudal's Travel Journal, Entry #06",25447
"Rudal's Travel Journal, Entry #05",25446
"Rudal's Travel Journal, Entry #04",25445
"Rudal's Travel Journal, Entry #03",25444
"Rudal's Travel Journal, Entry #02",25443
"Rudal's Travel Journal, Entry #01",25442
Restful Cushion,25441
Down Pillow,25440
Grand Cushion,25439
Petite Cushion,25438
Marssen's Affidavit,25437
Merchant's Table,25436
Monarch's Table,25435
Long Insignia,25434
Sovereign's Lavish Gilt Bed,25433
Heavy Sconce,25432
npc spear_1h_06_1,25431
npc l_146 5feet,25430
npc l_146 4hands,25429
npc l_146 3legs,25428
npc l_146 2chest,25427
npc l_146 1head,25426
npc axe_2h_41_7,25425
npc axe_2h_41_6,25424
npc l_145 5feet,25423
npc axe_2h_41_5,25422
npc l_145 4hands,25421
npc axe_2h_41_4,25420
npc l_145 3legs,25419
npc l_145 2chest,25418
npc l_145 1head,25417
npc l_144 5feet,25416
npc l_144 4hands,25415
npc l_144 3legs,25414
npc l_144 2chest,25413
npc l_144 1head,25412
npc l_143 5feet,25411
npc l_143 4hands,25410
npc axe_2h_16_2,25409
npc l_143 3legs,25408
npc l_143 2chest,25407
npc l_143 1head,25406
npc l_142 5feet,25405
npc axe_2h_11_6,25404
npc l_142 4hands,25403
npc axe_2h_11_5,25402
npc l_142 3legs,25401
npc axe_2h_11_4,25400
npc l_142 2chest,25399
npc l_142 1head,25398
npc axe_2h_11_3,25397
Bright Violet Moon,25396
npc m_155 5feet,25395
npc m_155 4hands,25394
npc m_155 3legs,25393
npc m_155 2chest,25392
npc m_155 1head,25391
el_m_hair001,25390
npc m_154 5feet,25389
npc m_154 4hands,25388
npc m_154 3legs,25387
npc m_154 2chest,25386
npc m_154 1head,25385
npc m_153 5feet,25384
npc m_153 4hands,25383
npc m_153 3legs,25382
npc m_153 2chest,25381
npc m_153 1head,25380
npc m_152 5feet,25379
npc m_152 4hands,25378
npc m_152 3legs,25377
npc m_152 2chest,25376
npc m_152 1head,25375
npc m_151 5feet,25374
npc m_151 4hands,25373
nu_f_hair016,25372
nu_f_hair018,25371
nu_f_hair019,25370
nu_f_hair020,25369
nu_f_hair021,25368
npc m_151 3legs,25367
ha_f_hair022,25366
npc m_151 2chest,25365
npc m_151 1head,25364
el_f_hair021,25363
el_f_hair022,25362
el_m_hair002,25361
el_m_hair016,25360
el_m_hair017,25359
el_m_hair018,25358
el_m_hair019,25357
ha_m_hair019,25356
nu_m_hair019,25355
Winner's Token,25354
npc c_155 3legs,25353
npc c_154 3legs,25352
npc c_153 3legs,25351
npc c_152 3legs,25350
npc c_151 3legs,25349
Anno's Sextant 2,25348
npc axe_2h_11_2,25347
Sharp Dagger,25345
npc mace_1h_31_7,25344
Traveler's Bag,25332
npc l_055_1 3legs,25331
npc bow_46_8,25330
Lapis Fae Wing,25329
Crimson Fae Wing,25328
Fisherman's Water Bucket,25327
Pirate Guild's Novice Spellbook,25326
npc l_141 5feet,25324
npc l_141 4hands,25323
npc l_141 3legs,25322
npc l_141 2chest,25321
npc l_141 1head,25320
D몬스터 - 파괴의 원호대장,25319
npc c_137 5feet,25318
npc c_137 4hands,25317
npc c_137 3legs,25316
npc c_137 2chest,25315
npc c_137 1head,25314
npc c_136 3legs,25313
npc c_136 2chest,25312
npc c_136 1head,25311
Windstorm Battle Pet Armor,25310
Whirlwind Battle Pet Armor,25309
Shining Battle Pet Armor,25308
Solid Battle Pet Armor,25307
Sturdy Battle Pet Armor,25306
Hard Battle Pet Armor,25305
Light Battle Pet Armor,25304
Shabby Battle Pet Armor,25303
D몬스터 - 악몽을 수놓는 카림 방패,25302
D몬스터 - 악몽을 수놓는 카림 한손도,25301
npc mace_1h_31_8,25300
npc shield_46_1,25299
Pirate Guild Token,25298
npc staff_2h_11_1,25297
Citizens' Petition,25296
Piporo's Invitation,25295
Pirate Guild Badge,25294
Yeoman's Wood Chair,25293
sk_library003 (누이안 로그인스테이지),25281
ha_m_hair018,25278
ha_m_hair017,25277
ha_m_hair016,25276
ha_m_hair002,25275
ha_m_hair001,25274
ha_f_hair021,25273
ha_f_hair020,25272
ha_f_hair017,25271
tool_공통 활,25270
nu_m_hair002,25269
nu_m_hair016,25268
nu_m_hair017,25267
nu_m_hair018,25266
npc dagger_41_11,25264
fe_m_hair008,25263
fe_m_hair004,25262
fe_m_hair005,25261
fe_m_hair003,25260
fe_m_hair006,25259
fe_m_hair007,25258
Calico Sabrefang Cub,25257
Striped Sabrefang Cub,25256
Black Sabrefang Cub,25255
Seal-point Sabrefang Cub,25254
Tabby Sabrefang Cub,25253
fe_f_hair005,25251
npc l_201_1 5feet,25249
Blank Canvas,25248
Blank Standup Canvas,25247
Empty Frame,25246
Gregor's Ledger,25245
npc c_225_1 1head,25243
npc c_224_1 1head,25242
Scholar's Partition,25241
Merchant's Partition,25240
Sovereign's Partition,25239
Hardwood Partition,25238
Monarch's Folding Partition,25237
Merchant's Esteemed Chair,25236
Monarch's Bedchamber Sofa,25235
Noble's Settee,25234
Wooden Bench,25233
Monarch's Ceremonial Chair,25232
Noble's Luxe Chair,25231
Merchant's Lavish Stool,25230
Merchant's Aristocratic Chair,25229
Monarch's Embroidered Chair,25228
Monarch's Hardwood Chair,25227
Missing Adventurer's Journal,25226
Decoded Schima Orders,25224
Novice's Lumber Pack,25223
Calico Sabrefang,25222
npc c_146 2chest,25221
npc c_146 1head,25220
Striped Sabrefang,25219
Black Sabrefang,25218
Seal-Point Sabrefang,25217
npc axe_1h_46_16,25214
npc axe_1h_46_15,25213
npc axe_1h_46_14,25212
npc axe_1h_46_13,25211
nu_f_hair017,25208
fe_f_hair009,25207
fe_f_hair008,25206
fe_f_hair007,25205
fe_f_hair001,25204
el_f_hair020,25203
el_f_hair019,25202
el_f_hair018,25201
el_f_hair017,25200
el_f_hair016,25199
el_f_hair015,25198
npc blade_2h_16_1,25197
npc l_155 5feet,25196
npc l_155 4hands,25195
npc l_155 3legs,25194
npc l_155 2chest,25193
npc l_155 1head,25192
npc l_154 5feet,25191
npc l_154 4hands,25190
npc l_154 3legs,25189
npc l_154 2chest,25188
npc l_154 1head,25187
npc l_153 5feet,25186
npc l_153 4hands,25185
npc l_153 3legs,25184
npc l_153 2chest,25183
npc l_153 1head,25182
npc l_152 5feet,25181
npc l_152 4hands,25180
npc l_152 3legs,25179
npc l_152 2chest,25178
npc l_152 1head,25177
npc l_151 5feet,25176
npc l_151 4hands,25175
npc l_151 3legs,25174
npc l_151 2chest,25173
npc l_151 1head,25172
npc c_155 5feet,25171
npc c_155 4hands,25170
npc c_155 2chest,25169
npc c_155 1head,25168
npc c_154 5feet,25167
npc c_154 4hands,25166
npc c_154 2chest,25165
npc c_154 1head,25164
npc c_153 5feet,25163
npc c_153 4hands,25162
npc c_153 2chest,25161
npc c_153 1head,25160
npc c_152 5feet,25159
npc c_152 4hands,25158
npc c_152 2chest,25157
npc c_152 1head,25156
npc c_151 5feet,25155
npc c_151 4hands,25154
npc c_151 2chest,25153
npc c_151 1head,25152
Anthalon's Instructions,25151
npc c_145 2chest,25150
npc c_145 1head,25149
npc c_049 5feet,25144
npc c_049 4hands,25143
npc c_057 3legs,25142
npc c_056 3legs,25141
npc c_049 2chest,25140
npc c_049 1head,25139
금지된 마법서(삭제 예정),25138
npc c_210 4hands,25137
npc c_209 4hands,25136
astra_001 5feet,25135
astra_001 3legs,25134
astra_001 2chest,25133
astra_001 1head,25132
ha_f_hair016,25131
ha_f_hair015,25130
ha_f_hair019,25129
ha_f_hair018,25128
npc c_214 5feet,25127
npc c_133 3legs,25126
npc c_133 2chest,25125
npc c_133 1head,25124
npc mace_2h_yaksa_big,25122
Corrupt Ally's Wings,25121
Tabby Sabrefang,25120
Loving Ally's Wings,25119
Pure Ally's Wings,25118
Howling Ranch Key,25117
Bugira's Coin,25116
Fawn,25115
Rabbit Box,25114
tool_달궈진 검,25113
npc dagger_36_1,25111
npc c_044 1head,25110
npc c_039 4hands,25109
npc c_038 4hands,25108
npc l_051 2chest,25107
npc m_206 4hands,25106
Signed Retrial Request Forms,25105
Retrial Petition,25104
npc c_138 5feet,25103
npc c_138 3legs,25102
npc c_138 2chest,25101
npc c_138 1head,25100
Morpheus's Name,25099
Honor Point Collector's Recommendation,25098
NPC Weapon Packs - 몬스터 - 루푸스 시차일드,25097
tool_도축용식칼,25096
npc l_050 2chest,25094
npc l_039 1head,25093
nu_m_hair001,25086
Captured Forest Spirit,25085
Atalantia's Blade,25077
Gods and Heroes,25076
npc c_043 1head,25075
npc m_214 1head,25074
npc l_498 2chest,25073
npc blade_1h_46_3,25072
Granbeast's Journal,25071
npc c_141 5feet,25070
npc c_141 4hands,25069
npc c_141 3legs,25068
npc c_141 2chest,25067
npc c_141 1head,25066
Carlton's Experimental Propeller,25065
npc c_140 5feet,25064
npc c_140 3legs,25063
npc c_140 2chest,25062
npc c_140 1head,25061
npc c_139 5feet,25060
npc c_139 3legs,25059
npc c_139 2chest,25058
npc c_139 1head,25057
Berya's Forensic Powder,25056
npc oxygen_test,25054
Anno's Sextant,25053
npc c_142 5feet,25052
npc c_142 4hands,25051
npc c_142 3legs,25050
npc c_142 2chest,25049
npc c_142 1head,25048
npc002_nu 2chest,25042
npc001_nu 2chest,25041
Captured Windlord,25033
Captured Flamelord,25030
Captured Harrod,25029
Captured Tarian,25028
Captured Daruda,25027
npc bow_26_3,25025
npc dagger_36_4,25024
Instructions,25023
npc c_499 2chest,25022
npc c_499 1head,25021
npc staff_1h_31_2,25020
npc axe_1h_36_3,25018
npc006_nu 5feet,25017
npc006_nu 3legs,25016
npc006_nu 2chest,25015
npc006_nu 1head,25014
npc005_nu 5feet,25013
npc005_nu 3legs,25012
npc005_nu 2chest,25011
npc005_nu 1head,25010
npc004_nu 5feet,25009
npc004_nu 3legs,25008
npc004_nu 2chest,25007
npc004_nu 1head,25006
Instructions,25005
Instructions,25004
tool_빗자루,25003
Powder Keg,25002
npc l_499 5feet,25001
npc l_499 4hands,25000
npc l_499 3legs,24999
npc l_499 2chest,24998
npc l_499 1head,24997
Captured Wanderer,24995
Fiaro's Message,24994
tool_법정 망치,24993
npc c_244 3legs,24992
npc c_243 3legs,24991
npc c_242 3legs,24990
npc l_149 5feet,24989
npc l_149 4hands,24988
npc l_149 3legs,24987
npc l_149 2chest,24986
npc l_149 1head,24985
npc c_149 5feet,24984
npc c_149 4hands,24983
npc c_149 3legs,24982
npc c_149 2chest,24981
npc c_149 1head,24980
npc 아동 007 5feet,24979
npc 아동 007 2chest,24978
npc c_507 2chest,24977
Eye of Truth,24976
Atalantia's Blade,24972
Singed Instructions,24971
Alex's Letter,24970
Malcolm's Sculpture,24969
Sloane's Will,24967
Perinoor All-Spice,24963
Perinoor Peanut Butter,24962
Windscour Peppermints,24961
Windscour Miracle Capsule,24960
Rookborne Basin Mead,24959
Rookborne Carrot Ale,24958
Sanddeep Alchemic Pearls,24957
Sanddeep Powdered Pearl,24956
Hellswamp Sawdust Shavings,24955
Hellswamp Mushroom Sauce,24954
Halcyona Fine Flour,24953
Halcyona Coarse Flour,24952
Ynystere Ceremonial Bouquets,24951
Ynystere Floral Bouquets,24950
Cinderstone Metal Trim,24949
Cinderstone Airtight Stopper,24948
Silent Forest Dye,24947
Silent Forest Pinecone Sap,24946
Two Crowns Lavender Candy,24945
Two Crowns Lemon Juice,24944
Villanelle Crusty Bread,24943
Villanelle Sticky Rice Snack,24942
Marianople Facial Cleanser,24941
Marianople Wool,24940
Solis Dried Rosemary,24939
Solis Saffron,24938
White Arden Pinecone Powder,24937
White Arden Plywood,24936
Mahadevi Straight-Grain Plywood,24935
Mahadevi Banana Nectar,24934
Dewstone Petal Dye,24933
Dewstone Corn Meal,24932
Tigerspine Round Bricks,24931
Tigerspine Souvenirs,24930
Lilyut Square Bricks,24929
Lilyut Alchemy Catalyst,24928
Falcorth Plains Bedding,24927
Falcorth Plains Clover Feed,24926
Arcum Iris Turmeric Powder,24925
Arcum Iris Dried Seed,24924
Gweonid Goose Down,24923
Gweonid Grilled Goose,24922
Solzreed Acorn Jelly,24921
Solzreed Strawberry Jam,24920
Wisp Fire,24919
Eternal Winter Chill,24916
Heat of Eternal Summer,24915
Prime Lunarite,24914
Superior Lunarite,24913
Fine Lunarite,24912
Lunarite,24911
Carpenter's Shoes,24910
Carpenter's Gloves,24909
Carpenter's Pants,24908
Carpenter's Shirt,24907
Carpenter's Hood,24906
Weaponsmith's Shoes,24905
Weaponsmith's Gloves,24904
Weaponsmith's Pants,24903
Weaponsmith's Shirt,24902
Weaponsmith's Hood,24901
Tanner's Shoes,24900
Tanner's Gloves,24899
Tanner's Pants,24898
Tanner's Shirt,24897
Tanner's Hood,24896
Tailor's Shoes,24895
Tailor's Gloves,24894
Tailor's Pants,24893
Tailor's Shirt,24892
Tailor's Hood,24891
Miner's Shoes,24890
Miner's Gloves,24889
Miner's Pants,24888
Miner's Shirt,24887
Miner's Hood,24886
Blacksmith's Shoes,24885
Blacksmith's Gloves,24884
Blacksmith's Pants,24883
Blacksmith's Shirt,24882
Blacksmith's Hood,24881
Gatherer's Shoes,24880
Gatherer's Gloves,24879
Gatherer's Pants,24878
Gatherer's Shirt,24877
Gatherer's Hood,24876
Woodcutter's Shoes,24875
Woodcutter's Gloves,24874
Woodcutter's Pants,24873
Woodcutter's Shirt,24872
Woodcutter's Cap,24871
Farmer's Shoes,24870
Farmer's Gloves,24869
Farmer's Pants,24868
Farmer's Shirt,24867
Farmer's Hood,24866
Rancher's Shoes,24865
Rancher's Gloves,24864
Rancher's Pants,24863
Rancher's Shirt,24862
Rancher's Hood,24861
Handicrafter's Shoes,24860
Handicrafter's Gloves,24859
Handicrafter's Pants,24858
Handicrafter's Shirt,24857
Handicrafter's Hood,24856
Chef's Shoes,24855
Chef's Gloves,24854
Chef's Pants,24853
Chef's Shirt,24852
Chef's Hood,24851
Alchemist's Shoes,24850
Alchemist's Gloves,24849
Alchemist's Pants,24848
Alchemist's Shirt,24847
Alchemist's Hood,24846
Stolen Goods,24844
Raffi's Firewood,24843
npc c_150 5feet,24841
npc c_150 4hands,24840
npc c_150 3legs,24839
npc c_150 2chest,24838
npc c_150 1head,24837
White Donkey Foal,24836
Brown Donkey Foal,24835
Black Donkey Foal,24834
Restraining Wind,24833
npc m_044 5feet,24832
npc m_044 4hands,24831
npc m_044 3legs,24830
npc m_044 2chest,24829
Rope,24828
npc m_044 1head,24827
npc m_043 5feet,24826
npc m_043 4hands,24825
npc m_043 3legs,24824
npc m_043 2chest,24823
npc m_043 1head,24822
Juror's Shirt,24821
Judicial Robes,24820
Occultism Notice's Shoes,24818
Occultism Novice's Pants,24817
Occultism Novice's Shirt,24816
Shadowplay Novice's Boots,24815
Shadowplay Novice's Breeches,24814
Shadowplay Novice's Jerkin,24813
D몬스터 - 놀 방패,24811
npc c_055 3legs,24810
npc c_054 3legs,24809
npc l_055 3legs,24808
npc l_054 3legs,24807
npc003_nu 3legs,24806
Ishvaran Preservationists' Document,24805
npc003_nu 5feet,24804
npc m_149 5feet,24803
npc m_149 4hands,24802
npc003_nu 2chest,24801
npc l_150 3legs,24800
npc003_nu 1head,24799
npc l_150 2chest,24798
npc l_150 1head,24797
npc c_059 2chest,24796
Sextant,24795
White Donkey,24794
D몬스터 - 켄타우로스 양손지팡이 상급,24793
Brown Donkey,24792
Black Donkey,24791
D몬스터 - 켄타우로스 방패,24790
D몬스터 - 켄타우로스 단검,24789
Strange Writings,24787
Monolith Rubbing,24786
Perinoor Carving,24780
Transformative Formulae IV,24779
Perinoor Carving,24778
Ishvaran Preservationists' Document,24777
Morna's Note,24776
Honorbound Sniper's Lunafrost,24775
Honorhewn Sniper's Lunafrost,24774
Honorbound Conqueror's Lunafrost,24773
Honorhewn Conqueror's Lunafrost,24772
Honorbound Ruler's Lunafrost,24771
Honorhewn Ruler's Lunafrost,24770
Honorbound Prophet's Lunafrost,24769
Honorhewn Prophet's Lunafrost,24768
Honorbound Guardian's Lunafrost,24767
Honorhewn Guardian's Lunafrost,24766
Honorbound Agility Lunafrost,24765
Honorhewn Agility Lunafrost,24764
Honorbound Calm Lunafrost,24763
Honorhewn Calm Lunafrost,24762
Honorbound Precision Lunafrost,24761
Honorhewn Precision Lunafrost,24760
Honorbound Hunter's Lunafrost,24759
Honorhewn Hunter's Lunafrost,24758
Honorbound Blessed Lunafrost,24757
Honorhewn Blessed Lunafrost,24756
Honorbound Warrior's Lunafrost,24755
Honorhewn Warrior's Lunafrost,24754
Honorbound Intuitive Lunafrost,24753
Honorhewn Intuitive Lunafrost,24752
Honorbound Tranquil Lunafrost,24751
Honorhewn Tranquil Lunafrost,24750
Whole Barrier Lunafrost,24749
Cracked Barrier Lunafrost,24748
Whole Armor Lunafrost,24747
Cracked Armor Lunafrost,24746
Flawless Willful Lunafrost,24745
Whole Willful Lunafrost,24744
Cracked Willful Lunafrost,24743
Perfect Lightspeed Lunafrost,24742
Flawless Lightspeed Lunafrost,24741
Whole Lightspeed Lunafrost,24740
Cracked Lightspeed Lunafrost,24739
Perfect Eternal Lunafrost,24738
Flawless Eternal Lunafrost,24737
Whole Eternal Lunafrost,24736
Cracked Eternal Lunafrost,24735
Perfect Destruction Lunafrost,24734
Flawless Destruction Lunafrost,24733
Whole Destruction Lunafrost,24732
Cracked Destruction Lunafrost,24731
Flawless Roar Lunafrost,24730
Whole Roar Lunafrost,24729
Cracked Roar Lunafrost,24728
Perfect Nova Lunafrost,24727
Flawless Nova Lunafrost,24726
Whole Nova Lunafrost,24725
Cracked Nova Lunafrost,24724
Perfect Chaos Lunafrost,24723
Flawless Chaos Lunafrost,24722
Whole Chaos Lunafrost,24721
Cracked Chaos Lunafrost,24720
Whole Lynx Lunafrost,24719
Cracked Lynx Lunafrost,24718
Flawless Wave Lunafrost,24717
Whole Wave Lunafrost,24716
Cracked Wave Lunafrost,24715
Flawless Assassin's Lunafrost,24714
Whole Assassin's Lunafrost,24713
Cracked Assassin's Lunafrost,24712
Flawless Flash Lunafrost,24711
Whole Flash Lunafrost,24710
Cracked Flash Lunafrost,24709
Flawless Arrow Lunafrost,24708
Whole Arrow Lunafrost,24707
Cracked Arrow Lunafrost,24706
Flawless Blade Lunafrost,24705
Whole Blade Lunafrost,24704
Cracked Blade Lunafrost,24703
Flawless Vital Lunafrost,24702
Whole Vital Lunafrost,24701
Cracked Vital Lunafrost,24700
Flawless Vigorous Lunafrost,24699
Whole Vigorous Lunafrost,24698
Cracked Vigorous Lunafrost,24697
Flawless Waterdrop Lunafrost,24696
Whole Waterdrop Lunafrost,24695
Cracked Waterdrop Lunafrost,24694
Flawless Insightful Lunafrost,24693
Whole Insightful Lunafrost,24692
Cracked Insightful Lunafrost,24691
Beguiling Lively Wave Lunadrop,24690
Beguiling Lively Earth Lunadrop,24689
Beguiling Lively Gale Lunadrop,24688
Beguiling Lively Fire Lunadrop,24687
Blazing Lively Wave Lunadrop,24686
Blazing Lively Earth Lunadrop,24685
Blazing Lively Gale Lunadrop,24684
Blazing Lively Fire Lunadrop,24683
Beguiling Tidal Life Lunadrop,24682
Beguiling Tidal Earth Lunadrop,24681
Beguiling Tidal Gale Lunadrop,24680
Beguiling Tidal Fire Lunadrop,24679
Blazing Tidal Life Lunadrop,24678
Blazing Tidal Earth Lunadrop,24677
Blazing Tidal Gale Lunadrop,24676
Blazing Tidal Fire Lunadrop,24675
Beguiling Earthen Life Lunadrop,24674
Beguiling Earthen Wave Lunadrop,24673
Beguiling Earthen Gale Lunadrop,24672
Beguiling Earthen Fire Lunadrop,24671
Blazing Earthen Life Lunadrop,24670
Blazing Earthen Wave Lunadrop,24669
Blazing Earthen Gale Lunadrop,24668
Blazing Earthen Fire Lunadrop,24667
Beguiling Windy Life Lunadrop,24666
Beguiling Windy Wave Lunadrop,24665
Beguiling Windy Earth Lunadrop,24664
Beguiling Windy Fire Lunadrop,24663
Blazing Windy Life Lunadrop,24662
Blazing Windy Wave Lunadrop,24661
Blazing Windy Earth Lunadrop,24660
Blazing Windy Fire Lunadrop,24659
Beguiling Flaming Life Lunadrop,24658
Beguiling Flaming Wave Lunadrop,24657
Beguiling Flaming Earth Lunadrop,24656
Beguiling Flaming Gale Lunadrop,24655
Blazing Flaming Life Lunadrop,24654
Blazing Flaming Wave Lunadrop,24653
Blazing Flaming Earth Lunadrop,24652
Blazing Flaming Gale Lunadrop,24651
Radiant Lively Wave Lunadrop,24650
Radiant Lively Earth Lunadrop,24649
Radiant Lively Gale Lunadrop,24648
Radiant Lively Fire Lunadrop,24647
Lucid Lively Wave Lunadrop,24646
Lucid Lively Earth Lunadrop,24645
Lucid Lively Gale Lunadrop,24644
Lucid Lively Fire Lunadrop,24643
Radiant Tidal Life Lunadrop,24642
Radiant Tidal Earth Lunadrop,24641
Radiant Tidal Gale Lunadrop,24640
Radiant Tidal Fire Lunadrop,24639
Lucid Tidal Life Lunadrop,24638
Lucid Tidal Earth Lunadrop,24637
Lucid Tidal Gale Lunadrop,24636
Lucid Tidal Fire Lunadrop,24635
Radiant Earthen Life Lunadrop,24634
Radiant Earthen Wave Lunadrop,24633
Radiant Earthen Gale Lunadrop,24632
Radiant Earthen Fire Lunadrop,24631
Lucid Earthen Life Lunadrop,24630
Lucid Earthen Wave Lunardrop,24629
Lucid Earthen Gale Lunadrop,24628
Lucid Earthen Fire Lunadrop,24627
Radiant Windy Life Lunadrop,24626
Radiant Windy Wave Lunadrop,24625
Radiant Windy Earth Lunadrop,24624
Radiant Windy Fire Lunadrop,24623
Lucid Windy Life Lunadrop,24622
Lucid Windy Wave Lunadrop,24621
Lucid Windy Earth Lunadrop,24620
Lucid Windy Fire Lunadrop,24619
Radiant Flaming Life Lunadrop,24618
Radiant Flaming Wave Lunadrop,24617
Radiant Flaming Earth Lunadrop,24616
Radiant Flaming Gale Lunadrop,24615
Lucid Flaming Life Lunadrop,24614
Lucid Flaming Wave Lunadrop,24613
Lucid Flaming Earth Lunadrop,24612
Lucid Flaming Gale Lunadrop,24611
Bonehoarders' Secret Documents,24610
Mahra Nahvi's Letter,24609
Mahra Ahnon's Letter,24607
Suspicious Note,24606
약탈당한 짐_test,24605
Wyrdwinds' Message,24604
Translated Message,24603
Scribbled Message,24602
Pirate Grog Recipe,24601
Senna's Report,24600
Scribbled Research Notes,24599
Mel's Letter,24597
Lyric Parchment,24596
Ancient Scripture,24595
Torus's Letter,24593
Trieste Orders,24592
Calleil Disciples' Instructions,24587
npc c_053 2chest,24585
npc c_052 2chest,24584
sk_hariharan001 (하리남 로그인),24583
npc c_060 2chest,24582
Treasure Map with Coordinates,24581
"Other
Lv. 1",24579
빈센시오의 일기 (테스트),24578
Vincenzio's Journal,24577
Shattered Goddess Statue,24576
Intact Goddess Statue,24575
npc 아동 006 4hands,24574
npc 아동 006 3legs,24573
npc 아동 006 5feet,24572
npc 아동 006 2chest,24571
Apprentice's Introduction,24570
Nui's Chosen Dagger,24569
elf_f_login - l_001 5feet,24568
elf_f_login - c_001 2chest,24567
elf_f_login - c_001 3legs,24566
npc c_506 2chest,24565
npc c_058 2chest,24564
npc c_057 2chest,24563
npc c_056 2chest,24562
npc c_055 2chest,24561
Stoltzburg's Contract,24560
Holmen's Introduction,24559
Secret List,24558
Worn Tome of Bewilderment,24557
Burnt Tome of Transformation,24556
Suspicious Document,24555
Wharf Council Pact,24554
"Rufus's Journal, Entry #04",24553
"Rufus's Journal, Entry #03",24552
"Rufus's Journal, Entry #02",24551
"Rufus's Journal, Entry #01",24550
Letter from Burnt Castle,24548
npc c_055 1head,24547
npc c_054 1head,24546
npc c_053 1head,24545
npc c_052 1head,24544
Book of Strange Events,24543
npc c_505 2chest,24542
npc c_042 1head,24541
npc c_041 1head,24540
npc c_039 1head,24539
npc m_225 4hands,24538
npc m_225 1head,24537
npc m_045 1head,24536
npc m_042 2chest,24535
npc c_053 3legs,24534
npc c_052 3legs,24533
npc l_031 3legs,24532
Wynrand's Love Letter,24531
Guardian's Message,24530
Pederson's Letter,24529
Grynd Haim's Letter,24528
Andersen's Letter,24527
npc girl01 c_010 5feet,24526
npc girl01 c_010 2chest,24525
npc m_040 3legs,24522
npc m_041 2chest,24521
Unworthy Overlord's Seal,24519
Forgotten Rhythm,24518
Wrathful Prisoner's Meditation,24517
Vicious Slayer's Vambraces,24516
Vicious Slayer's Tassets,24515
Vicious Slayer's Sabatons,24514
Vicious Slayer's Gauntlets,24513
Vicious Slayer's Greaves,24512
Vicious Slayer's Cuirass,24511
Vicious Slayer's Helm,24510
Crazed Hermit's Guards,24509
Crazed Hermit's Belt,24508
Crazed Hermit's Boots,24507
Crazed Hermit's Fists,24506
Crazed Hermit's Breeches,24505
Crazed Hermit's Jerkin,24504
Crazed Hermit's Cap,24503
npc shield_spartoi,24502
npc bow_spartoi,24501
npc sword_1h_spartoi,24500
Exiled Wizard's Sleeves,24499
Exiled Wizard's Sash,24498
Exiled Wizard's Shoes,24497
Exiled Wizard's Gloves,24496
Exiled Wizard's Pants,24495
Exiled Wizard's Shirt,24494
Exiled Wizard's Hood,24493
Gloomy Sunset,24492
Long Dusk,24491
Frozen Sunset,24490
Dark Sunset,24489
Crushing Grip,24488
Begrudging Snake Eye,24487
Cracked Molar,24486
Twinhead Viper Whisper,24485
Cursed Paladin's Sabatons,24484
Cursed Paladin's Gauntlets,24483
Cursed Paladin's Greaves,24482
Cursed Paladin's Cuirass,24481
Cursed Paladin's Helm,24480
Inquisitor's Boots,24479
Inquisitor's Fists,24478
Inquisitor's Breeches,24477
Inquisitor's Jerkin,24476
Inquisitor's Cap,24475
Persecuted Martyr's Shoes,24474
Persecuted Martyr's Gloves,24473
Persecuted Martyr's Pants,24472
Persecuted Martyr's Shirt,24471
Persecuted Martyr's Hood,24470
Empty Standup Frame,24469
Thornscale Shield,24468
Viper Fang,24467
Sea Snake Stinger,24466
Snake Fang,24465
Evil Ancient Will,24464
npc c_047 2chest,24463
Christoff's Letter,24462
Silent Windrage,24461
West Wind's Breath,24460
Harsh Whirlwind,24459
Bloodwind's Call,24458
Gambler's Cloak,24457
Swindler's Cloak,24456
Horse Thief's Cloak,24455
Camouflage Cloak,24454
Rogue's Cloak,24453
NPC Weapon Packs - 도구형 무기 - 삽2,24452
Strong Vortex,24451
Violent Wind,24450
Sandstorm Seed,24449
Vicious Thug's Sabatons,24448
Vicious Thug's Greaves,24447
Vicious Thug's Cuirass,24446
Quick Robber's Boots,24445
Quick Robber's Breeches,24444
Quick Robber's Jerkin,24443
NPC Weapon Packs - 도구형 무기 - 톱2,24442
Cunning Thief's Shoes,24441
Cunning Thief's Pants,24440
Cunning Thief's Shirt,24439
NPC Weapon Packs - 도구형 무기 - 책,24438
Flag of Declaration,24437
"The Scarlet Letter of Ezna, Vol. 1",24436
Eznan Royal Patrol Warning,24435
Krakto's Report,24434
Severus's Scroll,24433
Minotaur Treaty,24432
npc c_504 2chest,24431
Tales of the Tower of Ages,24430
Tales of the Solar Stones,24429
npc bow_26_3,24428
npc001_ha 5feet,24427
npc001_ha 4hands,24426
npc001_ha 3legs,24425
npc001_ha 2chest,24424
Bloody Note,24423
Johann's Message,24422
Merril's Message,24421
npc m_203 5feet,24420
npc m_224 4hands,24419
npc m_224 3legs,24418
npc m_225 2chest,24417
npc m_224 2chest,24416
npc m_224 1head,24415
Jamie's Sincere Letter,24414
Ancient Noryette Document,24412
Gerald's Casebook #2,24411
Looter's Note,24410
Gerald's Casebook #1,24409
Blacksail Death Warrant,24407
Huslim's Report,24406
Blacksail Pact,24405
Duron's Report,24404
Ynystere's Warning,24403
Sarcastic Letter,24402
Village Merchant Ledger,24401
Ockham's Diary,24400
The Cursed Tome,24399
npc c_046 2chest,24398
npc c_232 5feet,24397
npc c_232 4hands,24396
npc c_250 3legs,24395
npc c_274 2chest,24394
npc c_267 1head,24393
Soul Contract,24392
Letter to Gil Agno,24391
npc spear_1h_36_9,24388
Black Sands Manifesto,24387
Shadowhawk Record Book,24386
Pleading Letter,24385
Blackbeard Thieves Pact,24384
Bloodmist Clan Orders,24383
Basil Seed Money,24382
Royster's Camp Document,24380
Finished Document,24379
Stonebrothers' Document,24378
Medd's Records,24377
Organic Basil Seed,24376
npc c_030 5feet,24375
Inferno Shard,24374
npc l_224 3legs,24373
Malphus's Note,24372
Lord Colin's Secret Ledger,24371
Lord Colin's Secret Ledger,24370
Secret Agreement,24369
Forbidden Spellbook,24368
The Bear's Instructions,24367
Dahuta Cult's Orders,24366
Dahuta Cult's Orders,24365
Dahuta Cult's Orders,24364
Dahuta Cult's Orders,24363
Torch,24362
npc shield_highorc,24361
npc axe_2h_31_2,24360
npc bow_highorc,24359
npc sword_1h_highorc,24358
Tristen's Orders,24357
npc c_272_1 2chest,24356
npc staff_2h_06_1,24355
npc blade_1h_26_3,24353
npc blade_1h_31_3,24352
npc bow_26_5,24351
npc m_042 1head,24350
npc dagger_16_2,24349
npc bow_46_4,24348
npc m_038 3legs,24347
npc 방패,24346
npc blade_2h_21_1,24345
npc blade_1h_36_5,24344
npc sword_1h_46_3,24343
npc m_040 2chest,24342
npc sword_1h_36_6,24341
npc dagger_26_4,24340
npc bow_26_1,24339
npc mace_1h_31_3,24338
npc sword_1h_46_7,24337
npc shield_26_2,24336
npc l_221 2chest,24333
npc blade_2h_26_4,24332
npc bow_41_5,24331
npc blade_1h_11_1,24330
npc sword_1h_31_4,24329
npc bow_16_3,24328
npc sword_1h_31_5,24327
npc shield_41_4,24326
Bill of Debt,24325
npc c_272 2chest,24324
npc c_273 2chest,24323
npc c_259 2chest,24322
Animal Bone,24321
Magic Orb,24320
Dragonstone,24319
Bone Grub Ichor,24318
Dragonstone,24316
Warlock Verga's Staff,24315
Purification Ceremony Stone,24314
Twinhead Viper Heart,24313
Orb of Life,24312
Iprion's Letter,24311
Great Warrior Stone,24310
Purification Stone,24309
Dragonroar Fortress Relic,24308
Dragontear Spring Water,24307
Iena's Letter,24306
Brano's Pack,24305
Minotaur Shaman's Key,24304
Large Cactus Thorn,24303
Ancient Relic,24302
Goreleaf Tree,24301
Spirit's Sword,24300
Lavahorn Leather,24299
Iprion's Letter,24298
Mutated Petal,24297
Prepared Healing Fruit,24296
Healing Tree,24295
Healing Fruit,24294
Praus's Letter,24293
Naga Egg,24292
Pliancy Potion,24291
Yellow Kudzu Root,24290
Empty Glass Bottle,24289
Bone Pool Water Sample,24288
Silver Ring,24287
Aranzeb's Trace,24286
Ashkaltum's Necklace,24285
Earth Elemental Soulstone,24284
Rock Elemental Soulstone,24283
Kestrel Egg,24282
Nuon Sphere,24281
Nuon Fragment,24280
Dragon Energy,24279
Magic Net,24278
Kerion's Letter,24277
Thorny Cotton Grass Root,24276
Frozen Water Elemental Energy,24275
Wind Elemental Heart,24274
Partially-Restored Ancient Relic,24273
Nuon Artifact,24272
Gronian's Elixir,24271
Ryan's Letter,24270
Groundwater,24269
Groundwater,24268
Life Bloom,24267
npc m_203 4hands,24266
npc blade_1h_01_1_e,24265
npc blade_2h_36_1_e,24262
npc sword_1h_46_19,24253
NPC Weapon Packs - 도구형 무기 - 몽키스패너,24252
npc l_036 4hands,24251
npc c_036 4hands,24250
npc c_035 4hands,24249
npc c_034 4hands,24248
npc c_033 4hands,24247
npc c_032 4hands,24246
npc c_031 4hands,24245
Willful Patience Cloak,24242
npc l_038 5feet,24239
npc c_038 5feet,24238
npc c_037 5feet,24237
npc c_036 5feet,24236
npc c_035 5feet,24235
npc c_034 5feet,24234
npc c_033 5feet,24233
npc c_032 5feet,24232
npc staff_1h_highorc,24231
npc c_031 5feet,24230
Thief Jerath's Note,24229
npc c_266 1head,24228
npc m_226 5feet,24227
npc m_217 3legs,24226
npc m_222 2chest,24225
npc m_219 1head,24224
npc c_270 2chest,24221
Monster Coin,24220
npc c_271 2chest,24219
npc blade_1h_36_3,24218
npc m_039 5feet,24217
npc m_039 4hands,24216
npc m_039 3legs,24215
npc m_039 2chest,24214
npc m_039 1head,24213
Planey's Ring,24212
Heirloom Dagger,24211
Gravel,24210
npc c_258 2chest,24209
npc m_221 2chest,24208
npc m_220 2chest,24207
npc m_219 2chest,24206
npc m_218 2chest,24205
npc m_216 2chest,24204
npc m_217 2chest,24203
"Other
Lv. 1",24202
"Other
Lv. 1",24201
로그인_sword_2h_46_8,24200
npc m_222 4hands,24199
npc m_221 4hands,24198
npc m_220 4hands,24197
Luxurious Pradia Lute,24196
ha_m_hair03,24194
Soulstone of Illion,24192
Sallium Soulstone,24191
Mysterious Necklace,24190
npc m_225 5feet,24189
npc m_224 5feet,24188
npc m_223 5feet,24187
npc m_217 5feet,24186
npc 나라야나 아동 003 5feet,24185
npc 나라야나 아동 003 4hands,24184
npc 나라야나 아동 003 3legs,24183
npc 나라야나 아동 003 2chest,24182
npc sword_2h_41_1,24180
Obolus's Birdcage,24179
nu_m_hair015,24178
nu_m_hair014,24177
npc axe_1h_26_2,24176
npc shield_26_5,24175
npc sword_1h_26_4,24174
ha_m_hair015,24173
ha_m_hair014,24172
ha_m_hair013,24171
ha_m_hair012,24170
nu_m_hair013,24169
nu_m_hair012,24168
Sealed Trunk,24167
tool_재판관의자,24166
Sealing Energy,24165
Anna Wyrdwind's Letter,24164
White Ghost Crystal,24161
Bloodhands' Torn Note,24160
Bloodhand Scout's Instructions,24159
ha_f_hair005,24158
npc cp_cloth005_1,24157
npc 임시-귀족복식-red 5feet,24156
npc 임시-귀족복식-brown 5feet,24155
npc c_211 4hands,24154
el_m_hair004,24153
el_m_hair010,24152
el_m_hair009,24151
el_m_hair008,24150
el_m_hair007,24149
el_m_hair006,24148
el_m_hair005,24147
npc c_022_1 1head,24146
fe_m_hair010,24145
fe_f_hair004,24144
fe_f_hair003,24143
fe_f_hair002,24142
fe_f_hair012,24141
ha_m_hair010,24140
ha_m_hair009,24139
ha_m_hair008,24138
ha_m_hair007,24137
ha_m_hair006,24136
ha_m_hair005,24135
ha_m_hair004,24134
nu_m_hair011,24133
nu_m_hair010,24132
nu_m_hair009,24131
nu_m_hair008,24130
nu_m_hair007,24129
nu_m_hair006,24128
nu_m_hair005,24127
Bloodhands' Instructions,24126
Practice Bow,24125
Stealth Potion,24124
Design Fragment: Singed Vehicle,24122
Design Fragment: Growling Yawl,24121
npc blade_1h_26_4,24120
npc cp_cloth026,24119
npc cp_cloth025,24118
npc cp_cloth024,24117
npc cp_cloth023,24116
npc cp_cloth022,24115
npc cp_cloth021,24114
npc cp_cloth020,24113
npc cp_cloth019,24112
npc cp_cloth018,24111
npc cp_cloth017,24110
Golden Fable Ring,24109
Nui's Glory Coast,24108
Moonswept Bay Necklace,24107
Red Crystal Ring,24106
Blueblood Drop,24105
Blood Patterned Necklace,24104
npc dagger_31_9,24103
Perinoor Essence,24102
Power of Blind Faith,24101
Flame-Patterned Ring,24100
Day's Eye Riverweed,24099
Gweonid's Rest,24098
Falcorth Plains Flash,24097
Ynystere's Divine Protection,24096
Ishvaran Pride,24095
Halcyona Whisper,24094
White Lion Cloak,24092
Black Spider Cloak,24091
Gray Elephant Cloak,24090
Azure Peacock Cloak,24089
Red Tiger Cloak,24088
Noryette Ceremonial Cloak,24087
Queen Amarendra's Badge,24086
Dream Hunter's Cloak,24085
Wind God's Gift,24084
ha_f_hair004,24081
ha_f_hair002,24080
ha_f_hair001,24079
nu_f_hair013,24078
nu_f_hair006,24077
nu_f_hair005,24076
nu_f_hair004,24075
npc staff_2h_16_1,24074
npc staff_1h_41_1,24073
npc blade_1h_31_8,24072
npc sword_1h_36_9,24071
Investigators' Mystery Box,24070
Investigators' Accessory Box,24069
Investigators' Plate Armor Box,24068
Investigators' Leather Armor Box,24067
Investigators' Cloth Armor Box,24066
Privateer Mystery Box,24065
Privateer Accessory Box,24064
Privateer Plate Armor Box,24063
Privateer Leather Armor Box,24062
Privateer Cloth Armor Box,24061
Royal Mystery Box,24060
Royal Accessory Box,24059
Royal Plate Armor Box,24058
Royal Leather Armor Box,24057
Amarendra Royal Cloth Armor Box,24056
Blueblood Weapon Box,24055
Bloodhand Weapon Chest,24054
Salphira Disciple's Weapon Chest,24053
Sealstone Fragment,24052
el_f_hair012,24051
el_f_hair010,24050
el_f_hair011,24049
el_f_hair009,24048
el_f_hair008,24047
el_f_hair007,24046
el_f_hair006,24045
el_f_hair005,24044
el_f_hair004,24043
el_f_hair003,24042
el_f_hair002,24041
el_f_hair001,24040
ha_f_hair012,24039
ha_f_hair011,24038
ha_f_hair010,24037
ha_f_hair009,24036
ha_f_hair003,24035
ha_f_hair008,24034
ha_f_hair006,24033
ha_f_hair007,24032
nu_f_hair012,24031
nu_f_hair011,24030
nu_f_hair010,24029
nu_f_hair009,24028
nu_f_hair008,24027
nu_f_hair007,24026
nu_f_hair002,24025
nu_f_hair001,24024
Sealed Delphinad Ring,24023
Sealed Illustrious Ring,24022
Sealed Artisan's Ring,24021
Sealed Artificer's Ring,24020
Sealed Apprentice's Ring,24019
Sealed Delphinad Necklace,24018
Sealed Illustrious Necklace,24017
Sealed Artisan's Necklace,24016
Sealed Artificer's Necklace,24015
Sealed Apprentice's Necklace,24014
Sealed Delphinad Earring,24013
Sealed Illustrious Earring,24012
Sealed Artisan's Earring,24011
Sealed Artificer's Earring,24010
Sealed Apprentice's Earring,24009
Sealed Delphinad Tassets,24008
Sealed Delphinad Vambraces,24007
Sealed Delphinad Sabatons,24006
Sealed Delphinad Gauntlets,24005
Sealed Delphinad Greaves,24004
Sealed Delphinad Cuirass,24003
Sealed Delphinad Helm,24002
Sealed Epherium Tassets,24001
Sealed Epherium Vambraces,24000
Sealed Epherium Sabatons,23999
Sealed Epherium Gauntlets,23998
Sealed Epherium Greaves,23997
Sealed Epherium Cuirass,23996
Sealed Epherium Helm,23995
Sealed Magnificent Tassets,23994
Sealed Magnificent Vambraces,23993
Sealed Magnificent Sabatons,23992
Sealed Magnificent Gauntlets,23991
Sealed Magnificent Greaves,23990
Sealed Magnificent Cuirass,23989
Sealed Magnificent Helm,23988
Sealed Illustrious Tassets,23987
Sealed Illustrious Vambraces,23986
Sealed Illustrious Sabatons,23985
Sealed Illustrious Gauntlets,23984
Sealed Illustrious Greaves,23983
Sealed Illustrious Cuirass,23982
Sealed Illustrious Helm,23981
Sealed Delphinad Belt,23980
Sealed Delphinad Guards,23979
Sealed Delphinad Boots,23978
Sealed Delphinad Fists,23977
Sealed Delphinad Breeches,23976
Sealed Delphinad Jerkin,23975
Sealed Delphinad Cap,23974
Sealed Epherium Belt,23973
Sealed Epherium Guards,23972
Sealed Epherium Boots,23971
Sealed Epherium Fists,23970
Sealed Epherium Breeches,23969
Sealed Epherium Jerkin,23968
Sealed Epherium Cap,23967
Sealed Magnificent Belt,23966
Sealed Magnificent Guards,23965
Sealed Magnificent Boots,23964
Sealed Magnificent Fists,23963
Sealed Magnificent Breeches,23962
Sealed Magnificent Jerkin,23961
Sealed Magnificent Cap,23960
Sealed Illustrious Belt,23959
Sealed Illustrious Guards,23958
Sealed Illustrious Boots,23957
Sealed Illustrious Fists,23956
Sealed Illustrious Breeches,23955
Sealed Illustrious Jerkin,23954
Sealed Illustrious Cap,23953
Sealed Delphinad Sash,23952
Sealed Delphinad Sleeves,23951
Sealed Delphinad Shoes,23950
Sealed Delphinad Gloves,23949
Sealed Delphinad Pants,23948
Sealed Delphinad Shirt,23947
Sealed Delphinad Hood,23946
Sealed Epherium Sash,23945
Sealed Epherium Sleeves,23944
Sealed Epherium Shoes,23943
Sealed Epherium Gloves,23942
Sealed Epherium Pants,23941
Sealed Epherium Shirt,23940
Sealed Epherium Hood,23939
Sealed Magnificent Sash,23938
Sealed Magnificent Sleeves,23937
Sealed Magnificent Shoes,23936
Sealed Magnificent Gloves,23935
Sealed Magnificent Pants,23934
Sealed Magnificent Shirt,23933
Sealed Magnificent Hood,23932
Sealed Illustrious Sash,23931
Sealed Illustrious Sleeves,23930
Sealed Illustrious Shoes,23929
Sealed Illustrious Gloves,23928
Sealed Illustrious Pants,23927
Sealed Illustrious Shirt,23926
Sealed Illustrious Hood,23925
Sealed Delphinad Drum,23924
Sealed Epherium Drum,23923
Sealed Illustrious Drum,23922
Sealed Delphinad Flute,23921
Sealed Epherium Flute,23920
Sealed Magnificent Flute,23919
Sealed Delphinad Lute,23918
Sealed Epherium Lute,23917
Sealed Magnificent Lute,23916
Sealed Delphinad Scepter,23915
Sealed Epherium Scepter,23914
Sealed Magnificent Scepter,23913
Sealed Delphinad Longspear,23912
Sealed Epherium Longspear,23911
Sealed Magnificent Longspear,23910
Sealed Delphinad Greatclub,23909
Sealed Epherium Greatclub,23908
Sealed Magnificent Greatclub,23907
Sealed Delphinad Greataxe,23906
Sealed Epherium Greataxe,23905
Sealed Magnificent Greataxe,23904
Sealed Delphinad Nodachi,23903
Sealed Epherium Nodachi,23902
Sealed Magnificent Nodachi,23901
Sealed Delphinad Greatsword,23900
Sealed Epherium Greatsword,23899
Sealed Magnificent Greatsword,23898
Sealed Delphinad Shield,23897
Sealed Epherium Shield,23896
Sealed Magnificent Shield,23895
Sealed Illustrious Shield,23894
Sealed Delphinad Bow,23893
Sealed Epherium Bow,23892
Sealed Magnificent Bow,23891
Sealed Illustrious Bow,23890
Sealed Delphinad Staff,23889
Sealed Epherium Staff,23888
Sealed Magnificent Staff,23887
Sealed Illustrious Staff,23886
Sealed Delphinad Shortspear,23885
Sealed Epherium Shortspear,23884
Sealed Magnificent Shortspear,23883
Sealed Illustrious Shortspear,23882
Sealed Delphinad Club,23881
Sealed Epherium Club,23880
Sealed Magnificent Club,23879
Sealed Illustrious Club,23878
Sealed Delphinad Axe,23877
Sealed Epherium Axe,23876
Sealed Magnificent Axe,23875
Sealed Illustrious Axe,23874
Sealed Delphinad Katana,23873
Sealed Epherium Katana,23872
Sealed Magnificent Katana,23871
Sealed Illustrious Katana,23870
Sealed Delphinad Sword,23869
Sealed Epherium Sword,23868
Sealed Magnificent Sword,23867
Sealed Illustrious Sword,23866
Sealed Delphinad Dagger,23865
Sealed Epherium Dagger,23864
Sealed Magnificent Dagger,23863
Sealed Illustrious Dagger,23862
npc blade_1h_31_4,23861
NPC bow_21_5,23860
npc staff_1h_46_1,23859
npc staff_1h_31_3,23858
npc staff_1h_36_1,23857
npc dagger_46_1,23856
npc shield_31_5,23855
Silver Falcon Feather,23852
npc 나라야나 아동 001 5feet,23851
npc 나라야나 아동 001 4hands,23850
npc 나라야나 아동 001 3legs,23849
npc 나라야나 아동 002 2chest,23848
npc 나라야나 아동 001 2chest,23847
tool_류트anyhand,23846
Returned Seal Fragment,23845
npc mace_2h_26_5,23844
Blueblood Necronomicon,23843
Gray Donkey Foal,23840
Venom Grenade,23839
Jellyfish Poison,23838
Portable Harpoon Cannon,23836
npc dagger_01_1,23835
Dahuta's Veil,23834
npc blade_1h_21_3,23833
Atalantia's Blade,23828
Killer's Greaves,23827
Warehouse Keeper's Breeches,23826
Soulshackle Pants,23825
Ferocious Butcher's Vambraces,23824
Ferocious Butcher's Tassets,23823
Cold-Blooded Guards,23822
Cold-Blooded Belt,23821
Sly Plunderer's Sleeves,23820
Sly Plunderer's Sash,23819
Ferocious Butcher's Sabatons,23817
Ferocious Butcher's Gauntlets,23816
Ferocious Butcher's Greaves,23815
Ferocious Butcher's Cuirass,23814
Ferocious Butcher's Helm,23813
Cold-Blooded Boots,23812
Cold-Blooded Fists,23811
Cold-Blooded Breeches,23810
Cold-Blooded Jerkin,23809
Cold-Blooded Cap,23808
Sly Plunderer's Shoes,23807
Sly Plunderer's Gloves,23806
Sly Plunderer's Pants,23805
Sly Plunderer's Shirt,23804
Sly Plunderer's Hood,23803
Screaming Morning Whistle,23801
Melted Bone Staff,23800
Leatherbrand Scepter,23799
Bonesplitter Bow,23798
Chest Cleaver Axe,23797
Bonecrush Flail,23796
Burnt Castle Enforcer,23795
Corpse Collector's Greaves,23794
Abyss Crawler's Breeches,23793
Blood Chemist's Pants,23792
Body Thief's Vambraces,23791
Body Thief's Tassets,23790
Dark Crawler's Guards,23789
Dark Crawler's Belt,23788
Blood Collector's Sleeves,23786
Blood Collector's Sash,23785
Body Thief's Sabatons,23784
Body Thief's Gauntlets,23783
Body Thief's Greaves,23782
Body Thief's Cuirass,23781
Body Thief's Helm,23780
Dark Crawler's Boots,23779
Dark Crawler's Fists,23778
Dark Crawler's Breeches,23777
Dark Crawler's Jerkin,23776
Dark Crawler's Cap,23775
Blood Collector's Shoes,23774
Blood Collector's Gloves,23773
Blood Collector's Pants,23772
Blood Collector's Shirt,23771
Blood Collector's Hood,23770
Blood Morning Bugle,23768
Blood Drinking Staff,23767
Bloody Fang,23765
Blooddraw Sword,23764
Bloodmist Blade,23763
Gnarled Blueblood Staff,23762
Anguished Monk's Vambraces,23761
Anguished Monk's Tassets,23760
Punished Believer's Guards,23759
Punished Believer's Belt,23758
Purified Monk's Sleeves,23757
Purified Monk's Sash,23756
Anguished Monk's Sabatons,23755
Anguished Monk's Gauntlets,23754
Anguished Monk's Greaves,23753
Anguished Monk's Cuirass,23752
Anguished Monk's Helm,23751
Punished Believer's Boots,23750
Punished Believer's Fists,23749
Punished Believer's Breeches,23748
Punished Believer's Jerkin,23747
Dead Privateer's Keepsake,23746
Punished Believer's Cap,23745
Purified Monk's Shoes,23744
Purified Monk's Gloves,23743
Purified Monk's Pants,23742
Purified Monk's Shirt,23741
Purified Monk's Hood,23740
Fire-Raising Drum,23738
Fire-Starting Staff,23737
Fire-Spitting Bow,23735
Fire-Striking Hammer,23734
Fire-Searing Spear,23733
Never-Burning Flame,23732
Steadfast Queen's Belt,23731
Anvilton Tassets,23730
Moondrop Tassets,23729
Secret Letter,23728
Akmit's Head,23727
Salphira Disciple's Seal,23726
Ironclad Design,23725
Fire Ironclad Design,23724
Wheeled Mortar Design,23723
Cart Bucket,23722
Ancient Pottery,23721
Aranzeb's Miracle,23720
Mighty Hulk Infusion,23719
Small Cork Sapling,23718
Permit,23717
ha_f_face00,23716
ha_m_face00,23715
el_f_face00,23714
el_m_face00,23713
Blood Archeum,23712
Delphinad Flame,23711
Nui's Smile,23710
White Elk Calf,23709
Violet Elk Calf,23708
Green Elk Calf,23707
Ehnoïr's Note,23706
Crest Bleach,23705
Battle Pet Formula,23704
White Wolfhound Pup,23702
Black Wolfhound Pup,23701
Najivos's Favorite Book,23700
dummy,23699
Merchant Schooner Design,23698
Kyrios's Helm Fragment,23697
Black Wolfhound,23696
White Wolfhound,23695
Torch,23693
Completed Scroll,23692
Forbidden Necronomicon,23690
Treatise of Confusion,23689
Tome of Bewilderment,23688
Tome of Transformation,23687
Whitetail Leomorph Cub,23686
Blacktail Leomorph Cub,23685
Alabaster Lilyut Foal,23684
Dappled Lilyut Foal,23683
Buckskin Lilyut Foal,23682
Gray Lilyut Foal,23681
Brown Lilyut Foal,23680
Black Lilyut Foal,23679
Nulling Potion,23678
Stealth Potion,23673
Fresh Meat,23672
Steel Ammo,23671
Siege Ammo,23670
Red Dragon Igniter,23669
Moonlight Stealth Device,23668
Godshield Generator,23667
Thunderstorm Bomb Bay,23666
Glider Thruster,23665
Glider Steering Mechanism,23664
Ultralight Wing Ribs,23663
White Elk,23662
Violet Elk,23661
tool_페례경비병창,23660
tool_하리하란경비병창,23659
tool_엘프경비병창,23658
tool_누이안경비병창,23657
npc dagger_26_7,23656
npc dagger_21_1,23655
npc dagger_11_1,23654
Mysterious Garden Powder,23653
npc dagger_26_5,23652
npc bow_16_2,23651
NPC bow_11_1,23650
npc blade_2h_16_1,23647
npc blade_2h_21_3,23646
npc sword_2h_16_1,23645
npc sword_2h_01_1,23644
tool_분제,23643
Shatigon's Sandglass: Pinch,23642
Shatigon's Sandglass: Handful,23641
Sovereign's Red Bed Design,23640
Noryette Bed Design,23639
Merchant's Lavish Bed,23638
Noble's Luxe Bed,23637
Adventurer's Clipper Design,23636
Vita Seed,23635
Nui's Tears,23634
Gilda Star,23633
Green Elk,23632
Ewer of Juice,23631
New Dwarven Fertilizer,23630
Tool_마네킹,23629
tool_물약상인 약병,23628
Paraffin Lantern,23626
Iron Crescent,23625
Salphira Shrine Flyer,23624
Secret Salphira Shrine Letter,23623
(퀘스트테스트용)치트 500데미지,23622
Blessed Lily,23621
Stealth Potion,23620
Scroll: Adventurer's Clipper,23618
Wind Sealstone,23617
Wind Sealstone,23616
Snowmane Snowlion Cub,23615
Coalmane Snowlion Cub,23614
Thunderbolt Glider,23613
Moonshadow Glider,23612
Mysterious Letter,23611
Sealed Pack,23610
Lilyut Foal,23609
Foal Trade Pack,23608
Leomorph Cub Trade Pack,23607
Elk Calf Trade Pack,23606
Yata Calf Trade Pack,23605
Small Torch,23604
Brown Wolfhound Pup,23603
Traditional Doll,23601
Tool_쇠스랑anihand,23600
Kyrios Statue,23599
Kyrios Statue,23598
Crude Bomb,23597
Glittering Skull,23596
Yearning River Water,23595
Roundcap Mushroom,23594
Ominous Fragment,23593
Shining Orb,23592
Cut Lilies,23591
Browntail Leomorph Cub,23590
Emergency Rations,23589
Nicola's Letter,23588
Tudor Rose Chalet (Terrace) Design,23586
Rustic Rose Chalet (Terrace) Design,23585
Rustic Spring Chalet (Terrace) Design,23584
Stone Spring Chalet (Terrace) Design,23583
Stone Slate Chalet (Terrace) Design,23582
Tudor Slate Chalet (Terrace) Design,23581
Tudor Rose Chalet (Balcony) Design,23580
Rustic Rose Chalet (Balcony) Design,23579
Tudor Spring Chalet (Balcony) Design,23578
Stone Spring Chalet (Balcony) Design,23577
Rustic Slate Chalet (Balcony) Design,23576
Stone Slate Chalet (Balcony) Design,23575
Tudor Slate Chalet (Balcony) Design,23574
Tudor Rose Chalet Design,23573
Rustic Rose Chalet Design,23572
Tudor Spring Chalet Design,23571
Stone Spring Chalet Design,23570
Rustic Slate Chalet Design,23569
Tudor Slate Chalet Design,23568
Light Summoning Scroll,23567
Stone Rose Villa (Sunroom) Design,23566
Tudor Rose Villa (Sunroom) Design,23565
Rustic Rose Villa (Sunroom) Design,23564
Tudor Spring Villa (Sunroom) Design,23563
Rustic Spring Villa (Sunroom) Design,23562
Stone Spring Villa (Sunroom) Design,23561
Rustic Slate Villa (Sunroom) Design,23560
Stone Slate Villa (Sunroom) Design,23559
Tudor Slate Villa (Sunroom) Design,23558
Tudor Rose Villa (Porch) Design,23557
Stone Rose Villa (Porch) Design,23556
Rustic Rose Villa (Porch) Design,23555
Tudor Spring Villa (Porch) Design,23554
Rustic Spring Villa (Porch) Design,23553
Stone Spring Villa (Porch) Design,23552
Stone Slate Villa (Porch) Design,23551
Rustic Slate Villa (Porch) Design,23550
Tudor Slate Villa (Porch) Design,23549
Tudor Rose Villa (Veranda) Design,23548
Stone Rose Villa (Veranda) Design,23547
Rustic Rose Villa (Veranda) Design,23546
Tudor Spring Villa (Veranda) Design,23545
Rustic Spring Villa (Veranda) Design,23544
Stone Spring Villa (Veranda) Design,23543
Stone Slate Villa (Veranda) Design,23542
Rustic Slate Villa (Veranda) Design,23541
Tudor Slate Villa (Veranda) Design,23540
Stone Rose Villa Design,23539
Vintage Tudor Rose Villa Design,23538
Rustic Rose Villa Design,23537
Rustic Spring Villa Design,23536
Tudor Spring Villa Design,23535
Stone Spring Villa Design,23534
Rustic Slate Villa Design,23533
Stone Slate Villa Design,23532
Tudor Slate Villa Design,23531
Stone Rose Townhouse Design,23530
Tudor Rose Townhouse Design,23529
Rustic Rose Townhouse Design,23528
Tudor Spring Townhouse Design,23527
Rustic Spring Townhouse Design,23526
Stone Spring Townhouse Design,23525
Rustic Slate Townhouse Design,23524
Stone Slate Townhouse Design,23523
Tudor Slate Townhouse Design,23522
Stone Rose Manor Design,23521
Tudor Rose Manor Design,23520
Rustic Rose Manor Design,23519
Tudor Spring Manor Design,23518
Rustic Spring Manor Design,23517
Stone Spring Manor Design,23516
Rustic Slate Manor Design,23515
Stone Slate Manor Design,23514
Tudor Slate Manor Design,23513
Cursed Malika Mask,23512
Buffalo Intestines,23511
Full Kit: Fellowship Plaza,23505
Full Kit: Private Leatherwork Table,23504
Full Kit: Private Smelter,23503
Full Kit: Private Sawmill,23502
Full Kit: Private Loom,23501
Full Kit: Private Masonry Table,23500
Full Kit: Breezy Bungalow,23499
Full Kit: Aquafarm,23498
Full Kit: Gazebo Farm,23497
Full Kit: Thatched Farmhouse,23496
Stellar Scarecrow Farm Kit,23495
Lunar Scarecrow Farm Kit,23494
Solar Scarecrow Farm Kit,23493
Full Kit: Scarecrow Farm,23492
Full Kit: Scarecrow Garden,23491
Full Kit: Raised Swept-Roof Chalet,23490
Full Kit: Swept-Roof Manor,23489
Full Kit: Swept-Roof Cottage,23488
Full Kit: Tudor Rose Chalet (Terrace),23487
Full Kit: Rustic Rose Chalet (Terrace),23486
Full Kit: Stone Spring Chalet (Terrace),23485
Full Kit: Stone Spring Chalet (Terrace),23484
Full Kit: Stone Slate Chalet (Terrace),23483
Full Kit: Tudor Slate Chalet (Terrace),23482
Full Kit: Tudor Rose Chalet (Balcony),23481
Full Kit: Rustic Rose Chalet (Balcony),23480
Full Kit: Tudor Spring Chalet (Balcony),23479
Full Kit: Stone Spring Chalet (Balcony),23478
Full Kit: Rustic Slate Chalet (Balcony),23477
Full Kit: Stone Slate Chalet (Balcony),23476
Full Kit: Tudor Slate Chalet (Balcony),23475
Full Kit: Tudor Rose Chalet,23474
Full Kit: Rustic Rose Chalet,23473
Full Kit: Tudor Spring Chalet,23472
Full Kit: Stone Spring Chalet,23471
Full Kit: Rustic Slate Chalet,23470
Full Kit: Tudor Slate Chalet,23469
Full Kit: Stone Rose Villa (Sunroom),23468
Full Kit: Tudor Rose Villa (Sunroom),23467
Full Kit: Rustic Rose Villa (Sunroom),23466
Full Kit: Tudor Spring Villa (Sunroom),23465
Full Kit: Rustic Spring Villa (Sunroom),23464
Full Kit: Stone Spring Villa (Sunroom),23463
Full Kit: Rustic Slate Villa (Sunroom),23462
Full Kit: Stone Slate Villa (Sunroom),23461
Full Kit: Tudor Slate Villa (Sunroom),23460
Full Kit: Tudor Rose Villa (Porch),23459
Full Kit: Stone Rose Villa (Porch),23458
Full Kit: Rustic Rose Villa (Porch),23457
Full Kit: Tudor Spring Villa (Porch),23456
Full Kit: Rustic Spring Villa (Porch),23455
Full Kit: Stone Spring Villa (Porch),23454
Full Kit: Stone Slate Villa (Porch),23453
Full Kit: Rustic Slate Villa (Porch),23452
Full Kit: Tudor Slate Villa (Porch),23451
Full Kit: Tudor Rose Villa (Veranda),23450
Full Kit: Stone Rose Villa (Veranda),23449
Full Kit: Rustic Rose Villa (Veranda),23448
Full Kit: Tudor Spring Villa (Veranda),23447
Full Kit: Rustic Spring Villa (Veranda),23446
Full Kit: Stone Spring Villa (Veranda),23445
Full Kit: Stone Slate Villa (Veranda),23444
Full Kit: Tudor Slate Villa (Veranda),23443
Full Kit: Rustic Slate Villa (Veranda),23442
Full Kit: Stone Rose Villa,23441
Full Kit: Vintage Tudor Rose Villa,23440
Full Kit: Rustic Rose Villa,23439
Full Kit: Rustic Spring Villa,23438
Guide Belt,23436
Hardy Potato,23435
Captured Pullet,23434
Chicken Net,23433
Rock Turtle Meat,23432
npc m_216 5feet,23431
npc m_219 4hands,23430
npc m_216 3legs,23429
npc m_215 2chest,23428
Lost Soul's Bottle,23426
Hereafter Seal,23425
Mystic Mortar,23424
Runescribed Key,23423
Goddess Tear,23422
Sealed Pack,23421
봉인된 편지(안씀),23420
Elven Rope,23419
Sandalwood Rafflesia Sap,23418
Sap Needle,23417
Neilson's Lightning Rod,23416
Moya's Weedkiller,23415
Altar Fragment,23411
Blue Scale Jewel,23410
Green Leaf Jewel,23409
Rough Red Jewel,23408
Secret Astra Agreement,23407
Daybreak Feather,23404
Kisara's Heart,23402
Leather Armor of Dusty Memory,23401
Iron Armor of Empty Memory,23400
Civilian Jerkin,23399
Scroll: Merchant Schooner,23398
Civilian Boots,23397
Battlerage Novice's Boots,23396
Counteragent,23395
Battlerage Novice's Pants,23394
Civilian Breeches,23393
Battlerage Novice's Shirt,23392
Sorcery Novice's Shoes,23391
Civilian Shoes,23390
Sorcery Novice's Pants,23389
Civilian Pants,23388
Civilian Shirt,23387
Soccer Cleats,23386
Sorcery Novice's Shirt,23385
Black Bottle,23384
Improved Glider,23383
Enhanced Glider,23382
Ultimate Glider,23381
Snowlion Cub Trade Pack,23380
npc c_500b 2chest,23379
npc c_501b 2chest,23378
tool_의자,23377
Dwarven Machine Parts,23331
Yaksa General's Cuirass,23330
Plains Song Jerkin,23329
Lost Prince's Shirt,23328
Perinoor Longspear,23327
Perinoor Greatclub,23326
Perinoor Greataxe,23325
Perinoor Nodachi,23324
Perinoor Greatsword,23323
East Ishvaran Bow,23322
목걸이.32레벨.QUEST.고급,23321
South Ishvaran Staff,23320
South Ishvaran Scepter,23319
Silent Jade Shortspear,23318
Silent Jade Club,23317
Silent Jade Axe,23316
Yaksa General's Sabatons,23314
Yaksa General's Gauntlets,23313
Yaksa General's Greaves,23312
Yaksa General's Helm,23311
Plains Song Boots,23310
Plains Song Fists,23309
Plains Song Breeches,23308
Plains Song Cap,23307
Lost Prince's Shoes,23306
Lost Prince's Gloves,23305
Lost Prince's Pants,23304
Lost Prince's Hood,23303
Narayana Merchant's Shield,23302
Firesnarl Flute,23300
Firesnarl Lute,23299
귀걸이.31레벨.QUEST.고급,23298
Yaksa General's Vambraces,23297
Yaksa General's Tassets,23296
Plains Song Guards,23295
Plains Song Belt,23294
Lost Prince's Sleeves,23293
Lost Prince's Sash,23292
Elza's Bow,23291
반지.31레벨.QUEST.고급,23290
Loka Shaman Staff,23289
Loka Shaman Scepter,23288
Grassea Katana,23287
Grassea Sword,23286
Grassea Dagger,23285
목걸이.30레벨.QUEST.고대,23284
Royal Guard Cuirass,23283
Royal Guard Helm,23282
Abyssal Jerkin,23281
Abyssal Cap,23280
Jester King's Shirt,23279
Jester King's Hood,23278
Hubert's Shield,23277
Calleil Priory Longspear,23276
Calleil Priory Greatclub,23275
Calleil Priory Greataxe,23274
Calleil Priory Nodachi,23273
Calleil Priory Greatsword,23272
Waterdrop Flute,23270
Waterdrop Lute,23269
Blueglass Bow,23268
귀걸이.29레벨.QUEST.고대,23267
Royal Guard Sabatons,23266
Royal Guard Gauntlets,23265
Royal Guard Greaves,23264
Abyssal Boots,23263
Abyssal Fists,23262
Abyssal Breeches,23261
Jester King's Shoes,23260
Jester King's Gloves,23259
Jester King's Pants,23258
Anti-Machine Staff,23257
Anti-Machine Scepter,23256
North Ishvaran Shortspear,23255
North Ishvaran Club,23254
North Ishvaran Axe,23253
반지.28레벨.QUEST.고대,23251
Royal Guard Vambraces,23250
Royal Guard Tassets,23249
Abyssal Guards,23248
Abyssal Belt,23247
Jester King's Sleeves,23246
Jester King's Sash,23245
Full Moon's Cuirass,23244
Red Sun Jerkin,23243
Light Star Shirt,23242
Truth Seeking Shield,23241
Hoffman's Longspear,23240
Hoffman's Greatclub,23239
Hoffman's Greataxe,23238
Hoffman's Nodachi,23237
Hoffman's Greatsword,23236
Osmo's Katana,23235
Osmo's Sword,23234
Osmo's Dagger,23233
목걸이.27레벨.QUEST.일반,23232
Light Star Hood,23231
Full Moon's Sabatons,23230
Full Moon's Gauntlets,23229
Full Moon's Greaves,23228
Full Moon's Helm,23227
Red Sun Boots,23226
Red Sun Fists,23225
Red Sun Breeches,23224
Red Sun Cap,23223
Light Star Shoes,23222
Light Star Gloves,23221
Light Star Pants,23220
Baht's Token,23219
"Unknown Book, Pg. 33",23218
"Unknown Book, Pg. 32",23217
"Unknown Book, Pg. 31",23216
Someone's Pipe,23214
Someone's Lute,23213
Horace's Bow,23212
Full Moon's Vambraces,23211
Full Moon's Tassets,23210
Red Sun Guards,23209
Red Sun Belt,23208
Light Star Sleeves,23207
Light Star Sash,23206
Torphin's Staff,23205
Grave Digger's Staff,23204
Torphin's Scepter,23203
Grave Digger's Scepter,23202
귀걸이.26레벨.QUEST.일반,23201
귀걸이.26레벨.QUEST.일반,23200
Grave Relic Cuirass,23199
Ezna Cuirass,23198
Jerkin of Silence,23197
Full Moon Jerkin,23196
Shadow Shirt,23195
Eclipse Shirt,23194
Hennie's Shortspear,23193
Lavamoat Shortspear,23192
Hennie's Club,23191
Lavamoat Club,23190
Hennie's Axe,23189
Lavamoat Axe,23188
반지.25레벨.QUEST.일반,23187
반지.25레벨.QUEST.일반,23186
Grave Relic Helm,23185
Ezna Helm,23184
Silent Cap,23183
Full Moon Cap,23182
Shadow Hood,23181
Eclipse Hood,23180
Rafaak's Shield,23179
Eternal Rest Shield,23178
Bergran's Longspear,23177
Antiquarian's Longspear,23176
Bergran's Greatclub,23175
Antiquarian's Greatclub,23174
Bergran's Greataxe,23173
Antiquarian's Greataxe,23172
Bergran's Nodachi,23171
Antiquarian's Nodachi,23170
Bergran's Greatsword,23169
Antiquarian's Greatsword,23168
Eltere's Guardian Necklace,23167
Dragonscale Necklace,23166
Senate's Dragon Knot Necklace,23165
Crow's Brand Necklace,23164
Rosemarin's Flute,23161
Painted Fields Pipe,23160
Rosemarin's Lute,23159
Painted Fields Lute,23158
Elda's Bow,23157
Jorgensen's Bow,23156
Grave Relic Vambraces,23155
Ezna Vambraces,23154
Grave Relic Sabatons,23153
Ezna Sabatons,23152
Grave Relic Gauntlets,23151
Ezna Gauntlets,23150
Grave Relic Greaves,23149
Ezna Greaves,23148
Grave Relic Tassets,23147
Ezna Tassets,23146
Silent Guards,23145
Full Moon Guards,23144
Silent Boots,23143
Full Moon Boots,23142
Fists of Silence,23141
Full Moon's Fists,23140
Silent Breeches,23139
Full Moon Breeches,23138
Silent Belt,23137
Full Moon's Belt,23136
Shadow Sleeves,23135
Eclipse Sleeves,23134
Shadow Shoes,23133
Eclipse Shoes,23132
Shadow Gloves,23131
Eclipse Gloves,23130
Shadow Pants,23129
Eclipse Pants,23128
Shadow Sash,23127
Solar Eclipse Sash,23126
Sea Watcher Cuirass,23125
Queen's Loyal Guard Cuirass,23124
Drunken Blade Jerkin,23123
Caretaker's Jerkin,23122
Lovestruck Shirt,23121
Crossroads Shirt,23120
Pederson's Staff,23119
Defense Corps Staff,23118
Pederson's Scepter,23117
Defense Corps Scepter,23116
Fresh Blood,23115
Elephant Meat,23114
Windstorm Pet Helm,23113
Windstorm Pet Legguards,23112
Windstorm Mount Saddle,23111
Whirlwind Pet Helm,23110
Whirlwind Pet Legguards,23109
Whirlwind Mount Saddle,23108
Shining Pet Legguards,23107
Shining Mount Saddle,23106
Shining Pet Helm,23105
Solid Pet Legguards,23104
Solid Mount Saddle,23103
Solid Pet Helm,23102
Sturdy Pet Legguards,23101
Sturdy Mount Saddle,23100
Sturdy Pet Helm,23099
Hard Pet Legguards,23098
Hard Mount Saddle,23097
Hard Pet Helm,23096
Light Pet Legguards,23095
Light Mount Saddle,23094
Light Pet Helm,23093
Shabby Pet Legguards,23092
Shabby Mount Saddle,23091
Shabby Pet Helm,23090
Calmlands Right Tower Design,23089
Calmlands Left Tower Design,23088
Marcala Right Tower Design,23087
Marcala Left Tower Design,23086
Nuimari Right Tower Design,23085
Nuimari Center Tower Design,23084
Nuimari Left Tower Design,23083
Sandstorm Jerkin,23058
Sylvan Devi Jerkin,23057
Clan Alliance Shirt,23056
Eternal Rest Shirt,23055
Forest Guardian's Katana,23054
Venomist Katana,23053
Forest Guardian's Sword,23052
Venomist Sword,23051
Forest Guardian's Dagger,23050
Venomist Dagger,23049
Sun Father's Will,23048
Shadowhawk Twin Sword Earring,23047
Dream Hunter Earring,23046
Crescent Sun Earring,23045
Windwhips Seal Ring,23044
Nighthawk Ring,23043
Sea Goddess Droplets,23042
Retired Veteran's Token,23041
Sea Watcher Sabatons,23040
Queen's Loyal Guard Sabatons,23039
Sea Watcher Gauntlets,23038
Queen's Loyal Guard Gauntlets,23037
Sea Watcher Greaves,23036
Queen's Loyal Guard Greaves,23035
Sea Watcher Helm,23034
Queen's Loyal Guard Helm,23033
Drunken Blade Boots,23032
Caretaker's Boots,23031
Drunken Blade Fists,23030
Caretaker's Fists,23029
Drunken Blade Breeches,23028
Caretaker's Breeches,23027
Lovestruck Hood,23026
Crossroads Hood,23025
Drunken Blade Cap,23024
Caretaker's Cap,23023
Lovestruck Shoes,23022
Crossroads Shoes,23021
Lovestruck Gloves,23020
Crossroads Gloves,23019
Lovestruck Pants,23018
Crossroads Pants,23017
Winebalm Shield,23016
Vigo's Shield,23015
Paddies Longspear,23014
Torini's Longspear,23013
Paddies Greathammer,23012
Torini's Greathammer,23011
Paddies Greataxe,23010
Torini's Greataxe,23009
Paddies Nodachi,23008
Torini's Nodachi,23007
Paddies Greatsword,23006
Torini's Greatsword,23005
Lovestruck Sash,23004
Crossroads Sash,23003
Sea Watcher Vambraces,23002
Queen's Loyal Guard Vambraces,23001
Sea Watcher Tassets,23000
Queen's Loyal Guard Tassets,22999
Drunken Blade Guards,22998
Caretaker's Guards,22997
Drunk Blade Belt,22996
Caretaker's Belt,22995
Lovestruck Sleeves,22994
Crossroads Sleeves,22993
Old Imperial Cuirass,22992
Guardian's Cuirass,22991
Kalia Jerkin,22990
Crossroads Jerkin,22989
Sun Shirt,22988
Hereafter Shirt,22987
Wingfeather Pipe,22984
Cork Forest Pipe,22983
Cork Forest Lute,22982
Wingfeather Lute,22981
Red-Eyed Bow,22980
Seven Bridges Bow,22979
Lutesong Shortspear,22978
Dawnsliver Shortspear,22977
Lutesong Club,22976
Dawnsliver Club,22975
Lutesong Axe,22974
Dawnsliver Axe,22973
Steppe Warrior Chain,22972
Thuja Necklace,22971
Lion Seal Necklace,22970
Nui's Shield Necklace,22969
Blacksail Staff,22968
Staff of Sad Lovers,22967
Blacksail Scepter,22966
Scepter of Sad Lovers,22965
Old Imperial Sabatons,22964
Guardian's Sabatons,22963
Old Imperial Gauntlets,22962
Guardian's Gauntlets,22961
Old Imperial Greaves,22960
Guardian's Greaves,22959
Old Imperial Helm,22958
Guardian's Helm,22957
Kalia Boots,22956
Crossroads Boots,22955
Kalia Fists,22954
Crossroads Fists,22953
Kalia Breeches,22952
Crossroads Breeches,22951
Kalia Cap,22950
Crossroads Cap,22949
Sun Shoes,22948
Hereafter Shoes,22947
Sun Gloves,22946
Hereafter Gloves,22945
Sun Pants,22944
Hereafter Pants,22943
Sun Hood,22942
Hereafter Hood,22941
Passion Keeper,22940
Gold Fang Earring,22939
Belion's Ranger Earring,22938
Tear of Nui's Chosen,22937
Hassine's Shield,22936
Brokenwing Shield,22935
Botanist's Longspear,22934
Guardian's Longspear,22933
Botanist's Greatclub,22932
Guardian's Greatclub,22931
Botanist's Greataxe,22930
Guardian's Greataxe,22929
Botanist's Nodachi,22928
Guardian's Nodachi,22927
Botanist's Greatsword,22926
Guardian's Greatsword,22925
Mine Foreman's Katana,22924
Damien's Katana,22923
Mine Foreman's Sword,22922
Damien's Sword,22921
Mine Foreman's Dagger,22920
Damien's Dagger,22919
Secret Promises Ring,22918
North Star Engraved Ring,22917
Forest Guardian's Charm,22916
White Tree Knot Ring,22915
Old Imperial Vambraces,22914
Guardian's Vambraces,22913
Old Imperial Tassets,22912
Guardian's Tassets,22911
Kalia Guards,22910
Crossroads Guards,22909
Kalia Belt,22908
Crossroads Belt,22907
Sun Sleeves,22906
Hereafter Sleeves,22905
Sun Sash,22904
Hereafter Belt,22903
Visitor's Pipe,22900
Jaira's Pipe,22899
Visitor's Lute,22898
Jaira's Lute,22897
Karmak's Bow,22896
Tarvez's Bow,22895
Heavenly Harmony Staff,22894
Sandcloud Staff,22893
Heavenly Harmony Scepter,22892
Sandcloud Scepter,22891
Anvilton Cuirass,22890
Moondrop Cuirass,22889
Steadfast Queen's Jerkin,22888
Guide Jerkin,22887
Hal Hahpa Shirt,22886
White Crow Shirt,22885
Buffalo Bone Shortspear,22884
Lieutenant William's Shortspear,22883
Buffalo Bone Mace,22882
Lieutenant William's Club,22881
Buffalo Bone Axe,22880
Lieutenant William's Axe,22879
Legendary Charmed Necklace,22878
Forgotten Bard's Hoop,22877
Watcher's Eye Necklace,22876
White Crow Necklace,22875
Anvilton Helm,22874
Moondrop Helm,22873
Steadfast Queen's Cap,22872
Guide Cap,22871
Hal Hahpa Hood,22870
White Crow Hood,22869
Archerfish Longspear,22868
Comrade's Longspear,22867
Archerfish Greatclub,22866
Comrade's Greatclub,22865
Archerfish Greataxe,22864
Comrade's Greataxe,22863
Archerfish Nodachi,22862
Comrade's Nodachi,22861
Archerfish Greatsword,22860
Comrade's Greatsword,22859
Poacher's Pipe,22856
Stokal Pipe,22855
Poacher's Lute,22854
Stokal Lute,22853
Akmaan's Bow,22852
Hellsdame Oasis Bow,22851
Hawk Earring,22850
Owl Earring,22849
Nymph Jewel,22848
Silver Spear Earring,22847
Anvilton Sabatons,22846
Moondrop Sabatons,22845
Anvilton Gauntlets,22844
Moondrop Gauntlets,22843
Anvilton Greaves,22842
Moondrop Greaves,22841
Steadfast Queen's Boots,22840
Guide Boots,22839
Steadfast Queen's Fists,22838
Guide Fists,22837
Steadfast Queen's Breeches,22836
Guide Breeches,22835
Hal Hahpa Shoes,22834
White Crow Shoes,22833
Hal Hahpa Gloves,22832
White Crow Gloves,22831
Hal Hahpa Pants,22830
White Crow Pants,22829
Supanya's Shield,22828
Maximel's Shield,22827
Alkaran's Staff,22826
Kitchen Guard's Staff,22825
Alkaran's Scepter,22824
Kitchen Guard's Scepter,22823
Manshara's Katana,22822
Royster Guard Katana,22821
Manshara's Sword,22820
Royster Guard Sword,22819
Manshara's Dagger,22818
Royster Guard Dagger,22817
Dark Ruler's Tassets,22816
Dark Desert Tassets,22815
Silver Shadow Tassets,22814
Mysterious Astra Tassets,22813
Blood Prince Tassets,22812
Wraith Agent's Tassets,22811
Peace Keeping Tassets,22810
Winter Rain Tassets,22809
Raging Storm Tassets,22808
Nuimari Tassets,22807
Heedmar Tassets,22806
Quiet Night Tassets,22805
Great Conqueror's Tassets,22804
Tearful Lord's Tassets,22803
Rising Army Tassets,22802
Blood Stench Tassets,22801
Harsh Trials Tassets,22800
Firm Will Tassets,22799
Timeless Memory Tassets,22798
True Testament Tassets,22797
Lonely Berserker's Tassets,22796
Victorious General's Tassets,22795
Nightmare Tassets,22794
Usurper's Tassets,22793
Galaxy Traveler's Tassets,22792
Halcyona Gulf Tassets,22791
Duststorm Tassets,22790
Safety First Tassets,22789
Dark Ruler's Vambraces,22788
Dark Desert Vambraces,22787
Silver Shadow Vambraces,22786
Mysterious Astra's Vambraces,22785
Blood Prince Vambraces,22784
Wraith Agent's Vambraces,22783
Peace Keeping Vambraces,22782
Winter Rain Vambraces,22781
Raging Storm Vambraces,22780
Nuimari Vambraces,22779
Heedmar Vambraces,22778
Quiet Night Vambraces,22777
Great Conqueror's Vambraces,22776
Tearful Lord's Vambraces,22775
Rising Army's Vambraces,22774
Blood Stench Vambraces,22773
Harsh Trials Vambraces,22772
Firm Will Vambraces,22771
Timeless Memory Vambraces,22770
True Testament Vambraces,22769
Lonely Berserker's Vambraces,22768
Victorious General's Vambraces,22767
Nightmare Vambraces,22766
Usurper's Vambraces,22765
Galaxy Traveler's Vambraces,22764
Halcyona Gulf Vambraces,22763
Duststorm Vambraces,22762
Safety First Vambraces,22761
Dark Ruler's Sabatons,22760
Dark Desert Sabatons,22759
Mysterious Astra Sabatons,22758
Silver Shadow Sabatons,22757
Blood Prince Sabatons,22756
Wraith Agent's Sabatons,22755
Peace Keeping Sabatons,22754
Winter Rain Sabatons,22753
Raging Storm Sabatons,22752
Nuimari Sabatons,22751
Heedmar Sabotons,22750
Great Conqueror's Sabatons,22749
Quiet Night Sabatons,22748
Tearful Lord's Sabatons,22747
Rising Army Sabatons,22746
Blood Stench Sabatons,22745
Harsh Trials Sabatons,22744
Firm Will Sabatons,22743
Timeless Memory Sabatons,22742
True Testament Sabatons,22741
Lonely Berserker's Sabatons,22740
Victorious General's Sabatons,22739
Nightmare Sabatons,22738
Usurper's Sabatons,22737
Galaxy Traveler's Sabatons,22736
Halcyona Gulf Sabatons,22735
Duststorm Sabatons,22734
Safety First Sabatons,22733
Dark Ruler's Gauntlets,22732
Dark Desert Gauntlets,22731
Mysterious Astra Gauntlets,22730
Silver Shadow Gauntlets,22729
Blood Prince Gauntlets,22728
Wraith Agent's Gauntlets,22727
Peace Keeping Gauntlets,22726
Winter Rain Gauntlets,22725
Raging Storm Gauntlets,22724
Nuimari Gauntlets,22723
Heedmar Gauntlets,22722
Great Conqueror's Gauntlets,22721
Quiet Night Gauntlets,22720
Tearful Lord's Gauntlets,22719
Rising Army Gauntlets,22718
Blood Stench Gauntlets,22717
Harsh Trials Gauntlets,22716
Firm Will Gauntlets,22715
Timeless Memory Gauntlets,22714
True Testament Gauntlets,22713
Lonely Berserker's Gauntlets,22712
Victorious General's Gauntlets,22711
Nightmare Gauntlets,22710
Usurper's Gauntlets,22709
Galaxy Traveler's Gauntlets,22708
Halcyona Gulf Gauntlets,22707
Duststorm Gauntlets,22706
Safety First Gauntlets,22705
Dark Ruler's Greaves,22704
Dark Desert Greaves,22703
Mysterious Astra Greaves,22702
Silver Shadow Greaves,22701
Blood Prince Greaves,22700
Wraith Agent's Greaves,22699
Peace Keeping Greaves,22698
Winter Rain Greaves,22697
Raging Storm Greaves,22696
Nuimari Greaves,22695
Heedmar Greaves,22694
Great Conqueror's Greaves,22693
Quiet Night Greaves,22692
Tearful Lord's Greaves,22691
Rising Army Greaves,22690
Blood Stench Greaves,22689
Harsh Trials Greaves,22688
Firm Will Greaves,22687
Timeless Memory Greaves,22686
True Testament Greaves,22685
Lonely Berserker's Greaves,22684
Victorious General's Greaves,22683
Nightmare Greaves,22682
Usurper's Greaves,22681
Galaxy Traveler Greaves,22680
Halcyona Gulf Greaves,22679
Duststorm Greaves,22678
Safety First Greaves,22677
Dark Ruler's Cuirass,22676
Dark Desert Cuirass,22675
Mysterious Astra Cuirass,22674
Silver Shadow Cuirass,22673
Blood Prince Cuirass,22672
Wraith Agent's Cuirass,22671
Peace Keeping Cuirass,22670
Winter Rain Cuirass,22669
Raging Storm Cuirass,22668
Nuimari Cuirass,22667
Heedmar Cuirass,22666
Great Conqueror's Cuirass,22665
Quiet Night Cuirass,22664
Tearful Lord's Cuirass,22663
Rising Army Cuirass,22662
Blood Stench Cuirass,22661
Harsh Trials Cuirass,22660
Firm Will Cuirass,22659
Timeless Memory Cuirass,22658
True Testament Cuirass,22657
Lonely Berserker's Cuirass,22656
Victorious General's Cuirass,22655
Nightmare Cuirass,22654
Usurper's Cuirass,22653
Galaxy Traveler's Cuirass,22652
Halcyona Gulf Cuirass,22651
Duststorm Cuirass,22650
Safety First Cuirass,22649
Dark Ruler's Helm,22648
Dark Desert Helm,22647
Mysterious Astra Helm,22646
Silver Shadow Helm,22645
Blood Prince Helm,22644
Wraith Agent's Helm,22643
Peace Keeping Helm,22642
Winter Rain Helm,22641
Raging Storm Helm,22640
Nuimari Helm,22639
Heedmar Helm,22638
Great Conqueror's Helm,22637
Quiet Night Helm,22636
Tearful Lord's Helm,22635
Rising Army Helm,22634
Blood Stench Helm,22633
Harsh Trials Helm,22632
Firm Will Helm,22631
Timeless Memory Helm,22630
True Testament Helm,22629
Lonely Berserker's Helm,22628
Victorious General's Helm,22627
Nightmare Helm,22626
Usurper's Helm,22625
Galaxy Traveler's Helm,22624
Halcyona Gulf Helm,22623
Duststorm Helm,22622
Safety First Helm,22621
Cold White Yearning,22620
Justice of Pavitra the Conqueror,22619
Silent Forest Belt,22618
Brave Aeon's Belt,22617
Misty Dusk Belt,22616
Violet Glory Belt,22615
Prospector's Wanderlust Belt,22614
Peaceful Cloud Belt,22613
Wicked Scoundrel's Belt,22612
Wailing Sadness Belt,22611
Dirge Belt,22610
Recombined Elemental's Belt,22609
Secret Transformation Belt,22608
Bloodmist Falcon Belt,22607
Airain Rock Belt,22606
Last Lord's Belt,22605
Burning Flames Belt,22604
Night Shadow Belt,22603
Sharp Wind Belt,22602
Restored Enigmatic Belt,22601
Eternity Belt,22600
Ruthless Death's Belt,22599
Dancing Heroine's Belt,22598
Pure Soul's Belt,22597
Cinderstone Wraith Belt,22596
Castaway Strait Belt,22595
Shadow Thief's Belt,22594
Dusty Belt,22593
Cold White Tears,22592
Honor of Pavitra the Conqueror,22591
Silent Forest Guards,22590
Brave Aeon's Guards,22589
Misty Dusk Guards,22588
Violet Glory Guards,22587
Prospector's Wanderlust Guards,22586
Peaceful Cloud Guards,22585
Wicked Scoundrel's Guards,22584
Wailing Sadness Guards,22583
Dirge Guards,22582
Recombined Elemental's Guards,22581
Secret Transformation Guards,22580
Bloodmist Falcon Guards,22579
Airain Rock Guards,22578
Final Lord's Guards,22577
Burning Flames Guards,22576
Night Shadow Guards,22575
Sharp Wind Guards,22574
Restored Enigmatic Guards,22573
Eternity Guards,22572
Ruthless Death's Guards,22571
Dancing Heroine's Guards,22570
Pure Soul's Guards,22569
Cinderstone Wraith Guards,22568
Castaway Strait Guards,22567
Shadow Thief's Guards,22566
Dusty Guards,22565
Cold White Dream,22564
Glory of Pavitra the Conqueror,22563
Silent Forest Boots,22562
Brave Aeon's Boots,22561
Misty Dusk Boots,22560
Violet Glory Boots,22559
Prospector's Wanderlust Boots,22558
Peaceful Cloud Boots,22557
Wicked Scoundrel's Boots,22556
Wailing Sadness Boots,22555
Dirge Boots,22554
Recombined Elemental's Boots,22553
Secret Transformation Boots,22552
Bloodmist Falcon Boots,22551
Burning Flames Boots,22550
Last Lord's Boots,22549
Airain Rock Boots,22548
Night Shadow Boots,22547
Restored Enigmatic Boots,22546
Eternity Boots,22545
Sharp Wind Boots,22544
Ruthless Death's Boots,22543
Dancing Heroine's Boots,22542
Pure Soul's Boots,22541
Cinderstone Wraith Boots,22540
Castaway Strait Boots,22539
Shadow Thief's Boots,22538
Dusty Boots,22537
Cold White Feather,22536
Will of Pavitra the Conqueror,22535
Silent Forest Fists,22534
Brave Aeon's Fists,22533
Misty Dusk Fists,22532
Violet Glory Fists,22531
Prospector's Wanderlust Fists,22530
Calm Cloud Fists,22529
Wicked Scoundrel's Fists,22528
Wailing Sadness Fists,22527
Dirge Fists,22526
Recombined Elemental's Fists,22525
Secret Transformation Fists,22524
Bloodmist Falcon Fists,22523
Burning Flames Fists,22522
Final Lord's Fists,22521
Airain Rock Fists,22520
Night Shadow Fists,22519
Restored Enigmatic Fists,22518
Eternity Fists,22517
Sharp Wind Fists,22516
Ruthless Death's Fists,22515
Dancing Heroine's Fists,22514
Pure Soul's Fists,22513
Cinderstone Wraith Fists,22512
Castaway Straight Fists,22511
Shadow Thief's Fists,22510
Dusty Fists,22509
Cold White Trails,22508
Pavitra's Victory,22507
Silent Forest Breeches,22506
Brave Aeon's Breeches,22505
Misty Dusk Breeches,22504
Violet Glory Breeches,22503
Prospector's Wanderlust Breeches,22502
Calm Cloud Breeches,22501
Wicked Scoundrel's Breeches,22500
Wailing Sadness Breeches,22499
Dirge Breeches,22498
Recombined Elemental's Breeches,22497
Secret Transformation Breeches,22496
Bloodmist Falcon Breeches,22495
Burning Flames Breeches,22494
Final Lord's Breeches,22493
Airain Rock Breeches,22492
Night Shadow Breeches,22491
Restored Enigmatic Breeches,22490
Eternity Breeches,22489
Sharp Wind Breeches,22488
Ruthless Death's Breeches,22487
Dancing Heroine's Breeches,22486
Pure Soul's Breeches,22485
Cinderstone Wraith's Breeches,22484
Castaway Strait Breeches,22483
Shadow Thief's Breeches,22482
Dusty Breeches,22481
Cold White Smile,22480
Destiny of Pavitra the Conqueror,22479
Silent Forest Jerkin,22478
Brave Aeon's Jerkin,22477
Misty Dusk Jerkin,22476
Violet Glory Jerkin,22475
Prospector's Wanderlust Jerkin,22474
Peaceful Cloud Jerkin,22473
Wicked Scoundrel's Jerkin,22472
Wailing Sadness Jerkin,22471
Dirge Jerkin,22470
Recombined Elemental's Jerkin,22469
Secret Transformation Jerkin,22468
Bloodmist Falcon Jerkin,22467
Burning Flames Jerkin,22466
Last Lord's Jerkin,22465
Airain Rock Jerkin,22464
Night Shadow Jerkin,22463
Restored Enigmatic Jerkin,22462
Eternity Jerkin,22461
Sharp Wind Jerkin,22460
Ruthless Death's Jerkin,22459
Dancing Heroine's Jerkin,22458
Pure Soul's Jerkin,22457
Cinderstone Wraith Jerkin,22456
Castaway Strait Jerkin,22455
Shadow Thief's Jerkin,22454
Dusty Jerkin,22453
Cold White Eye,22452
Order of Pavitra the Conqueror,22451
Silent Forest Cap,22450
Brave Aeon's Cap,22449
Misty Dusk Cap,22448
Violet Glory Cap,22447
Prospector's Wanderlust Cap,22446
Peaceful Cloud Cap,22445
Wicked Scoundrel's Cap,22444
Wailing Sadness Cap,22443
Dirge Cap,22442
Recombined Elemental's Cap,22441
Secret Transformation Cap,22440
Bloodmist Falcon Cap,22439
Burning Flames Cap,22438
Last Lord's Cap,22437
Airain Rock Cap,22436
Night Shadow Cap,22435
Restored Enigmatic Cap,22434
Eternity Cap,22433
Sharp Wind Cap,22432
Ruthless Death's Cap,22431
Dancing Heroine's Cap,22430
Pure Soul's Cap,22429
Cinderstone Wraith Cap,22428
Castaway Strait Cap,22427
Shadow Thief's Cap,22426
Dusty Cap,22425
Divine Touch Sash,22424
Sun's End Sash,22423
Crescent Throne Sash,22422
Sea Witch Sash,22421
Knotted Hell Sash,22420
Dark Assembly's Cunning Sash,22419
Dawn Witch Sash,22418
Cumulus Cloud Sash,22417
Dark Watcher's Sash,22416
Wild Dream Sash,22415
Fairy Queen's Temptation,22414
Nameless Ascetic's Sash,22413
Rokhala Mountains' Cloud,22412
Forgotten Season Sash,22411
Grave Digger's Sash,22410
Honorable Silk Sash,22409
Cypress Forest Sash,22408
Shining Silk Sash,22407
Wise Queen's Blessing,22406
Bitter Grief Sash,22405
Faded Sash,22404
Ancient Spell Sash,22403
Singing Phoenix Sash,22402
Rakish Sash,22401
Twinkling Nymph Dust Sash,22400
Arcadian Sea Sash,22399
Soul Summoner's Red Sash,22398
Tree Shade Sash,22397
Divine Touch Sleeves,22396
Sun's End Sleeves,22395
Crescent Throne Sleeves,22394
Sea Witch Sleeves,22393
Knotted Hell Sleeves,22392
Dark Assembly's Cunning Sleeves,22391
Dawn Witch Sleeves,22390
Cumulus Cloud Sleeves,22389
Dark Watcher's Sleeves,22388
Wild Dream Sleeves,22387
Fairy Queen's Gift,22386
Nameless Ascetic's Sleeves,22385
Rokhala Mountains' Rock,22384
Forgotten Season Sleeves,22383
Grave Digger's Sleeves,22382
Honorable Silk Sleeves,22381
Cypress Forest Sleeves,22380
Shining Silk Sleeves,22379
Wise Queen's Divine Protection,22378
Bitter Grief Sleeves,22377
Faded Sleeves,22376
Ancient Spell Sleeves,22375
Singing Phoenix Sleeves,22374
Rakish Sleeves,22373
Twinkling Nymph Dust Sleeves,22372
Arcadian Sea Sleeves,22371
Soul Summoner's Red Sleeves,22370
Tree Shade Sleeves,22369
Divine Touch Shoes,22368
Sun's End Shoes,22367
Faded Crescent Shoes,22366
Sea Witch Shoes,22365
Knotted Hell Shoes,22364
Dark Assembly's Shoes,22363
Dawn Witch's Shoes,22362
Cumulus Cloud Shoes,22361
Dark Watcher's Shoes,22360
Wild Dream Shoes,22359
Fairy Queen's Illusion,22358
Anchorite's Shoes,22357
Rokhala Mountains' Land,22356
Forgotten Season Shoes,22355
Grave Digger's Shoes,22354
Gleaming Silk Shoes,22353
Cypress Forest Shoes,22352
Honorable Silk Shoes,22351
Wise Queen's Steps,22350
Ritual Requiem Shoes,22349
Faded Shoes,22348
Ancient Spell Shoes,22347
Singing Phoenix Shoes,22346
Rakish Shoes,22345
Twinkling Nymph Dust Shoes,22344
Arcadian Sea Shoes,22343
Soul Summoner's Red Shoes,22342
Tree Shade Shoes,22341
Divine Touch Gloves,22340
Sun's End Gloves,22339
Faded Crescent Gloves,22338
Sea Witch Gloves,22337
Knotted Hell Gloves,22336
Dark Assembly's Gloves,22335
Dawn Witch Gloves,22334
Cumulus Cloud Gloves,22333
Dark Watcher's Gloves,22332
Everdreaming Gloves,22331
Fairy Queen's Hope,22330
Anchorite's Gloves,22329
Rokhala Mountains' Tree,22328
Forgotten Season Gloves,22327
Grave Digger's Gloves,22326
Gleaming Silk Gloves,22325
Cypress Forest Gloves,22324
Honorable Silk Gloves,22323
Wise Queen's Sorrow,22322
Ritual Requiem Gloves,22321
Faded Gloves,22320
Ancient Spell Gloves,22319
Singing Phoenix Gloves,22318
Rakish Gloves,22317
Twinkling Nymph Dust Gloves,22316
Arcadian Sea Gloves,22315
Soul Summoner's Red Gloves,22314
Tree Shade Gloves,22313
Divine Touch Pants,22312
Sun's End Pants,22311
Faded Crescent Pants,22310
Sea Witch Pants,22309
Knotted Hell Pants,22308
Dark Assembly's Cunning Pants,22307
Dawn Witch Pants,22306
Cumulus Cloud Pants,22305
Dark Watcher's Pants,22304
Wild Dream Pants,22303
Fairy Queen's Blessing,22302
Nameless Ascetic's Pants,22301
Rokhala Mountains' Ridgeline,22300
Forgotten Season Pants,22299
Grave Digger's Pants,22298
Gleaming Silk Pants,22297
Cypress Forest Pants,22296
Honorable Silk Pants,22295
Wise Queen's Will,22294
Ritual Requiem Pants,22293
Faded Pants,22292
Ancient Spell Pants,22291
Singing Phoenix Pants,22290
Rakish Pants,22289
Twinkling Nymph Dust Pants,22288
Arcadian Sea Pants,22287
Soul Summoner's Red Pants,22286
Tree Shade Pants,22285
Divine Touch Shirt,22284
Sun's End Shirt,22283
Faded Crescent Shirt,22282
Sea Witch Shirt,22281
Knotted Hell Shirt,22280
Dark Assembly's Shirt,22279
Dawn Witch Shirt,22278
Cumulus Cloud Shirt,22277
Dark Watcher's Shirt,22276
Everdreaming Shirt,22275
Fairy Queen's Mercy,22274
Nameless Ascetic's Shirt,22273
Rokhala Mountains' Soul,22272
Forgotten Season Shirt,22271
Grave Digger's Shirt,22270
Shining Silk Shirt,22269
Cypress Forest Shirt,22268
Honorable Silk Shirt,22267
Wise Queen's Mercy,22266
Ritual Requiem Shirt,22265
Faded Shirt,22264
Ancient Spell Shirt,22263
Singing Phoenix Shirt,22262
Rakish Shirt,22261
Twinkling Nymph Dust Shirt,22260
Arcadian Sea Shirt,22259
Soul Summoner's Red Shirt,22258
Tree Shade Shirt,22257
Divine Touch Hood,22256
Sun's End Hood,22255
Crescent Throne Hood,22254
Sea Witch Hood,22253
Knotted Hell Hood,22252
Dark Assembly's Cunning Hood,22251
Dawn Witch Hood,22250
Cumulus Cloud Hood,22249
Dark Watcher's Hood,22248
Wild Dream Hood,22247
Fairy Queen's Wisdom,22246
Nameless Ascetic's Hood,22245
Rokhala Mountains' Summit,22244
Forgotten Season Hood,22243
Grave Digger's Hood,22242
Shining Silk Hood,22241
Cypress Forest Hood,22240
Honorable Silk Hood,22239
Wise Queen's Judgment,22238
Bitter Grief Coronet,22237
Faded Hood,22236
Ancient Spell Hood,22235
Singing Phoenix Hood,22234
Rakish Hood,22233
Twinkling Nymph Dust Hood,22232
Arcadian Sea Hood,22231
Soul Summoner's Red Hood,22230
Tree Shade Hood,22229
Impenetrable Shield,22228
Dusk's Mirror,22227
Chivalry's Grace,22226
Cursed King's Shield,22225
The Absolute's Shield,22224
Ancient War Epic,22223
Beautiful Goddess' Face,22222
Red Star Guardian,22221
Brilliant Flash: Atlantess,22220
Conqueror's Imperial Gift,22219
Lionheart,22218
Lion's Iron Heart,22217
Beast King's Roar,22216
Gold Lion,22215
Sea Goddess' Jealousy,22214
Violet Winged Guardian,22213
Silver Mane's Conquest,22212
Blinding Sky Light,22211
Weighty Resolution,22210
Banded Iron Wall,22209
Rock Elemental Divine Protection,22208
Earth Walker,22207
Dodger's Dance,22206
Wilderness Protector,22205
Palace Guard's Shield,22204
Forest Keeper's Shield,22203
Clan Shield,22202
Determined Time,22201
Wrath's Harmonious Consonance,22200
Patience's Harmonious Consonance,22199
Fate's Harmonious Consonance,22198
Annihilation's Complex Beat,22197
Detailed Dashing Drumset,22196
Fortitude's Complex Beat,22195
Resistance's Pounding Hands,22194
Battle's Pounding Hands,22193
Conviction's Pounding Hands,22192
Happy Drum,22191
Wrath's Consonance,22190
Patience's Consonance,22189
Fate's Consonance,22188
Gorilla Chest,22187
Final Condemnation,22186
Twisted Shadows,22185
Golden Wind Sonata,22184
Heart-wrenching News,22183
Liberty Lovers,22182
Death March,22181
Nights in White Satin,22180
Death Governing Justice,22179
Time Stopped World,22178
Old Longing,22177
Potential Energy,22176
Fresh Grass Fragrance,22175
Forgetful Minstrel,22174
Humming Tune,22173
Beyond Oblivion,22172
White Typhoon Overture,22171
Distant Lands Wanderer,22170
Silver Abyssal Dance,22169
Faceless Moon's Song,22168
Mystical Nymph,22167
Ynystere's Angel,22166
Ghost's Requiem,22165
Scudding Distant Clouds,22164
Calm Discord,22163
Stradivarius,22162
Daily Cycle's Story,22161
Charming Summer Scent,22160
Red Moon's Tune,22159
BloodCrimson Lightning,22158
Free Shot,22157
Red Demon of Stone Stairs,22156
Gold Thorn Bird,22155
Lover-shooting Bow,22154
Frozen Abyssal Crevice,22153
Quiet Hell's Horizon,22152
Late Autumn Chill,22151
Late Autumn Leaves,22150
Endless War's Legacy,22149
Willful Shot,22148
Little Demon's Toy,22147
Fated Shot,22146
Resisting Shot,22145
Early Winter's Shadow,22144
Winter is Coming,22143
Predator's Poison Fang,22142
Watcher's Poison Fang,22141
Starrain Wings,22140
Sea Wings,22139
Wind Wings,22138
Hill Wings,22137
Stargazer,22136
Sun's Target,22135
Apple Grinder,22134
Eagle Prey,22133
Sniper Legacy,22132
Plains Starlight,22131
Nature's Fury: Thunderbolts,22130
Nature's Fury: Tsunami,22129
Nature's Fury: Blizzard,22128
Keraunos's Lightning,22127
Destruction's Eternal Mirage,22126
Mad Devil's Cane,22125
Endless Cycle Guide,22124
Shadow Eraser,22123
Fortitude's Luster,22122
Wizard's Essence,22121
Burnt Witch,22120
Blustering Wizard,22119
Stairway to Heaven,22118
Eternal Life Urn,22117
Got Your Back,22116
Marianople's Holy Star,22115
Twilight's Maiden,22114
Daybreak's Prince,22113
World Atlas Engineer,22112
World Atlas Designer,22111
The Creator's Law,22110
Starlit Skyfire,22109
Shining Moonlight Magic,22108
Milky Way,22107
Stormy Heights,22106
Phantasmal Wizard,22105
Second Rising Moon,22104
Red Western Sky,22103
Destruction God's Descent,22102
Twilight Sage: Volition,22101
Twilight Sage: Verity,22100
Demon War Barrier,22099
Elderberry Cane,22098
Void Traveler,22097
Nymph's Gift: Curse,22096
Nymph's Gift: Oblivion,22095
Nymph's Gift: Jealousy,22094
Aranzeb's Poker,22093
Demon of Destruction,22092
Snowfall's Coming,22091
Forgotten Hatred,22090
Forest Protector,22089
Brilliant Knight Bradamante,22088
Brilliant Knight Olivier,22087
Brilliant Knight Orlando,22086
Warlord's Demonic Spear,22085
Thunder God's Wrath,22084
Sea God's Wrath,22083
Red Rose Petals,22082
Flowering Mortality,22081
Salvation Oracle,22080
Far Eastern Spirit,22079
Ruination Misery,22078
Winter Mistral,22077
Savannah Guard Spear,22076
Indelible Sin,22075
All-Piercing Spear,22074
Moon-Eater Lion,22073
Unshaken Promise,22072
Key to Paradise,22071
Chaos-Born Man,22070
God's Foe,22069
Hereafter Gatekeeper,22068
Reunited in Death,22067
Golden Firestrike,22066
Twilight's Border,22065
Comet's Omen,22064
Evil Beast's Incisor,22063
Glorified Masque,22062
Vanished Star Tear,22061
Destiny's Spear,22060
Ironblood Throne's Destiny,22059
Demon-Touched Goddess,22058
Beautiful Prayer,22057
Baleful Timekeeper,22056
Death for Lovers,22055
Dancing Ice Swan,22054
Pain Oblation,22053
Karmatic Compass Needle,22052
Miraculous Appearance,22051
Northern Wolf Fang,22050
Wanderer's Ordeal,22049
Tiger Hunter,22048
Hunter's Star,22047
Crusader's Star,22046
Frozen Hatred,22045
Death Sentence,22044
Legendary Struggle,22043
Shining Friendship,22042
Golden Sun,22041
Resolute Determination,22040
Transitive Agony,22039
Goddess's Chosen,22038
Royal Seal,22037
Earth Trampler,22036
Bloodfeud Winner,22035
Loyal Guard Mace,22034
Abiding Promise,22033
Dusk's Purity,22032
Dusk's Pardon,22031
Dusk's Resurrection,22030
Dusk's Restraint,22029
Dusk's Penance,22028
Dusk's Patience,22027
Dusk's Punishment,22026
Torment's Pain,22025
Torment's Ruins,22024
Torment's Depths,22023
Torment's Abyss,22022
Torment's Temptation,22021
Torment's Sacrifice,22020
Torment's Chaos,22019
Searing Outcry,22018
Surging Temptation,22017
Blue Wind Sound,22016
Death Contractor,22015
Desolate Ruin Wanderer,22014
Eternal Haste,22013
Oblivion's Shadow,22012
Writhing Darkness,22011
Large Nutcracker,22010
Pain Mist,22009
Determination's Dawn,22008
Salvation Plateau,22007
Death Wave,22006
Gossamer Moonlight,22005
Splitting Earth,22004
Splitting Sea,22003
Splitting Sky,22002
Thrall's Obedience,22001
Thrall's Sorrow,22000
Thrall's Despair,21999
Extolled One's Destiny,21998
Joyous Liberator,21997
Lengthy Journey,21996
Shock and Awe,21995
Mountain Cutter,21994
Bone-Carved Pain,21993
Nomad's Axe,21992
Rock Cutter,21991
Lunar Eclipse,21990
Terror Devil Wings,21989
Abyssal Devil Wings,21988
Crescent Throne Ritual Axe,21987
Ynystere Guardian,21986
Airain Rock Oath,21985
Airain Rock Dissention,21984
The Unforgiven,21983
Halcyona Wolf,21982
Demon's Destruction,21981
Demon's Fall,21980
Demon's Massacre,21979
Demon's Chaos,21978
Demon's Terror,21977
Thundering Footfalls,21976
Soldiers' Requiem,21975
Forsakens' Agony,21974
Forsakens' Ache,21973
Death Watch,21972
Sunset Hill,21971
Orc Hunter,21970
Beserker's Combat,21969
Raking Demon Claw,21968
Dawn's Chains,21967
Bloodbore,21966
Wood Grinder,21965
Sunken Sadness,21964
Meteoric Haste,21963
Scarlet Bloodthirst,21962
Terror's Erasure,21961
Blood-Stained Earth,21960
Bloodred Battle Wave,21959
Tephra's King,21958
Red Battlemist,21957
Moonsliver Demonsword,21956
Moonrage Demonsword,21955
Moonbreath Demonsword,21954
Unstoppable Force,21953
Hymn of Domination,21952
Destruction's Shadow,21951
Rancor's Melody,21950
Ambidexterity,21949
Rewarded Valor,21948
Sturm und Drang,21947
Unrivaled,21946
Ancient Dragon Fang,21945
Ancient Dragon Talon,21944
Drastic Measures,21943
Lightning Flash,21942
Rushing Storm,21941
Battle Plans,21940
Crimson Messenger,21939
Crimson Envoy,21938
Foolish Aspirations,21937
Survivor Slayer,21936
Survivor Butcher,21935
Moonlight Shadows,21934
Battle Grief,21933
Offensive Blitz,21932
Spiritflesh Sword,21931
Havoc's Blade,21930
Advancing Vanguard,21929
Glacial Cutter,21928
Demon's Crook,21927
Fox Star,21926
Slicer,21925
Blood Drinker,21924
Ghost Dancer,21923
Faraway Lands,21922
Silent Company,21921
The Final Chapter,21920
Strong Unity,21919
Castaways' Vortex,21918
Angels' Cleaver,21917
Flaming Windmill,21916
Lightning God's Arm,21915
War's Anticipation,21914
Silver Envoy,21913
Battle Rush,21912
Bane Knight,21911
Eternal Ambition,21910
Beast Killer,21909
Demon Slayer,21908
Executioner,21907
Heroic Shadow,21906
Heroic Grief,21905
Heroic Hope,21904
Heroic Miracle,21903
Heroic Brilliance,21902
Heroic Illusion,21901
Heroic Passion,21900
Beast King's Fang,21899
Purple Mirror Shard,21898
Eternity's Chill,21897
Shroud's Peace,21896
Freedom's Enforcer,21895
Victory's Captive,21894
Fear's Farewell,21893
Punishment's Eye,21892
Condemnation's Eye,21891
Overlord's March,21890
Underworld's Guide,21889
Merciless Judge,21888
Black Devil Wings,21887
Pure Will,21886
Chaos Bane,21885
Seasong Sword,21884
Death Whisper,21883
Thoughtful Advisor,21882
Dawning Day,21881
Deep Blue Sea,21880
Honest Shout,21879
Bloody Tears,21878
Red Dream,21877
He Who Envies Light,21876
He Who Corrupts Light,21875
He Who Abhors Light,21874
Devil's Pact,21873
Virtue's Surrender,21872
Daybreak's Hymn,21871
Ice Maiden,21870
Coronation Dagger,21869
Pure White Flame,21868
Gusting Ray,21867
Thunder Ray,21866
Meteoric Ray,21865
Demon Talon,21864
Devil Claw,21863
Glass Icicle,21862
Crystal Icicle,21861
Pride's Downfall,21860
Lightning Stroke,21859
Vicious Bloodwind,21858
March of Destruction,21857
Backstabber,21856
Sea of Blood,21855
Tyrant's Nail Clippers,21854
Wolf Fang,21853
Shadow Scissors,21852
Memory Cutter,21851
Vita Root,21850
Sandmane Snowlion Cub,21847
Sea Scale,21846
Dormant Flame,21845
Tigerstripe Chain,21844
Kestrel Ring,21843
Dancing Warrior Ring,21842
Giant-Slayer's Ring,21841
금속.허리.14레벨.희귀,21840
금속.허리.14레벨.희귀,21839
가죽.허리.14레벨.희귀,21838
가죽.허리.14레벨.희귀,21837
Hal Hahpa Sash,21836
White Crow Sash,21835
Anvilton Vambraces,21834
Moondrop Vambraces,21833
Guards of the Steadfast Queen,21831
Guide Guards,21830
Hal Hahpa Sleeves,21829
White Crow Sleeves,21828
Automaton Factory Cuirass,21827
Ducal Palace Cuirass,21826
Stalking Tiger Jerkin,21825
Jaya's Jerkin,21824
Arach Hollow Shirt,21823
Bitterwind Shirt,21822
Automaton Factory Helm,21821
Ducal Palace Helm,21820
Stalking Tiger Cap,21819
Jaya's Cap,21818
Arach Hollow Hood,21817
Bitterwind Hood,21816
Crystal Lake Greatsword,21815
Agitator's Greatsword,21814
Crystal Lake Longspear,21813
Agitator's Longspear,21812
Crystal Lake Maul,21811
Agitator's Maul,21810
Crystal Lake Greataxe,21809
Agitator's Greataxe,21808
Crystal Lake Nodachi,21807
Agitator's Nodachi,21806
Blue Cypress Pipe,21803
Vengeful Pipe,21802
Blue Cypress Lute,21801
Vengeful Lute,21800
Hidden Treasure Bow,21799
Ryleigh's Bow,21798
Dustrune Talisman,21797
Windrune Talisman,21796
Flamerune Talisman,21795
Mistrune Talisman,21794
Scrap Dealer's Shortspear,21793
Bear Mountain Shortspear,21792
Scrap Dealer's Truncheon,21791
Bear Mountain Mace,21790
Scrap Dealer's Axe,21789
Bear Mountain Axe,21788
Moon Tiger's Divine Protection,21787
Falcon Talon Necklace,21786
Nirvana Necklace,21785
Crescent Necklace,21784
Automaton Factory Sabatons,21783
Ducal Palace Sabatons,21782
Stalking Tiger Boots,21781
Jaya's Boots,21780
Arach Hollow Shoes,21779
Bitterwind Shoes,21778
Automaton Factory Gauntlets,21777
Ducal Palace Gauntlets,21776
Stalking Tiger Fists,21775
Jaya's Fists,21774
Arach Hollow Gloves,21773
Bitterwind Gloves,21772
Automaton Factory Greaves,21771
Ducal Palace Greaves,21770
Stalking Tiger Breeches,21769
Jaya's Breeches,21768
Arach Hollow Pants,21767
Bitterwind Pants,21766
Arach Hollow Staff,21765
Jaya's Staff,21764
Arach Hollow Scepter,21763
Jaya's Scepter,21762
Automaton Factory Tassets,21761
Ducal Palace Tassets,21760
Stalking Tiger Belt,21759
Jaya's Belt,21758
Arach Hollow Sash,21757
Bitterwind Sash,21756
Automaton Factory Vambraces,21755
Ducal Palace Vambraces,21754
Stalking Tiger Guards,21753
Jaya's Guards,21752
Arach Hollow Sleeves,21751
Bitterwind Sleeves,21750
Halfmoon Jerkin,21747
Crescent Jerkin,21746
Whisperwind Shirt,21745
Labyrinth Shirt,21744
Heedmar Right Tower Design,21743
Cloudgrain Talisman,21742
Southern Silver Earring,21741
Dream Hunter's Promise,21740
Flora's Pearl Earrings,21739
Heedmar Center Tower Design,21738
Defender's Shield,21729
Rainbow Vapor Shield,21728
Daltanya's Moon Shield,21727
Fergus's Round Shield,21726
Shaman's Longspear,21725
Rekas's Longspear,21724
Exile's Longspear,21723
Lacton Longspear,21722
Shaman's Maul,21721
Rekas's Greatclub,21720
Exile's Maul,21719
Lacton Maul,21718
Shaman's Greataxe,21717
Rekas's Greataxe,21716
Exile's Greataxe,21715
Lacton Greataxe,21714
Shaman's Nodachi,21713
Rekas's Nodachi,21712
Exile's Nodachi,21711
Lacton Nodachi,21710
Shaman's Greatsword,21709
Rekas's Greatsword,21708
Exile's Greatsword,21707
Lacton Greatsword,21706
Eye of Day Hammer,21705
Berya's Hammer,21704
Lakeside Hammer,21703
Rok's Hammer,21702
Tarkesh's Katana,21693
Crooked Back Katana,21692
Rebel's Katana,21691
Vorden's Katana,21690
Tarkesh's Sword,21689
Crooked Back Sword,21688
Rebel's Sword,21687
Vorden's Sword,21686
Tarkesh's Dagger,21685
Crooked Back Dagger,21684
Rebel's Dagger,21683
Vorden's Dagger,21682
Night's Eye,21681
Snake Coil,21680
Eokad Oath,21679
Malcolm's Ring,21678
Oxion Clan Pipe,21673
Kakki's Pipe,21672
Mourning Pipe,21671
Bragging Lover's Pipe,21670
Oxion Clan Lute,21669
Kakki's Lute,21668
Lute of Mourning,21667
Bragging Lover's Lute,21666
Daylight's Rest Bow,21665
Leader's Bow,21664
Seer's Bow,21663
Slaybunny Bow,21662
Halfmoon Boots,21661
Sandstorm Boots,21660
Sylvan Devi Boots,21659
Crescent Boots,21658
Whisperwind Shoes,21657
Clan Alliance Shoes,21656
Eternal Rest Shoes,21655
Labyrinth Shoes,21654
Halfmoon Fists,21653
Sylvan Devi Fists,21652
Sandstorm Fists,21651
Crescent Fists,21650
Whisperwind Gloves,21649
Clan Alliance Gloves,21648
Eternal Rest Gloves,21647
Labyrinth Gloves,21646
Whisperwind Pants,21645
Clan Alliance Pants,21644
Eternal Rest Pants,21643
Labyrinth Pants,21642
Halfmoon Breeches,21641
Sandstorm Breeches,21640
Sylvan Devi Breeches,21639
Crescent Breeches,21638
Friendship's Staff,21637
Wilderness Watcher's Staff,21636
Scout's Staff,21635
Moonswept Staff,21634
Friendship Scepter,21633
Wilderness Watcher's Scepter,21632
Scout's Scepter,21631
Moonswept Scepter,21630
Halfmoon Belt,21629
Sandstorm Belt,21628
Sylvan Devi Belt,21627
Crescent Belt,21626
Whisperwind Sash,21625
Clan Alliance Sash,21624
Eternal Rest Sash,21623
Labyrinth Sash,21622
Halfmoon Guards,21621
Sandstorm Guards,21620
Sylvan Devi Guards,21619
Crescent Guards,21618
Whisperwind Sleeves,21617
Clan Alliance Sleeves,21616
Eternal Rest Sleeves,21615
Labyrinth Sleeves,21614
Whitecloud Jerkin,21613
Wilderness Jerkin,21612
Councillor's Jerkin,21611
November Nights Jerkin,21610
Graymist Shirt,21609
Parchsun Shirt,21608
Ancient Devotion Shirt,21607
Ynys Isle Shirt,21606
Haver Fragrance,21605
Sloane's Will,21604
펫 등짐 테스트,21603
Quasar's Letter,21602
Settlement Request,21601
Rudal's Letter,21600
Chetin's Letter,21599
npc cp_cloth015,21598
tool_양손도끼,21597
npc cp_cloth014,21596
npc cp_cloth013,21595
npc cp_cloth006,21594
npc cp_cloth005,21593
npc cp_cloth004,21592
npc cp_cloth003,21591
npc cp_cloth002,21590
npc cp_cloth001,21589
Scroll: Mahadevi Rowboat,21588
npc l_227 5feet,21586
npc l_226 4hands,21585
npc l_223 3legs,21584
npc l_220 2chest,21583
npc l_214 1head,21582
Spirit Lasso,21581
Eluis's Note,21580
Blue Wave Crystal,21579
Wisp Flame,21578
Water,21576
Empire Stone,21575
Stonemason Hammer,21574
Elixir Bottle,21573
tool_술병,21572
North Gate Guard Captain's Request,21571
East Gate Guard Captain's Request,21570
South Gate Guard Captain's Request,21569
West Gate Guard Captain's Request,21568
Yaksa Spear,21566
"""The Scoundrel"" Manuscript",21565
Rubbing Tool,21564
Auroria Relief Rubbing,21563
Skeletal Horse Soul,21562
Boxed Head,21561
Empty Box,21560
Nuia Botanical Guide,21559
npc shield_11_2,21557
Gerri's Special,21556
Vividi's Letter,21555
Long-Range Airship Design,21554
npc l_226 5feet,21553
npc l_225 4hands,21552
npc l_219 2chest,21551
npc l_213 1head,21550
npc l_222 3legs,21549
Baht's Book,21548
Anthalon's Instructions,21547
Last Spirit,21546
Souleye,21545
Old Hay,21544
Kyrios's Helm Fragment,21543
Helius's Letter,21542
Singed Instructions,21541
Singed Instructions,21540
npc blade_1h_26_3,21539
npc sword_2h_26_6,21538
npc staff_2h_31_2,21537
Matchmaker's Hood,21535
Matchmaker's Shoes,21534
Matchmaker's Shirt,21533
npc c_269 2chest,21532
npc c_268 2chest,21531
Skyfin Spirit,21530
npc m_216 4hands,21529
East Gate Posting,21527
Earth Elemental Extract,21526
npc m_215 5feet,21525
npc m_217 4hands,21524
npc m_215 4hands,21523
npc m_218 4hands,21522
npc m_215 3legs,21521
npc m_214 2chest,21520
npc m_217 1head,21519
npc c_265 1head,21518
npc m_218 1head,21517
Imbued Flower,21516
Imperial Axe Shard,21514
Transformation Bead,21513
Skyfin Lure,21512
Moonshade Grass,21511
North Gate Posting,21510
Purification Shard,21509
Sallium Army Supplies,21508
Souleye,21507
Illion Army Supplies,21506
Imperial Sword Shard,21505
Transformation Bead,21504
Shadowhawk Orders,21503
Kyrios's Helm Fragment,21502
Old Tapestry,21501
Kyrios's Helm Fragment,21500
Chatty Scarecrow,21499
npc m_202 5feet,21498
npc m_202 4hands,21497
npc m_229 3legs,21496
npc m_203 2chest,21495
Meiri's Message,21494
npc m_201 1head,21493
Eye of Day Shortspear,21491
Berya's Shortspear,21490
Lakeside Shortspear,21489
Rok's Shortspear,21488
Eye of Day Axe,21487
Berya's Axe,21486
Lakeside Axe,21485
Rok's Axe,21484
Graymist Cap,21471
Crooked Back Cap,21470
Earth Spirit Cap,21469
Shepherd Liam's Cap,21468
Graymist Hood,21467
Crooked Back Hood,21466
Earth Spirit Hood,21465
Shepherd Liam's Hood,21464
Bejant Longspear,21463
Sudden Chance Longspear,21462
Thundering Earth Longspear,21461
Archaic Longspear,21460
Bejant Greatclub,21459
Sudden Chance Greatclub,21458
Thundering Earth Maul,21457
Archaic Maul,21456
Bejant Greataxe,21455
Sudden Chance Greataxe,21454
Thundering Earth Greataxe,21453
Archaic Greataxe,21452
Bejant Nodachi,21451
Sudden Chance Nodachi,21450
Thundering Earth Nodachi,21449
Archaic Nodachi,21448
Bejant Greatsword,21447
Sudden Chance Greatsword,21446
Thundering Earth Greatsword,21445
Archaic Greatsword,21444
Cloudgrain Boots,21443
Wilderness Boots,21442
Councillor's Boots,21441
November Nights Boots,21440
Graymist Shoes,21439
Parchsun Shoes,21438
Ancient Devotion Shoes,21437
Ynys Isle Boots,21436
Cloudgrain Fists,21435
Wilderness Fists,21434
Councillor's Fists,21433
November Nights Fists,21432
Graymist Gloves,21431
Parchsun Gloves,21430
Ancient Devotion Gloves,21429
Ynys Isle Gloves,21428
Graymist Pants,21427
Parchsun Pants,21426
Ancient Devotion Pants,21425
Ynys Isle Pants,21424
Cloudgrain Breeches,21423
Wilderness Breeches,21422
Councillor's Breeches,21421
November Nights Breeches,21420
Bejant Pipe,21415
Maguren's Pipe,21414
Devi's Pipe,21413
Dirge Pipe,21412
Bejant Lute,21411
Maguren's Lute,21410
Devi's Lute,21409
Dirge Lute,21408
Courageous Bow,21407
Maguren's Bow,21406
Devi's Bow,21405
Bluemist Bow,21404
Yasmine's Shield,21403
Murtaz's Heavy Shield,21402
Warm Haven Shield,21401
Monolith Shield,21400
Fernbrake Staff,21398
Hatoran Staff,21397
Memorist Staff,21396
Amy's Staff,21395
Fernbrake Scepter,21394
Hatoran Scepter,21393
Memorist Scepter,21392
Amy's Scepter,21391
Bashe's Katana,21382
Nomad's Katana,21381
Fleetwhisper Katana,21380
Wishful Katana,21379
Bashe's Sword,21378
Nomad's Sword,21377
Fleetwhisper Sword,21376
Wishful Sword,21375
Bashe's Dagger,21374
Nomad's Dagger,21373
Fleetwhisper Dagger,21372
Wishful Dagger,21371
Mahra Abaran's Belt,21370
Mollo's Belt,21369
Ajani's Belt,21368
Gott's Belt,21367
Mahra Abaran's Sash,21366
Mollo's Sash,21365
Beal's Sash,21364
Gott's Sash,21363
Sorami's Guards,21362
Quarry Manager's Guards,21361
Graduate's Guards,21360
Desireen Guards,21359
Sorami's Sleeves,21358
Quarry Manager's Sleeves,21357
Graduate's Sleeves,21356
Desireen Sleeves,21355
Striped Shark Fin,21354
Old Parchment,21353
Hardened Clay Crystal,21352
Stonemason Hammer,21350
Empire Stone,21348
Essence Vial,21346
Red Flower Fruit,21345
Blue Flower Fruit,21344
South Gate Posting,21343
Signal Flare,21342
Mysterious Violet Moon,21341
Old Plank,21340
Samiad's Iron Scrap,21339
Kyrios's Helm Fragment,21338
Iron Crescent,21337
Explosive Trap,21336
Flash Bomb,21335
Tears of Dusk,21334
Engraved Stone,21333
Leather Pack,21332
Yata Calf,21331
npc spear_1h_46_9,21329
Gold Axe,21327
Griffin Feather,21326
Galegarden's Gift,21325
Dragonscale,21323
Dragonscale,21322
Sleeping Potion,21321
Advance Signal: Marcala,21320
Marching Seal: Calmlands,21319
Advance Signal: Heedmar,21318
Marching Seal: Nuimari,21317
Guardian Seal: Marcala,21316
Guardian Seal: Calmlands,21315
Guardian Seal: Heedmar,21314
Guardian Seal: Nuimari,21313
Croft's Letter,21312
Witch's Staff,21311
Dissolution Potion,21310
Golem Gear Oil,21309
Rogarr's Head,21305
Sealing Mirror,21304
Doe Femur,21303
Death Energy,21299
Doe Bonemeal,21298
Liquor Bottle,21297
Clean Bottle,21296
Meredith's Bravery,21295
Nadir's Wisdom,21294
Cactus Sap,21293
Perinoor Glory,21292
Fake War Club,21290
Old Broom,21289
Centaur Horn,21288
Sturdy Rope,21286
Expensive Health Regen Potion,21285
Fallen Magic Star,21284
tool_화분,21283
tool_무기상인 검,21282
tool_경비병창,21281
Enchanted Bottle: Statue Bottom,21276
Enchanted Bottle: Statue Top,21275
Adventurer's Letter,21273
Hulk Infusion,21270
npc l_225 5feet,21268
npc l_224 4hands,21267
npc l_221 3legs,21266
npc l_218 2chest,21265
npc l_217 2chest,21264
Enchanted Statue: Spear,21263
Enchanted Statue: Bottom,21262
Enchanted Statue: Top,21261
Bard's Notes,21260
West Gate Posting,21259
Decoded Preservationist Doctrine,21258
Invisible Ink Developer,21257
Soul Mirror,21255
Juno's Note,21254
Imperial Silk Pack,21253
npc c_241_1 2chest,21252
npc c_240_1 2chest,21251
npc c_239_1 2chest,21250
Old Parchment,21249
Old Parchment,21248
Old Parchment,21247
Old Parchment,21246
Old Parchment,21245
Old Parchment,21244
Old Parchment,21243
Holy Greataxe,21242
Deflector Shield,21238
Impalement Greataxe,21236
Sun's Glare Longspear,21234
Stormcloud Staff,21232
Hellfire Bow,21230
Hugo's Instructions,21225
npc c_267 2chest,21221
npc c_266 2chest,21220
npc c_265 2chest,21219
npc c_264 2chest,21218
npc c_263 2chest,21217
npc m_214 3legs,21216
Windcleaver Sword,21215
Luxurious Pradia Cap,21214
Vegetable Sack,21213
Dropped Bottle,21211
Purified Spellbook,21210
Purified Armor Piece,21209
Purified Wolf Claw,21208
Purified Fog,21207
Purified Blade,21206
Antlers,21205
Lake Waterweed,21204
Cursed Spellbook,21202
Cursed Armor Piece,21201
Cursed Wolf Claw,21200
Cursed Fog,21199
Cursed Blade,21198
NPC Weapon Packs - shield_41_8,21197
NPC Weapon Packs - shield_36_7,21196
NPC Weapon Packs - shield_31_7,21195
npc shield_26_6,21194
Raised Swept-Roof Chalet Design,21193
Swept-Roof Manor Design,21192
Swept-Roof Cottage Design,21191
Aidel's Wedding Gown,21190
Ocean's Light,21189
Ocean's Light,21188
NPC Weapon Packs - shield_11_2,21187
Herb Pouch,21185
Empress Pavitra's Earrings,21184
Raw Wool,21182
Lamb Crate,21181
Clan Cargo,21180
Threatening Club,21179
Cotton Rat Trap,21178
"Other
Lv. 1",21177
Lerox's Frozen Heart,21176
Krox's Frozen Heart,21175
Stone Rose Cottage Design,21174
Tudor Rose Cottage Design,21173
Rustic Rose Cottage Design,21172
Rustic Spring Cottage Design,21171
Tudor Spring Cottage Design,21170
Stone Spring Cottage Design,21169
Rustic Slate Cottage Design,21168
Stone Slate Cottage Design,21167
Tudor Slate Cottage Design,21166
Thatched Farmhouse Design,21165
Piranha Guts,21164
Empress Pavitra's Earrings,21163
Binn's Sealed Letter,21162
Old Relic,21161
Calleil Talisman,21160
npc m_216 1head,21159
npc c_264 1head,21158
npc c_263 1head,21157
npc c_262 1head,21156
npc c_261 1head,21155
npc c_260 1head,21154
npc c_259 1head,21153
npc c_256 1head,21152
npc c_255 1head,21151
npc c_254 1head,21150
npc m_201 5feet,21149
npc c_217 5feet,21148
npc c_214 4hands,21147
npc m_200 4hands,21146
npc m_202 3legs,21145
npc c_228 3legs,21144
npc c_262 2chest,21143
npc m_202 2chest,21142
npc m_200 1head,21141
npc c_236 1head,21140
npc c_238 1head,21139
npc c_244 1head,21138
Aranzeb's Reverie,21137
Siege Stronghold: Marcala,21136
Siege Stronghold: Calmlands,21135
Siege Stronghold: Heedmar,21134
Eon Root Wine,21133
Millennium Root Wine,21132
Disciple's Diary,21131
Siege Stronghold: Nuimari,21130
npc l_210 1head,21126
npc l_209 1head,21125
npc l_211 1head,21124
npc c_258 1head,21123
npc c_257 1head,21122
Carved Gourd Figure: Bottom,21120
Carved Gourd Figure: Top,21119
npc blade_2h_41_1,21115
Werewolf Cure,21114
Werewolf Blood,21113
Delphinad Wave Tassets,21112
Delphinad Sunset Tassets,21111
Delphinad Earth Tassets,21110
Delphinad Lake Tassets,21109
Delphinad Flame Tassets,21108
Delphinad Desert Tassets,21107
Delphinad Quake Tassets,21106
Epherium Wave Tassets,21105
Epherium Sunset Tassets,21104
Epherium Earth Tassets,21103
Epherium Lake Tassets,21102
Epherium Flame Tassets,21101
Epherium Desert Tassets,21100
Epherium Quake Tassets,21099
Magnificent Sunset Tassets,21098
Magnificent Lake Tassets,21097
Magnificent Desert Tassets,21096
Magnificent Quake Tassets,21095
Illustrious Sunset Tassets,21094
Illustrious Lake Tassets,21093
Illustrious Desert Tassets,21092
Illustrious Quake Tassets,21091
Conqueror's Tassets,21090
Artisan's Tassets,21089
Artificer's Tassets,21088
Craftsman's Tassets,21087
Apprentice's Tassets,21086
Delphinad Wave Vambraces,21085
Delphinad Sunset Vambraces,21084
Delphinad Earth Vambraces,21083
Delphinad Lake Vambraces,21082
Delphinad Flame Vambraces,21081
Delphinad Desert Vambraces,21080
Delphinad Quake Vambraces,21079
Epherium Wave Vambraces,21078
Epherium Sunset Vambraces,21077
Epherium Earth Vambraces,21076
Epherium Lake Vambraces,21075
Epherium Flame Vambraces,21074
Epherium Desert Vambraces,21073
Epherium Quake Vambraces,21072
Magnificent Sunset Vambraces,21071
Magnificent Lake Vambraces,21070
Magnificent Desert Vambraces,21069
Magnificent Quake Vambraces,21068
Illustrious Sunset Vambraces,21067
Illustrious Lake Vambraces,21066
Illustrious Desert Vambraces,21065
Illustrious Quake Vambraces,21064
Conqueror's Vambraces,21063
Artisan's Vambraces,21062
Artificer's Vambraces,21061
Craftsman's Vambraces,21060
Apprentice's Vambraces,21059
Delphinad Wave Sabatons,21058
Delphinad Sunset Sabatons,21057
Delphinad Earth Sabatons,21056
Delphinad Lake Sabatons,21055
Delphinad Flame Sabatons,21054
Delphinad Desert Sabatons,21053
Delphinad Quake Sabatons,21052
Epherium Wave Sabatons,21051
Epherium Sunset Sabatons,21050
Epherium Earth Sabatons,21049
Epherium Lake Sabatons,21048
Epherium Flame Sabatons,21047
Epherium Desert Sabatons,21046
Epherium Quake Sabatons,21045
Magnificent Sunset Sabatons,21044
Magnificent Lake Sabatons,21043
Magnificent Desert Sabatons,21042
Magnificent Quake Sabatons,21041
Illustrious Sunset Sabatons,21040
Illustrious Lake Sabatons,21039
Illustrious Desert Sabatons,21038
Illustrious Quake Sabatons,21037
Conqueror's Sabatons,21036
Artisan's Sabatons,21035
Artificer's Sabatons,21034
Craftsman's Sabatons,21033
Apprentice's Sabatons,21032
Delphinad Wave Gauntlets,21031
Delphinad Sunset Gauntlets,21030
Delphinad Earth Gauntlets,21029
Delphinad Lake Gauntlets,21028
Delphinad Flame Gauntlets,21027
Delphinad Desert Gauntlets,21026
Delphinad Quake Gauntlets,21025
Epherium Wave Gauntlets,21024
Epherium Sunset Gauntlets,21023
Epherium Earth Gauntlets,21022
Epherium Lake Gauntlets,21021
Epherium Flame Gauntlets,21020
Epherium Desert Gauntlets,21019
Epherium Quake Gauntlets,21018
Magnificent Sunset Gauntlets,21017
Magnificent Lake Gauntlets,21016
Magnificent Desert Gauntlets,21015
Magnificent Quake Gauntlets,21014
Illustrious Sunset Gauntlets,21013
Illustrious Lake Gauntlets,21012
Illustrious Desert Gauntlets,21011
Illustrious Quake Gauntlets,21010
Conqueror's Gauntlets,21009
Artisan's Gauntlets,21008
Artificer's Gauntlets,21007
Craftsman's Gauntlets,21006
Apprentice's Gauntlets,21005
Delphinad Wave Greaves,21004
Delphinad Sunset Greaves,21003
Delphinad Earth Greaves,21002
Delphinad Lake Greaves,21001
Delphinad Flame Greaves,21000
Delphinad Desert Greaves,20999
Delphinad Quake Greaves,20998
Epherium Wave Greaves,20997
Epherium Sunset Greaves,20996
Epherium Earth Greaves,20995
Epherium Lake Greaves,20994
Epherium Flame Greaves,20993
Epherium Desert Greaves,20992
Epherium Quake Greaves,20991
Magnificent Sunset Greaves,20990
Magnificent Lake Greaves,20989
Magnificent Desert Greaves,20988
Magnificent Quake Greaves,20987
Illustrious Sunset Greaves,20986
Illustrious Lake Greaves,20985
Illustrious Desert Greaves,20984
Illustrious Quake Greaves,20983
Conqueror's Greaves,20982
Artisan's Greaves,20981
Artificer's Greaves,20980
Craftsman's Greaves,20979
Apprentice's Greaves,20978
Delphinad Wave Cuirass,20977
Delphinad Sunset Cuirass,20976
Delphinad Earth Cuirass,20975
Delphinad Lake Cuirass,20974
Delphinad Flame Cuirass,20973
Delphinad Desert Cuirass,20972
Delphinad Quake Cuirass,20971
Epherium Wave Cuirass,20970
Epherium Sunset Cuirass,20969
Epherium Earth Cuirass,20968
Epherium Lake Cuirass,20967
Epherium Flame Cuirass,20966
Epherium Desert Cuirass,20965
Epherium Quake Cuirass,20964
Magnificent Sunset Cuirass,20963
Magnificent Lake Cuirass,20962
Magnificent Desert Cuirass,20961
Magnificent Quake Cuirass,20960
Illustrious Sunset Cuirass,20959
Illustrious Lake Cuirass,20958
Illustrious Desert Cuirass,20957
Illustrious Quake Cuirass,20956
Conqueror's Cuirass,20955
Artisan's Cuirass,20954
Artificer's Cuirass,20953
Craftsman's Cuirass,20952
Apprentice's Cuirass,20951
Delphinad Wave Helm,20950
Delphinad Sunset Helm,20949
Delphinad Earth Helm,20948
Delphinad Lake Helm,20947
Delphinad Flame Helm,20946
Delphinad Desert Helm,20945
Delphinad Quake Helm,20944
Epherium Wave Helm,20943
Epherium Sunset Helm,20942
Epherium Earth Helm,20941
Epherium Lake Helm,20940
Epherium Flame Helm,20939
Epherium Desert Helm,20938
Epherium Quake Helm,20937
Magnificent Sunset Helm,20936
Magnificent Lake Helm,20935
Magnificent Desert Helm,20934
Magnificent Quake Helm,20933
Illustrious Sunset Helm,20932
Illustrious Lake Helm,20931
Illustrious Desert Helm,20930
Illustrious Quake Helm,20929
Conqueror's Helm,20928
Artisan's Helm,20927
Artificer's Helm,20926
Craftsman's Helm,20925
Apprentice's Helm,20924
Delphinad Earth Belt,20923
Delphinad Desert Belt,20922
Delphinad Gale Belt,20921
Delphinad Squall Belt,20920
Delphinad Flame Belt,20919
Delphinad Lightning Belt,20918
Delphinad Typhoon Belt,20917
Epherium Earth Belt,20916
Epherium Desert Belt,20915
Epherium Gale Belt,20914
Epherium Squall Belt,20913
Epherium Flame Belt,20912
Epherium Lightning Belt,20911
Epherium Typhoon Belt,20910
Magnificent Desert Belt,20909
Magnificent Squall Belt,20908
Magnificent Lightning Belt,20907
Magnificent Typhoon Belt,20906
Illustrious Desert Belt,20905
Illustrious Squall Belt,20904
Illustrious Lightning Belt,20903
Illustrious Typhoon Belt,20902
Conqueror's Belt,20901
Artisan's Belt,20900
Artificer's Belt,20899
Craftsman's Belt,20898
Apprentice's Belt,20897
Delphinad Earth Guards,20896
Delphinad Desert Guards,20895
Delphinad Gale Guards,20894
Delphinad Squall Guards,20893
Delphinad Flame Guards,20892
Delphinad Lightning Guards,20891
Delphinad Typhoon Guards,20890
Epherium Earth Guards,20889
Epherium Desert Guards,20888
Epherium Gale Guards,20887
Epherium Squall Guards,20886
Epherium Flame Guards,20885
Epherium Lightning Guards,20884
Epherium Typhoon Guards,20883
Magnificent Desert Guards,20882
Magnificent Squall Guards,20881
Magnificent Lightning Guards,20880
Magnificent Typhoon Guards,20879
Illustrious Desert Guards,20878
Illustrious Squall Guards,20877
Illustrious Lightning Guards,20876
Illustrious Typhoon Guards,20875
Conqueror's Guards,20874
Artisan's Guards,20873
Artificer's Guards,20872
Craftsman's Guards,20871
Apprentice's Guards,20870
Delphinad Earth Boots,20869
Delphinad Desert Boots,20868
Delphinad Gale Boots,20867
Delphinad Squall Boots,20866
Delphinad Flame Boots,20865
Delphinad Lightning Boots,20864
Delphinad Typhoon Boots,20863
Epherium Earth Boots,20862
Epherium Desert Boots,20861
Epherium Gale Boots,20860
Epherium Squall Boots,20859
Epherium Flame Boots,20858
Epherium Lightning Boots,20857
Epherium Typhoon Boots,20856
Magnificent Desert Boots,20855
Magnificent Squall Boots,20854
Magnificent Lightning Boots,20853
Magnificent Typhoon Boots,20852
Illustrious Desert Boots,20851
Illustrious Squall Boots,20850
Illustrious Lightning Boots,20849
Illustrious Typhoon Boots,20848
Conqueror's Boots,20847
Artisan's Boots,20846
Artificer's Boots,20845
Craftsman's Boots,20844
Apprentice's Boots,20843
Delphinad Earth Fists,20842
Delphinad Desert Fists,20841
Delphinad Gale Fists,20840
Delphinad Squall Fists,20839
Delphinad Flame Fists,20838
Delphinad Lightning Fists,20837
Delphinad Typhoon Fists,20836
Epherium Earth Fists,20835
Epherium Desert Fists,20834
Epherium Gale Fists,20833
Epherium Squall Fists,20832
Epherium Flame Fists,20831
Epherium Lightning Fists,20830
Epherium Typhoon Fists,20829
Magnificent Desert Fists,20828
Magnificent Squall Fists,20827
Magnificent Lightning Fists,20826
Magnificent Typhoon Fists,20825
Illustrious Desert Fists,20824
Illustrious Squall Fists,20823
Illustrious Lightning Fists,20822
Illustrious Typhoon Fists,20821
Conqueror's Fists,20820
Artisan's Fists,20819
Artificer's Fists,20818
Craftsman's Fists,20817
Apprentice's Fists,20816
Delphinad Earth Breeches,20815
Delphinad Desert Breeches,20814
Delphinad Gale Breeches,20813
Delphinad Squall Breeches,20812
Delphinad Flame Breeches,20811
Delphinad Lightning Breeches,20810
Delphinad Typhoon Breeches,20809
Epherium Earth Breeches,20808
Epherium Desert Breeches,20807
Epherium Gale Breeches,20806
Epherium Squall Breeches,20805
Epherium Flame Breeches,20804
Epherium Lightning Breeches,20803
Epherium Typhoon Breeches,20802
Magnificent Desert Breeches,20801
Magnificent Squall Breeches,20800
Magnificent Lightning Breeches,20799
Magnificent Typhoon Breeches,20798
Illustrious Desert Breeches,20797
Illustrious Squall Breeches,20796
Illustrious Lightning Breeches,20795
Illustrious Typhoon Breeches,20794
Conqueror's Breeches,20793
Artisan's Breeches,20792
Artificer's Breeches,20791
Craftsman's Breeches,20790
Apprentice's Breeches,20789
Delphinad Earth Jerkin,20788
Delphinad Desert Jerkin,20787
Delphinad Gale Jerkin,20786
Delphinad Squall Jerkin,20785
Delphinad Flame Jerkin,20784
Delphinad Lightning Jerkin,20783
Delphinad Typhoon Jerkin,20782
Epherium Earth Jerkin,20781
Epherium Desert Jerkin,20780
Epherium Gale Jerkin,20779
Epherium Squall Jerkin,20778
Epherium Flame Jerkin,20777
Epherium Lightning Jerkin,20776
Epherium Typhoon Jerkin,20775
Magnificent Desert Jerkin,20774
Magnificent Squall Jerkin,20773
Magnificent Lightning Jerkin,20772
Magnificent Typhoon Jerkin,20771
Illustrious Desert Jerkin,20770
Illustrious Squall Jerkin,20769
Illustrious Lightning Jerkin,20768
Illustrious Typhoon Jerkin,20767
Conqueror's Jerkin,20766
Artisan's Jerkin,20765
Artificer's Jerkin,20764
Craftsman's Jerkin,20763
Apprentice's Jerkin,20762
Delphinad Earth Cap,20761
Delphinad Desert Cap,20760
Delphinad Gale Cap,20759
Delphinad Squall Cap,20758
Delphinad Flame Cap,20757
Delphinad Lightning Cap,20756
Delphinad Typhoon Cap,20755
Epherium Earth Cap,20754
Epherium Desert Cap,20753
Epherium Gale Cap,20752
Epherium Squall Cap,20751
Epherium Flame Cap,20750
Epherium Lightning Cap,20749
Epherium Typhoon Cap,20748
Magnificent Desert Cap,20747
Magnificent Squall Cap,20746
Magnificent Lightning Cap,20745
Magnificent Typhoon Cap,20744
Illustrious Desert Cap,20743
Illustrious Squall Cap,20742
Illustrious Lightning Cap,20741
Illustrious Typhoon Cap,20740
Conqueror's Cap,20739
Artisan's Cap,20738
Artificer's Cap,20737
Craftsman's Cap,20736
Apprentice's Cap,20735
Delphinad Life Sash,20734
Delphinad Stone Sash,20733
Delphinad Wave Sash,20732
Delphinad Meadow Sash,20731
Delphinad Earth Sash,20730
Delphinad Lake Sash,20729
Delphinad Ocean Sash,20728
Epherium Life Sash,20727
Epherium Stone Sash,20726
Epherium Wave Sash,20725
Epherium Meadow Sash,20724
Epherium Earth Sash,20723
Epherium Lake Sash,20722
Epherium Ocean Sash,20721
Magnificent Stone Sash,20720
Magnificent Meadow Sash,20719
Magnificent Lake Sash,20718
Magnificent Ocean Sash,20717
Illustrious Stone Sash,20716
Illustrious Meadow Sash,20715
Illustrious Lake Sash,20714
Illustrious Ocean Sash,20713
Conqueror's Sash,20712
Artisan's Sash,20711
Artificer's Sash,20710
Craftsman's Sash,20709
Apprentice's Sash,20708
Delphinad Life Sleeves,20707
Delphinad Stone Sleeves,20706
Delphinad Wave Sleeves,20705
Delphinad Meadow Sleeves,20704
Delphinad Earth Sleeves,20703
Delphinad Lake Sleeves,20702
Delphinad Ocean Sleeves,20701
Epherium Life Sleeves,20700
Epherium Stone Sleeves,20699
Epherium Wave Sleeves,20698
Epherium Meadow Sleeves,20697
Epherium Earth Sleeves,20696
Epherium Lake Sleeves,20695
Epherium Ocean Sleeves,20694
Magnificent Stone Sleeves,20693
Magnificent Meadow Sleeves,20692
Magnificent Lake Sleeves,20691
Magnificent Ocean Sleeves,20690
Illustrious Stone Sleeves,20689
Illustrious Meadow Sleeves,20688
Illustrious Lake Sleeves,20687
Illustrious Ocean Sleeves,20686
Conqueror's Sleeves,20685
Artisan's Sleeves,20684
Artificer's Sleeves,20683
Craftsman's Sleeves,20682
Apprentice's Sleeves,20681
Delphinad Life Shoes,20680
Delphinad Stone Shoes,20679
Delphinad Wave Shoes,20678
Delphinad Meadow Shoes,20677
Delphinad Earth Shoes,20676
Delphinad Lake Shoes,20675
Delphinad Ocean Shoes,20674
Epherium Life Shoes,20673
Epherium Stone Shoes,20672
Epherium Wave Shoes,20671
Epherium Meadow Shoes,20670
Epherium Earth Shoes,20669
Epherium Lake Shoes,20668
Epherium Ocean Shoes,20667
Magnificent Stone Shoes,20666
Magnificent Meadow Shoes,20665
Magnificent Lake Shoes,20664
Magnificent Ocean Shoes,20663
Illustrious Stone Shoes,20662
Illustrious Meadow Shoes,20661
Illustrious Lake Shoes,20660
Illustrious Ocean Shoes,20659
Conqueror's Shoes,20658
Artisan's Shoes,20657
Artificer's Shoes,20656
Craftsman's Shoes,20655
Apprentice's Shoes,20654
Delphinad Life Gloves,20653
Delphinad Stone Gloves,20652
Delphinad Wave Gloves,20651
Delphinad Meadow Gloves,20650
Delphinad Earth Gloves,20649
Delphinad Lake Gloves,20648
Delphinad Ocean Gloves,20647
Epherium Life Gloves,20646
Epherium Stone Gloves,20645
Epherium Wave Gloves,20644
Epherium Meadow Gloves,20643
Epherium Earth Gloves,20642
Epherium Lake Gloves,20641
Epherium Ocean Gloves,20640
Magnificent Stone Gloves,20639
Magnificent Meadow Gloves,20638
Magnificent Lake Gloves,20637
Magnificent Ocean Gloves,20636
Illustrious Stone Gloves,20635
Illustrious Meadow Gloves,20634
Illustrious Lake Gloves,20633
Illustrious Ocean Gloves,20632
Conqueror's Gloves,20631
Artisan's Gloves,20630
Artificer's Gloves,20629
Craftsman's Gloves,20628
Apprentice's Gloves,20627
Delphinad Life Pants,20626
Delphinad Stone Pants,20625
Delphinad Wave Pants,20624
Delphinad Meadow Pants,20623
Delphinad Earth Pants,20622
Delphinad Lake Pants,20621
Delphinad Ocean Pants,20620
Epherium Life Pants,20619
Epherium Stone Pants,20618
Epherium Wave Pants,20617
Epherium Meadow Pants,20616
Epherium Earth Pants,20615
Epherium Lake Pants,20614
Epherium Ocean Pants,20613
Magnificent Stone Pants,20612
Magnificent Meadow Pants,20611
Magnificent Lake Pants,20610
Magnificent Ocean Pants,20609
Illustrious Stone Pants,20608
Illustrious Meadow Pants,20607
Illustrious Lake Pants,20606
Illustrious Ocean Pants,20605
Conqueror's Pants,20604
Artisan's Pants,20603
Artificer's Pants,20602
Craftsman's Pants,20601
Apprentice's Pants,20600
Delphinad Life Shirt,20599
Delphinad Stone Shirt,20598
Delphinad Wave Shirt,20597
Delphinad Meadow Shirt,20596
Delphinad Earth Shirt,20595
Delphinad Lake Shirt,20594
Delphinad Ocean Shirt,20593
Epherium Life Shirt,20592
Epherium Stone Shirt,20591
Epherium Wave Shirt,20590
Epherium Meadow Shirt,20589
Epherium Earth Shirt,20588
Epherium Lake Shirt,20587
Epherium Ocean Shirt,20586
Magnificent Stone Shirt,20585
Magnificent Meadow Shirt,20584
Magnificent Lake Shirt,20583
Magnificent Ocean Shirt,20582
Illustrious Stone Shirt,20581
Illustrious Meadow Shirt,20580
Illustrious Lake Shirt,20579
Illustrious Ocean Shirt,20578
Conqueror's Shirt,20577
Artisan's Shirt,20576
Artificer's Shirt,20575
Craftsman's Shirt,20574
Apprentice's Shirt,20573
Delphinad Life Hood,20572
Delphinad Stone Hood,20571
Delphinad Wave Hood,20570
Delphinad Meadow Hood,20569
Delphinad Earth Hood,20568
Delphinad Lake Hood,20567
Delphinad Ocean Hood,20566
Epherium Life Hood,20565
Epherium Stone Hood,20564
Epherium Wave Hood,20563
Epherium Meadow Hood,20562
Epherium Earth Hood,20561
Epherium Lake Hood,20560
Epherium Ocean Hood,20559
Magnificent Stone Hood,20558
Magnificent Meadow Hood,20557
Magnificent Lake Hood,20556
Magnificent Ocean Hood,20555
Illustrious Stone Hood,20554
Illustrious Meadow Hood,20553
Illustrious Lake Hood,20552
Illustrious Ocean Hood,20551
Conqueror's Hood,20550
Artisan's Hood,20549
Artificer's Hood,20548
Craftsman's Hood,20547
Apprentice's Hood,20546
Delphinad Wave Shield,20545
Delphinad Sunset Shield,20544
Delphinad Earth Shield,20543
Delphinad Lake Shield,20542
Delphinad Flame Shield,20541
Delphinad Desert Shield,20540
Delphinad Quake Shield,20539
Epherium Wave Shield,20538
Epherium Sunset Shield,20537
Epherium Earth Shield,20536
Epherium Lake Shield,20535
Epherium Flame Shield,20534
Epherium Desert Shield,20533
Epherium Quake Shield,20532
Magnificent Sunset Shield,20531
Magnificent Lake Shield,20530
Magnificent Desert Shield,20529
Magnificent Quake Shield,20528
Illustrious Sunset Shield,20527
Illustrious Lake Shield,20526
Illustrious Desert Shield,20525
Illustrious Quake Shield,20524
Conqueror's Shield,20523
Artisan's Shield,20522
Artificer's Shield,20521
Craftsman's Shield,20520
Apprentice's Shield,20519
Delphinad Gale Drum,20518
Delphinad Flame Drum,20517
Delphinad Lightning Drum,20516
Epherium Gale Drum,20515
Epherium Flame Drum,20514
Epherium Lightning Drum,20513
Illustrious Gale Drum,20512
Illustrious Flame Drum,20511
Illustrious Lightning Drum,20510
Conqueror's Drum,20509
Artisan's Drum,20508
Craftsman's Drum,20507
Apprentice's Lightning Drum,20506
Delphinad Wave Flute,20505
Delphinad Earth Flute,20504
Delphinad Lake Flute,20503
Epherium Wave Flute,20502
Epherium Earth Flute,20501
Epherium Lake Flute,20500
Magnificent Wave Flute,20499
Magnificent Earth Flute,20498
Magnificent Lake Flute,20497
Illustrious Lake Flute,20496
Artisan's Flute,20495
Artificer's Flute,20494
Apprentice's Flute,20493
Delphinad Life Lute,20492
Delphinad Wave Lute,20491
Delphinad Meadow Lute,20490
Epherium Life Lute,20489
Epherium Wave Lute,20488
Epherium Meadow Lute,20487
Magnificent Life Lute,20486
Magnificent Wave Lute,20485
Magnificent Meadow Lute,20484
Illustrious Meadow Lute,20483
Artisan's Lute,20482
Artificer's Lute,20481
Apprentice's Lute,20480
Delphinad Wave Bow,20479
Delphinad Sunset Bow,20478
Delphinad Gale Bow,20477
Delphinad Tidal Bow,20476
Delphinad Flame Bow,20475
Delphinad Lightning Bow,20474
Delphinad Volcano Bow,20473
Epherium Wave Bow,20472
Epherium Sunset Bow,20471
Epherium Gale Bow,20470
Epherium Tidal Bow,20469
Epherium Flame Bow,20468
Epherium Lightning Bow,20467
Epherium Volcano Bow,20466
Magnificent Sunset Bow,20465
Magnificent Tidal Bow,20464
Magnificent Lightning Bow,20463
Magnificent Volcano Bow,20462
Illustrious Sunset Bow,20461
Illustrious Tidal Bow,20460
Illustrious Lightning Bow,20459
Illustrious Volcano Bow,20458
Conqueror's Bow,20457
Artisan's Bow,20456
Artificer's Bow,20455
Craftsman's Bow,20454
Apprentice's Bow,20453
Delphinad Life Staff,20452
Delphinad Stone Staff,20451
Delphinad Wave Staff,20450
Delphinad Meadow Staff,20449
Delphinad Earth Staff,20448
Delphinad Lake Staff,20447
Delphinad Ocean Staff,20446
Epherium Life Staff,20445
Epherium Stone Staff,20444
Epherium Wave Staff,20443
Epherium Meadow Staff,20442
Epherium Earth Staff,20441
Epherium Lake Staff,20440
Epherium Ocean Staff,20439
Magnificent Stone Staff,20438
Magnificent Meadow Staff,20437
Magnificent Lake Staff,20436
Magnificent Ocean Staff,20435
Illustrious Stone Staff,20434
Illustrious Meadow Staff,20433
Illustrious Lake Staff,20432
Illustrious Ocean Staff,20431
Conqueror's Staff,20430
Artisan's Staff,20429
Artificer's Staff,20428
Craftsman's Staff,20427
Apprentice's Staff,20426
Delphinad Life Scepter,20425
Delphinad Wave Scepter,20424
Delphinad Meadow Scepter,20423
Epherium Life Scepter,20422
Epherium Wave Scepter,20421
Epherium Meadow Scepter,20420
Magnificent Life Scepter,20419
Magnificent Wave Scepter,20418
Magnificent Meadow Scepter,20417
Illustrious Meadow Scepter,20416
Artisan's Scepter,20415
Artificer's Scepter,20414
Apprentice's Scepter,20413
Delphinad Earth Longspear,20412
Delphinad Gale Longspear,20411
Delphinad Squall Longspear,20410
Epherium Earth Longspear,20409
Epherium Gale Longspear,20408
Epherium Squall Longspear,20407
Magnificent Earth Longspear,20406
Magnificent Gale Longspear,20405
Magnificent Squall Longspear,20404
Illustrious Squall Longspear,20403
Artisan's Longspear,20402
Artificer's Longspear,20401
Apprentice's Longspear,20400
Delphinad Wave Shortspear,20399
Delphinad Tidal Shortspear,20398
Delphinad Earth Shortspear,20397
Delphinad Lake Shortspear,20396
Delphinad Gale Shortspear,20395
Delphinad Squall Shortspear,20394
Delphinad Winter Shortspear,20393
Epherium Wave Shortspear,20392
Epherium Tidal Shortspear,20391
Epherium Earth Shortspear,20390
Epherium Lake Shortspear,20389
Epherium Gale Shortspear,20388
Epherium Squall Shortspear,20387
Epherium Winter Shortspear,20386
Magnificent Tidal Shortspear,20385
Magnificent Lake Shortspear,20384
Magnificent Squall Shortspear,20383
Magnificent Winter Shortspear,20382
Illustrious Tidal Shortspear,20381
Illustrious Lake Shortspear,20380
Illustrious Squall Shortspear,20379
Illustrious Winter Shortspear,20378
Conqueror's Shortspear,20377
Artisan's Shortspear,20376
Artificer's Shortspear,20375
Craftsman's Shortspear,20374
Apprentice's Shortspear,20373
Delphinad Wave Greatclub,20372
Delphinad Flame Greatclub,20371
Delphinad Sunset Greatclub,20370
Epherium Wave Greatclub,20369
Epherium Flame Greatclub,20368
Epherium Sunset Greatclub,20367
Magnificent Wave Greatclub,20366
Magnificent Flame Greatclub,20365
Magnificent Sunset Greatclub,20364
Illustrious Sunset Greatclub,20363
Artisan's Greatclub,20362
Artificer's Greatclub,20361
Apprentice's Greatclub,20360
Delphinad Life Club,20359
Delphinad Meteor Club,20358
Delphinad Wave Club,20357
Delphinad Meadow Club,20356
Delphinad Flame Club,20355
Delphinad Sunset Club,20354
Delphinad Autumn Club,20353
Epherium Life Club,20352
Epherium Meteor Club,20351
Epherium Wave Club,20350
Epherium Meadow Club,20349
Epherium Flame Club,20348
Epherium Sunset Club,20347
Epherium Autumn Club,20346
Magnificent Meteor Club,20345
Magnificent Meadow Club,20344
Magnificent Sunset Club,20343
Magnificent Autumn Club,20342
Illustrious Meteor Club,20341
Illustrious Meadow Club,20340
Illustrious Sunset Club,20339
Illustrious Autumn Club,20338
Conqueror's Club,20337
Artisan's Club,20336
Artificer's Club,20335
Craftsman's Club,20334
Apprentice's Club,20333
Delphinad Earth Greataxe,20332
Delphinad Flame Greataxe,20331
Delphinad Desert Greataxe,20330
Epherium Earth Greataxe,20329
Epherium Flame Greataxe,20328
Epherium Desert Greataxe,20327
Magnificent Earth Greataxe,20326
Magnificent Flame Greataxe,20325
Magnificent Desert Greataxe,20324
Illustrious Desert Greataxe,20323
Artisan's Greataxe,20322
Artificer's Greataxe,20321
Apprentice's Greataxe,20320
Delphinad Earth Axe,20319
Delphinad Desert Axe,20318
Delphinad Gale Axe,20317
Delphinad Squall Axe,20316
Delphinad Flame Axe,20315
Delphinad Lightning Axe,20314
Delphinad Typhoon Axe,20313
Epherium Earth Axe,20312
Epherium Desert Axe,20311
Epherium Gale Axe,20310
Epherium Squall Axe,20309
Epherium Flame Axe,20308
Epherium Lightning Axe,20307
Epherium Typhoon Axe,20306
Magnificent Desert Axe,20305
Magnificent Squall Axe,20304
Magnificent Lightning Axe,20303
Magnificent Typhoon Axe,20302
Illustrious Desert Axe,20301
Illustrious Squall Axe,20300
Illustrious Lightning Axe,20299
Illustrious Typhoon Axe,20298
Conqueror's Axe,20297
Artisan's Axe,20296
Artificer's Axe,20295
Craftsman's Axe,20294
Apprentice's Axe,20293
Delphinad Gale Nodachi,20292
Delphinad Flame Nodachi,20291
Delphinad Lightning Nodachi,20290
Epherium Gale Nodachi,20289
Epherium Flame Nodachi,20288
Epherium Lightning Nodachi,20287
Magnificent Gale Nodachi,20286
Magnificent Flame Nodachi,20285
Magnificent Lightning Nodachi,20284
Illustrious Lightning Nodachi,20283
Artisan's Nodachi,20282
Artificer's Nodachi,20281
Apprentice's Nodachi,20280
Delphinad Life Katana,20279
Delphinad Meteor Katana,20278
Delphinad Gale Katana,20277
Delphinad Mist Katana,20276
Delphinad Flame Katana,20275
Delphinad Lightning Katana,20274
Delphinad Sky Katana,20273
Epherium Life Katana,20272
Epherium Meteor Katana,20271
Epherium Gale Katana,20270
Epherium Mist Katana,20269
Epherium Flame Katana,20268
Epherium Lightning Katana,20267
Epherium Sky Katana,20266
Magnificent Meteor Katana,20265
Magnificent Mist Katana,20264
Magnificent Lightning Katana,20263
Magnificent Sky Katana,20262
Illustrious Meteor Katana,20261
Illustrious Mist Katana,20260
Illustrious Lightning Katana,20259
Illustrious Sky Katana,20258
Conqueror's Katana,20257
Artisan's Katana,20256
Artificer's Katana,20255
Craftsman's Katana,20254
Apprentice's Katana,20253
Delphinad Earth Greatsword,20252
Delphinad Flame Greatsword,20251
Delphinad Desert Greatsword,20250
Epherium Earth Greatsword,20249
Epherium Flame Greatsword,20248
Epherium Desert Greatsword,20247
Magnificent Earth Greatsword,20246
Magnificent Flame Greatsword,20245
Magnificent Desert Greatsword,20244
Illustrious Desert Greatsword,20243
Artisan's Greatsword,20242
Artificer's Greatsword,20241
Apprentice's Greatsword,20240
Delphinad Life Sword,20239
Delphinad Meteor Sword,20238
Delphinad Earth Sword,20237
Delphinad Stone Sword,20236
Delphinad Flame Sword,20235
Delphinad Desert Sword,20234
Delphinad Summer Sword,20233
Epherium Life Sword,20232
Epherium Meteor Sword,20231
Epherium Earth Sword,20230
Epherium Stone Sword,20229
Epherium Flame Sword,20228
Epherium Desert Sword,20227
Epherium Summer Sword,20226
Magnificent Meteor Sword,20225
Magnificent Stone Sword,20224
Magnificent Desert Sword,20223
Magnificent Summer Sword,20222
Illustrious Meteor Sword,20221
Illustrious Stone Sword,20220
Illustrious Desert Sword,20219
Illustrious Summer Sword,20218
Conqueror's Sword,20217
Artisan's Sword,20216
Artificer's Sword,20215
Craftsman's Sword,20214
Apprentice's Sword,20213
Delphinad Life Dagger,20212
Delphinad Mist Dagger,20211
Delphinad Earth Dagger,20210
Delphinad Stone Dagger,20209
Delphinad Gale Dagger,20208
Delphinad Squall Dagger,20207
Delphinad Mountain Dagger,20206
Epherium Life Dagger,20205
Epherium Mist Dagger,20204
Epherium Earth Dagger,20203
Epherium Stone Dagger,20202
Epherium Gale Dagger,20201
Epherium Squall Dagger,20200
Epherium Mountain Dagger,20199
Magnificent Mist Dagger,20198
Magnificent Stone Dagger,20197
Magnificent Squall Dagger,20196
Magnificent Mountain Dagger,20195
Illustrious Mist Dagger,20194
Illustrious Stone Dagger,20193
Illustrious Squall Dagger,20192
Illustrious Mountain Dagger,20191
Conqueror's Dagger,20190
Artisan's Dagger,20189
Artificer's Dagger,20188
Craftsman's Dagger,20187
Apprentice's Dagger,20186
npc c_231 4hands,20181
npc c_230 4hands,20180
npc c_229 4hands,20179
Spare Marble,20175
Congealed Oil,20174
Baht's Token,20170
Old Fireworks,20166
Baht's Recommendation,20165
Akmit's Instructions,20164
Letter to Baht,20163
Letter to Drobis,20161
Letter to Drobis,20160
Experimental Materials Pack,20159
Confessions of a Solis Mistress,20158
Hammer,20157
Bladewing Chest,20156
npc l_500 2chest,20152
npc c_502 2chest,20151
npc c_501a 2chest,20150
npc c_500a 2chest,20149
Blessed Flare,20148
Blessed Rose Liquor Bottle,20146
Luxurious Seafood Dish,20145
Guide Shark Food,20144
Regal Cooking Tools,20140
Regal Alchemy Table,20139
Huge Crab Leg,20138
Nymph's Laughter,20137
Dazzling Snowy Plains,20136
Rainbow in Reach,20135
Brown Wolfhound,20134
Souleye,20133
Centaur Mane,20132
npc l_224 5feet,20131
npc l_223 5feet,20130
npc l_223 4hands,20129
npc l_220 3legs,20128
npc l_216 2chest,20127
npc l_222 5feet,20126
npc l_222 4hands,20125
npc l_219 3legs,20124
npc l_215 2chest,20123
Windwhips Missive,20122
Wineskin,20121
Mysterious Note,20120
Grell's Introduction,20119
fe_f_face00,20118
fe_m_face00,20117
Karkasse Spiced Lumber,20116
Hasla Light Synthetic Fiber,20115
Perinoor Moonshine,20114
Windscour Alchemical Catalyst,20113
Rookborne Basin Amber Spirits,20112
Sanddeep Seafood Jerky,20111
Hellswamp Spore Farm Wood,20110
Halcyona Organic Grains,20109
Ynystere Starshard Spice,20108
Cinderstone Shock Absorber,20107
Silent Forest Ship Lumber,20106
Two Crowns First Harvest Tea,20105
Villanelle Aged Cordial,20104
Marianople Embroidered Fabric,20103
Solis Golden Spice,20102
White Arden Silver Lumber,20101
Mahadevi Finest Rubber,20100
Dewstone Plains Rainbow Dye,20099
Tigerspine Mastercraft Ingots,20098
Original Lilyut Anvil Casts,20096
Falcorth Tanned Leather,20094
Arcum Iris Seed Oil,20093
Gweonid Willow Arrows,20091
Solzreed Aged Cordial,20090
Sealed Box,20089
Morna's Bag,20087
Monument Report,20086
npc c_254 2chest,20085
npc c_253 2chest,20084
npc c_252 2chest,20083
npc c_253 1head,20082
npc c_252 1head,20081
npc c_251 1head,20080
Skull Fragment,20079
Deadman's Tears,20078
Partially Digested Herb,20077
Slender Waist Meat,20076
Scent Spider Venom,20075
Centipede Leg,20073
Centipede Leg,20072
Scent Spider Venom,20070
Slender Waist Meat,20069
Fisherman's Trap,20068
Mahadevi Elephant Meat,20067
Swan Feather Arrow,20066
npc c_201_1 3legs,20065
Solongos Bomb,20064
npc c_209 5feet,20063
npc c_213 4hands,20062
Shatigon's Sandglass: Spoonful,20061
npc c_219 3legs,20060
npc c_257 2chest,20059
npc c_229 1head,20058
Haman's Instructions,20057
Small Gift Box,20056
Serpent's Pass Letter,20055
Scroll: Historic Rowboat,20054
Iron Crescent,20053
Iron Crescent,20052
Iron Crescent,20051
Sealed Box,20050
Sealed Box,20049
Fram's Survey Kit,20048
Leopard Cage Trade Pack,20047
Hall of Retribution Key,20046
Postulants' Nave Key,20045
Halo Clan Invoice,20043
Habba's Letter,20042
Inscribed Parchment,20041
Juhe's Letter,20040
NPC Weapon Packs - 도구형 무기 - 깨진 병,20038
Myra's Pouch,20037
Frozen Elemental Heart,20036
Jergho's Report,20035
Ayanga's Letter,20034
Gurula's Letter,20033
Ashiren's Letter,20031
npc c_229 5feet,20030
npc c_212 4hands,20029
npc c_218 3legs,20028
npc c_256 2chest,20027
npc c_201 1head,20026
Sandmane Snowlion,20025
Snowmane Snowlion,20024
Coalmane Snowlion,20023
Studded Boots,20022
Dull Shovel,20021
Brushed Key,20020
Oily Rag,20019
Barkbridge Trail Construction Update,20018
Hard Log,20016
Fresh Fish Crate,20015
Fleshy Crabmeat,20014
Simple Lunch,20013
Discarded Armor,20012
Luvian's Balanced Sword,20010
Purple Grapes,20008
Manelph's Satchel,20007
Young Angelica Root,20006
Stolen Valuables,20004
Examined Meeting Token,20003
Rendezvous Token,20002
Pirate Sea Charts,20001
Halo Milk,20000
Mineral Spring Water,19999
Tanses's Crystal,19998
Fikunda's Head,19996
Tattooed Skin,19995
White Rose,19994
Provision Package,19993
Crumpled Note,19991
Truesight Orb,19990
Osmond's Drum,19989
Crude Bomb,19988
9844 살피라 암살자 (ha_m) - 단검,19986
9839 살피라 지옥개 조련사 (ha_m) - 단검,19985
9839 살피라 지옥개 조련사 (ha_m) - 활,19984
npc sword_1h_26_4,19981
9814 살피라 제물 사냥꾼 (ha_m) - 단검,19980
9814 살피라 제물 사냥꾼 (ha_m) - 활,19979
9809 정화를 꿈꾸는 멜키나 (ha_f) - 지팡이,19978
9797 살피라의 화신 아크미트 (ha_m) - 핼버드,19977
9796 전투 훈련교관 투샨 (ha_m) - 쌍수단검,19976
Wind Energy Jar,19974
Empty Element Jar,19973
Refined Hereafter Stone,19972
Palisade Materials,19971
Large Horn,19970
Severed Arm,19968
Severed Leg,19967
Limbless Torso,19966
Severed Head,19965
Saffron Sack,19964
Armored Crayfish Claw,19963
Halo Clan's Lost Bottle Shipment,19962
Harani Dictionary,19961
Fresh Crayfish Bisque,19960
Sunset Reagent,19959
Old Remains,19958
Wood Bed Design,19957
Enraged Ghost's Ornament,19956
Nuian Dictionary,19955
Firran Dictionary,19954
Construction Debris,19953
Golden Wool,19952
Broken Goat Horn,19951
Light Goose Down,19950
Soft Duck Down,19949
Goat Wool,19948
Goose Down,19947
Duck Down,19946
Turkey Meat,19945
Goose Meat,19944
Water Buffalo Calf,19943
Goat Kid,19942
Turkey Chick,19941
Gosling,19940
Duckling,19939
Haranya Continent Dialect Dictionary,19938
Giant Log Pile,19937
Village-Finding Branch,19936
Nuia Continent Dialect Dictionary,19935
White Tree Bark,19934
Mushroom Bark,19933
Twisted Bamboo Stalk,19932
Shining Clubhead,19931
Cultivated Ginseng Rootlet,19930
Sticky Aloe Gel,19929
Mature Thistle Root,19928
Moist Giant Mushroom,19927
Golden Saffron,19926
Oily Poppy Seed,19925
Mature Black Pepper Zest,19924
Ripe Vanilla Bean,19923
Large Turmeric Root,19922
Hearty Sunflower Seed,19921
Supple Rosemary Stem,19920
Thick Mint Leaf,19919
Fragrant Lavender,19918
Vivid Iris Root,19917
Nutty Quinoa,19916
Fragrant Beans,19915
Oily Peanut,19914
Dark Rye,19913
Round Oats,19912
Hearty Wheat,19911
Large Corn,19910
Yellow Millet,19909
Polished Rice,19908
Golden Barley,19907
Resilient Jinn's Tongue Stem,19906
Splendid Cactus Fruit,19905
Vivid Cornflower Petal,19904
Flawless Lotus Petal,19903
Oily Cotton Seed,19902
Fragrant Lily Root,19901
Scarlet Rose Petal,19900
Thick Narcissus Root,19899
Soft Azalea Petal,19898
Lucky Clover,19897
Fiery Chili Pepper,19896
Jumbo Yam,19895
Great Pumpkin,19894
Shiny Strawberry,19893
Elephant Garlic,19892
Juicy Tomato,19891
Mild Onion,19890
Flavorful Carrot,19889
Juicy Cucumber,19888
Yellow Potato,19887
Small Leaf,19886
공간 기록서 유저용(테스트_정덕근),19885
npc l_215 5feet,19883
Matchmaker's Wings,19882
Fragrant Powder,19881
Ritual Goods Pack,19880
Hot Stone Egg,19879
Pale Razorbeak Egg,19878
Fresh Crayfish Bisque,19877
Armored Crayfish Meat,19876
Halcyona Coralite,19875
Fire Elemental Shard,19874
Shaira's Comb,19873
Powder Box,19872
Excavated Gear,19871
Ancient Centurion Relic,19870
Skyfin Egg,19869
tool_묘목02,19868
tool_묘목01,19867
Elephant Bonemeal,19866
npc c_201 5feet,19865
npc c_201 4hands,19864
npc c_217 3legs,19863
npc c_200 1head,19862
npc c_217 2chest,19861
Fresh Bluemist Herb,19860
Leomorph Pack,19859
Red Wisp Energy,19858
Twisted Gate,19857
Final Twisted Gate Fragment,19856
Third Twisted Gate Fragment,19855
Second Twisted Gate Fragment,19854
First Twisted Gate Fragment,19853
Ahmetgi's Letter,19852
Deathspeaker Potion,19851
Fresh Carrot,19849
River Crocodile Egg,19848
Sorak's Greathammer,19847
Ocean's Light,19846
Serpentine Mark,19845
Infant Doomgaze,19844
Noble's Net,19843
Dry Firewood,19842
Purple Falcon Egg,19841
Bridge Lumber,19840
nu_f_face00,19839
nu_m_face00,19838
Gargash's Helm,19837
Coby's Key,19836
Water-Filled Bottle,19835
Empty Bottle,19834
npc l_214 2chest,19833
npc l_213 2chest,19832
Goblin Treasure,19831
Florentina's Bombs,19830
Staff of Awakening,19829
npc c_231 5feet,19828
npc l_202 5feet,19827
npc c_228 4hands,19826
npc l_213 4hands,19825
npc l_205 3legs,19824
npc c_249 3legs,19823
npc l_206 1head,19822
npc c_243 1head,19821
npc l_208 1head,19820
npc m_214 5feet,19819
npc m_213 4hands,19818
npc m_213 3legs,19817
npc m_213 1head,19816
npc m_213 2chest,19815
npc c_255 2chest,19814
Evenstone,19812
Wisp Energy,19811
Treasure Keeper's Jewel,19809
tool_바게트빵,19808
npc c_250 1head,19807
npc c_249 1head,19806
npc c_248 1head,19805
npc c_246 1head,19804
npc c_245 1head,19803
Flamingo Blood,19802
Dominator's Red Claw,19801
Noble's Hunting Whistle,19800
Captured Songspinner Thief,19799
Guardian's Net,19798
Glowing Orb,19797
Regulus's Eternal Sleep,19796
Aidel's Wedding Gown,19795
Crimson Poppy Juice,19794
Binding Crystal,19793
Royal Decree of Amarendra IV,19792
Rattooth Head,19791
Schima Pillager's Hand,19790
Shark Steaks,19789
tool_깃펜,19788
Used Infection Strip,19787
Poisoned Centaur Dagger,19786
Mottled Twinhead Scale,19785
Bromilda's Petition,19783
Jisori's Recommendation,19782
Airain Rock Reindeer Meat,19781
Crest Bleach,19780
Original Calligraphy Ink,19779
Captured Behemoth,19778
Torn Ledger,19777
Last Spirit Bow,19776
Old Bone Chest,19775
Last Spirit Bow,19774
Old Helmet,19773
Achan's Letter,19772
Firesnarl Vine Rope,19771
Icy Beer,19770
Robust Wine,19769
Firesnarl Vine Rope,19768
Ideal Ancient Dish Set,19767
Ancient Relic,19766
Fresh Bouquet,19765
Tehmika Medicine Pack,19764
Tehmika Medicine Pack,19763
Millennium Herb,19762
Red Eagle Heart,19761
Severed Leg,19760
Orders From Veroe,19759
Firebomb,19758
Infection Strip,19757
Anti-Ghost Talisman,19756
Rujin's Sword,19755
Empty Gargoyle Tooth Pouch,19754
Iron Axe,19753
Sleep Stinger,19752
Jade-Like Stone,19751
Perfectly Handmade Cakes,19750
Small Mushroom,19749
Fox Meat,19748
Half-Full Box,19747
Zinnia,19746
Ram Horn,19745
Stone Yaksa Sword,19744
Kaho's Farm Tool,19743
Awakening Lute,19742
Mature Bamboo Shoot,19741
Message-in-a-Bottle,19740
Calming Potion,19739
Mandragora Root,19738
Lovely Lunch,19737
Bone Fertilizer,19736
Doe Femur,19735
Deer Musk,19734
Sturdy Bamboo,19733
Juicy Tender Meat,19732
Lucky Drawstring,19731
Fossilized Scale,19730
Fossilized Tiger Pawprint,19729
Clan Ambusher's Head,19728
NPC 도구형 무기 - 책,19727
npc c_225 1head,19726
npc c_224 1head,19725
npc c_223 1head,19724
npc c_251 2chest,19723
npc c_250 2chest,19722
npc c_249 2chest,19721
npc 아동 005 5feet,19720
npc 아동 004 5feet,19719
npc 아동 004 3legs,19718
npc 아동 005 2chest,19717
npc 아동 004 2chest,19716
Red Sandstone,19715
Poachers' Cage Key,19714
Golden Tiger Leather,19712
Silvertooth Tiger Leather,19711
Empty Tooth Pouch,19710
Bloody Polearm,19709
Kelp Growth Catalyst,19708
Calming Potion,19707
Prize Fish,19706
Seafolk Memory Crystal,19705
Mage Memory Crystal,19704
Red Coral Wereshark Catapult,19703
Red Coral Wereshark Longsword,19702
Coconut Shot,19701
Special Octopus Net,19700
Ventla's Magic Net,19698
Halcyona Pirates Talisman,19697
Antimagic Potion,19696
Seajoy Banquet Voucher,19695
Dull Eternal Sleep,19694
Magic Silver Thread,19693
Dark Pearl,19692
Gold Coast Sapphire,19691
Gold Coast Black Pearl,19690
Gold Coast Diamond,19689
Starsands Coral,19688
Calleil's Orb,19687
Secret Agreement,19686
Shaman's Staff,19685
Harani Wall Design,19684
Harani Gatehouse Design,19683
Harani Tower Design,19682
Harani Defense Tower Design,19681
npc l_051 5feet,19680
Cult of Lost Gods Raiment,19679
Earth Crystal,19678
Treehouse Hammer,19677
npc l_059 3legs,19676
npc l_058 3legs,19675
npc l_057 3legs,19674
npc l_056 3legs,19673
npc l_056_1 3legs,19672
npc l_200 3legs,19671
npc c_219 1head,19670
npc c_222 1head,19669
npc m_215 1head,19668
Blessed Purified Water,19667
Invisible Cloak,19666
Breeze Pipe,19665
Invading River Crocodile,19664
Crocodile Net,19663
Skyfang Talisman,19662
Crystallized Wind,19660
Bluemist Herb,19659
Slender Horn,19658
Poacher's Trap,19657
Steppe Boar Meat,19655
Nymph's Grace,19651
Tree Vine,19650
Leaf Rake,19648
Horn,19647
Fence Demolition Tool,19646
Snowlion Net,19645
Fishermen's Fish,19644
Firebomb,19643
Pirate Captain Sheren's Cap,19642
Suzanne's Pouch,19641
Seafolk Tear,19640
Sandcastle Levee,19638
Sandcastle Builder's Waterdrop,19637
Fragmented Memory,19636
Nymph Pipe,19635
Nymph's Laughter,19634
Nymph's Applause,19633
Memory Tree Lumber,19632
Mud Brick,19631
Mud,19630
Cleansing Fluid,19629
Small Leg,19628
Strange Machine Part,19627
Dwarven Engine Component,19626
Julius's Palm Wine,19625
Orion's Precious Ring,19624
Red Begonia Flower,19623
Potent Antidote,19622
Suntree Seed,19621
Suntree Fruit,19620
Trap Key,19619
Bent Key,19618
Goblin Treasure,19617
Burning Jealousy Waterballoon,19616
Flavorless Coconut,19615
Sharkbelly Coconut,19614
Infant Doomgaze,19613
Hard Footwear,19612
Florentino's Special Glider,19611
Aidel's Jeweled Dress,19610
Coral Collecting Tool,19609
Jellyfish Net,19608
Pepe's Champagne Bottle,19607
Seafolk Orb Kraken Spawn,19605
Heifer,19604
Seafolk Orb,19603
npc c_245 2chest,19602
npc c_244 2chest,19601
npc c_243 2chest,19600
npc c_242 2chest,19599
Rat Trap,19598
Nymph Blessing,19595
Seafolk Orb,19594
Slumbering Kraken Spawn,19593
npc c_228 5feet,19591
npc c_227 5feet,19590
npc c_227 4hands,19589
npc c_248 3legs,19588
npc c_247 3legs,19587
npc c_246 3legs,19586
npc c_248 2chest,19585
npc c_247 2chest,19584
npc c_246 2chest,19583
npc c_237 1head,19582
npc c_235 1head,19581
Lost Poachers' Prison Key,19580
npc c_234 1head,19579
Stolen Document Fragment,19574
Torn Secret Document,19573
Skyfang Necklace,19572
Poachers' Prison Key,19571
Stolen Goods,19570
Smuggled Goods,19568
Shining Coral,19567
Archerfish Air Bladder,19566
Poached Goods,19565
Mechanical Bomb,19564
Diruma's Legendary Meal,19563
Talon Talisman,19562
Ranch Wellwater,19561
Empty Water Bottle,19560
Midnight Swimbottoms,19558
Hibiscus Swimbottoms,19557
Oceana Swimbottoms,19556
Midnight Swimtop,19555
Hibiscus Swimtop,19554
Oceana Swimtop,19553
npc c_241 3legs,19552
npc c_240 3legs,19551
npc c_239 3legs,19550
npc c_241 2chest,19549
npc c_240 2chest,19548
npc c_239 2chest,19547
Moringa Fruit,19546
Zebra Tether,19545
Vicious Zebra,19542
Small Component,19541
Airship Pass,19540
Giant Plains Scorpion's Carapace,19539
Prairie Wildflower,19538
Striped Ostrich Feather,19537
Twinhead Viper Gall,19536
npc c_228 1head,19535
npc c_227 1head,19534
npc c_227 3legs,19533
Firesnarl Leaf,19532
npc c_238 2chest,19531
npc c_237 2chest,19530
npc c_229 2chest,19529
npc c_228 2chest,19528
Firesnarl Weed,19527
Heiru's Handkerchief,19526
White Powder,19525
Putrid Binding,19523
Stage Costume,19522
Stage Pyrotechnics,19521
npc c_227 2chest,19520
Stolen Key,19519
Father's Keepsake,19518
Whitetail Leomorph,19517
Blacktail Leomorph,19516
Flame Watcher Winters's Key,19515
Quartermaster Sorvell's Key,19514
npc m_213 5feet,19513
npc m_212 4hands,19512
npc m_212 3legs,19511
npc m_212 2chest,19510
npc m_212 1head,19509
Masterless Snowlion Sword,19508
테스트쪽지,19507
Giant Striped Spider's Venom,19506
Corrupted Soul Relic,19505
npc l_053 3legs,19504
npc c_501 1head,19482
npc001_1_ha 5feet,19481
npc l_505 5feet,19480
npc c_050 2chest (nu_m),19479
Sword of the Tehmi Empire,19478
Equipment Crafting Toolbox,19477
npc c_236 5feet,19476
npc c_236 4hands,19475
npc c_236 3legs,19474
npc c_236 2chest,19473
Farm Wagon Design,19472
Vehicle Controlling Device,19471
High Power Engine,19470
Solid Shaft,19469
Strong Wheel,19468
Tank Cannon,19467
Portable Siege Cannon,19466
Stun Bomb,19465
Crocodile Fang,19464
도면: 공성 투석기 (테스트용 공성전 외사용 가능),19463
Tehmi Empire Relic,19462
npc l_214 3legs,19459
npc l_051 3legs,19458
Archeum Fishing Pole Frame,19456
Crude Rod,19455
Crude Handle,19454
Gilt Fishing Pole Frame,19453
Crude Sack,19452
Springy Steel Fishing Pole Frame,19451
Opaque Polish,19450
Small Seed Oil,19449
Small Root Pigment,19448
Drakulo's Sacrifice,19447
Celestial Decanter,19446
Palm Wine,19445
Ocean's Light,19444
Moonlight Cotton,19443
Rat Trap,19442
Sanddeep Medicinal Herb,19441
Sanddeep Medicinal Spice,19440
Kraken Antidote,19439
Sanddeep Antidote,19438
Sanddeep Antidote,19437
Wet Sand,19436
유람선 프로토타입(지우면 나쁜사람),19435
Farm Water,19434
Dry Firewood,19433
Tehmi Empire Relic,19432
Energy Orb,19431
Steel Fishing Pole Frame,19430
Bamboo Fishing Pole Frame,19429
Rough Instrument Frame,19428
Vintage Rod,19427
Delicate Rod,19426
Rough Rod,19425
Sturdy Bow Frame,19424
Smooth Bow Frame,19423
Straight Bow Frame,19422
Sturdy Sack,19421
Smooth Sack,19420
Straight Sack,19419
Solid Shield Frame,19418
Hard Shield Frame,19417
Light Shield Frame,19416
Solid Handle,19415
Hard Handle,19414
Light Handle,19413
Rainbow Polish,19412
Non-Stick Polish,19411
Rough Polish,19410
Deeply Colored Oil,19409
Emulsified Oil,19408
Viscous Glossy Oil,19407
Lock-Dissolving Spider Venom,19405
Scented Petal Pigment,19404
Soft Stem Pigment,19403
Small Leaf Pigment,19402
Baktehan's Swimfins,19401
Delphian Slippers,19400
Delphian Gloves,19399
Delphian Frock,19398
Delphian Hat,19397
Delphian Shoes,19396
Delphian Gloves,19395
Delphian Pants,19394
Delphian Frock,19393
테스트용 조약돌,19391
npc m_104 1head,19390
npc m_103 1head,19389
npc m_102 1head,19388
npc m_101 1head,19387
npc m_212 5feet,19386
ha_f_hair06,19385
Annie's Kraken Scale,19384
Wyrdwinds' Message,19383
Blue Hat Scarecrow,19382
Sunstorm Griffin Feather,19381
Sealing Hammer,19364
Wedding Ring,19362
Browntail Leomorph,19361
el_f_hair07,19360
nu_f_hair07,19359
Mark of the Blue Cypress,19358
D몬스터 - mace_2h_46_5,19357
D몬스터 - sword_2h_36_7,19356
Tough Gatekeeper's Sabatons,19354
Tough Gatekeeper's Greaves,19353
Tough Gatekeeper's Tassets,19352
Tough Gatekeeper's Gauntlets,19351
Tough Gatekeeper's Vambraces,19350
Tough Gatekeeper's Cuirass,19349
Tough Gatekeeper's Helm,19348
Blackbeard Ranger,19347
Blackbeard Betrayer,19346
Blackbeard Watcher,19345
Four Fingers Hood,19344
Tainted Meat,19342
Sandwind Buffalo Meat,19341
npc c_209 1head,19340
Reckless Captain's Sabatons,19339
Reckless Captain's Greaves,19338
Reckless Captain's Tassets,19337
Reckless Captain's Gauntlets,19336
Reckless Captain's Vambraces,19335
Reckless Captain's Cuirass,19334
Reckless Captain's Helm,19333
Corrupted Kyrios Shoes,19332
Corrupted Kyrios Pants,19331
Corrupted Kyrios Sash,19330
Corrupted Kyrios Gloves,19329
Corrupted Kyrios Sleeves,19328
Corrupted Kyrios Shirt,19327
Corrupted Kyrios Hood,19326
Wooden Ladder,19129
Dead Firran's Bracelet,19128
Dominator's Confidence,19127
Dominator's Confidence,19126
npc c_235 3legs,19124
npc c_234 3legs,19123
npc c_233 3legs,19122
npc c_235 2chest,19121
npc c_234 2chest,19120
npc c_233 2chest,19119
npc c_231 2chest,19118
npc c_232 2chest,19117
npc c_233 1head,19116
npc c_232 1head,19115
npc c_231 1head,19114
Fish Crate,19113
Prisoner's Broken Ring,19112
Pirate Envelope,19110
Escaped Pirate's Pants,19109
Escaped Pirate's Shirt,19108
Escaped Pirate's Cap,19107
Bent Key,19106
npc c_226 5feet,19105
npc c_226 2chest,19104
npc c_226 4hands,19103
npc c_226 3legs,19102
npc c_226 1head,19101
npc c_230 5feet,19100
npc c_230 3legs,19099
npc c_230 2chest,19098
npc c_230 1head,19097
Simple Mailbox Design,19096
npc l_212 3legs,19094
npc l_212 4hands,19092
npc l_212 2chest,19091
Owl Mailbox,19090
Jaswar's Compendium,19082
npc l_123 2chest,19081
Tippi's Tropical Fish,19079
Tropical Fish Net,19078
Prepared Bones,19077
Pile of Bones,19076
Old Delphinad-Style Crown,19074
Moonrock Nui Statue,19073
Dull Delphinad Gold Coins,19072
Masterfully-Cut Topaz,19071
Old Delphinad-Style Necklace,19070
Painted Monolith Fragment,19069
Tarnished Delphinad Silver Coins,19068
Cracked Glass Slipper,19067
Strange Stone Statue,19066
Empty Earring,19065
Delphinad Sealed Document,19064
Nuimari Landscape Painting,19063
Noble's Torn Shirt,19062
Noblewoman's Sewing Box,19061
Cracked Orb,19060
Coil Rock,19059
Ornate Wall Mirror,19058
Tarnished Silver Candlestick,19057
Corroded Delphinad Bronze Coins,19056
Broken Spyglass,19055
Rusty Prisoner Chains,19054
Corroded Cannon Barrel,19053
Broken Fishing Rod,19052
Unusable Net,19051
Sailor's Bones,19050
Damaged Stuffed Eagle,19049
Tattered Feather Pen,19048
Cracked Rum Bottle,19047
Broken Gourd Bottle,19046
Black Pearl,19045
Serene Essence,19044
Nui's Nova,19043
Desert Fire,19042
Kraken's Might,19041
Sallium Antique,19040
Arcane Academy Staff,19039
Reindeer Skirt Steak,19038
Ancient Crystal,19037
Key,19036
Recovery Pouch,19035
Recovery Pouch Kit,19034
공성용 장궁(테스트),19033
Seabreeze Essence,19032
Chewy Penshell,19031
Plump Abalone,19030
Bighorn Boar Horn,19029
ha_f_hair05,19027
el_f_hair06,19026
nu_f_hair06,19025
npc l_207 1head,19024
npc l_205 1head,19023
npc l_206 5feet,19022
npc l_205 5feet,19021
Seabreeze Essence,19020
Creator's Key,19019
Pacific Rationality,19018
Pacific Fortitude,19017
npc l_205 2chest,19016
npc l_033 3legs,19015
npc c_216 1head,19014
npc c_208 5feet,19013
npc c_208 4hands,19012
npc l_206 4hands,19010
npc l_205 4hands,19009
npc l_206 5feet,19008
Centaur Leather,19007
npc c_218 1head,19006
npc c_217 1head,19005
Arcane Academy Token,19004
Watcher's Gesture,19003
npc l_211 2chest,19002
Giant Grub Ichor,19001
Ariaga Bow,19000
Archerfish Eye,18999
Rusty Axe,18998
Narayana Pack,18997
Achassi Well Water,18996
Achassi Well Water,18995
Sturdy Cobweb Net,18994
Sturdy Cobweb Fibers,18993
npc c_216 5feet,18992
아얀가의 편지(삭제예정),18991
Firrewort,18990
Steppe Belle,18989
Steppe Belle,18988
Spider Venom,18987
Panacea,18986
npc c_216 2chest,18985
Gold Crown Root,18983
Stolen Cog,18982
npc l_209 3legs,18981
npc l_208 3legs,18980
보물지도의 조각_미사용,18979
Brown Bear Gallbladder,18978
Truesight Orb,18977
Ram Horn,18976
Queensleaf,18975
Dharat's Letter,18974
Mnemos Leaf,18973
Aurak's Training Scroll,18972
Mountain Tea Leaf,18971
Ancient Library Relic,18970
Wisemen's Wine,18969
Damaged Dragon Bone Chip,18968
Old Snowlion Bones,18967
Firran Dusk Dirge,18966
Nuthur's Ancient Cure,18965
Purple Falcon Heart,18964
Jirigol's Letter,18963
Bhatoo's Spear,18962
Aungsun's Sheep Milk,18961
Ahmetgi's Letter,18960
Heavy Stone,18959
"Other
Lv. 1",18958
"Other
Lv. 1",18957
"Other
Lv. 1",18956
Penshell,18955
Abalone,18954
npc c_214 2chest,18953
npc c_213 2chest,18952
npc l_204 4hands,18951
npc l_210 2chest,18950
npc l_209 2chest,18949
npc c_223 4hands 사용x,18948
npc c_222 5feet,18945
Silver Birch Branch,18944
Yellow Coral,18943
Orange Coral,18942
Blue Coral,18941
White Coral,18940
Oyster,18939
Antler Coral,18938
Green Coral,18937
Red Coral,18936
npc m_206 2chest,18935
npc l_204 1head,18934
npc c_215 1head,18933
npc c_215 3legs,18921
npc c_225 5feet,18920
npc c_221 5feet,18919
npc c_223 5feet,18918
npc c_224 5feet,18917
npc l_220 5feet,18916
npc l_166 5feet,18915
npc l_204 5feet,18914
npc l_203 5feet,18913
npc m_211 5feet,18912
npc l_203 4hands,18911
npc c_225 4hands,18910
npc c_222 4hands,18909
npc c_224 4hands,18908
npc l_220 4hands,18907
npc c_동부 긴장갑 줄무늬 브라운,18906
npc m_211 3legs,18905
npc l_207 3legs,18904
npc l_206 3legs,18903
npc c_225 3legs,18902
npc c_221 3legs,18901
npc c_222 3legs,18900
npc c_223 3legs,18899
npc c_224 3legs,18898
npc c_220 3legs,18897
npc m_211 2chest,18895
npc l_208 2chest,18894
npc l_207 2chest,18893
npc c_225 2chest,18892
npc c_221 2chest,18891
npc c_222 2chest,18890
npc c_223 2chest,18889
npc c_224 2chest,18888
npc c_220 2chest,18887
npc m_211 1head,18886
npc l_203 1head,18885
npc c_220 1head,18884
npc c_221 1head,18883
npc c_207 5feet,18882
npc c_206 5feet,18881
npc c_207 4hands,18880
npc c_206 4hands,18879
npc c_214 3legs,18877
npc c_051 3legs,18872
npc c_212 2chest,18871
npc c_045 2chest,18870
npc c_038 1head,18869
npc c_030 4hands,18868
npc c_205 5feet,18867
Silver Birch Branch,18865
North Ishvaran Necklace,18864
Blue Coral Polyp,18832
White Coral Polyp,18831
Pearl Oyster,18830
Antler Coral Polyp,18829
Yellow Plate Coral Polyp,18828
Orange Plate Coral Polyp,18827
Green Kelp Spore,18826
Brown Kelp Spore,18825
Green Coral Polyp,18824
Red Coral Polyp,18823
Delphinad Life Earring,18822
Delphinad Wave Earring,18821
Delphinad Flame Earring,18820
Delphinad Gale Earring,18819
Delphinad Earth Earring,18818
Illustrious Life Earring,18817
Illustrious Wave Earring,18816
Illustrious Flame Earring,18815
Illustrious Gale Earring,18814
Illustrious Earth Earring,18813
Artisan's Life Earring,18812
Artisan's Wave Earring,18811
Artisan's Flame Earring,18810
Artisan's Gale Earring,18809
Artisan's Earth Earring,18808
npc l_049 2chest,18807
npc m_041 1head,18806
npc c_211 2chest,18805
npc c_204 5feet,18804
npc c_213 3legs,18803
npc c_212 3legs,18802
npc c_205 4hands,18801
npc c_209 2chest,18800
npc c_210 2chest,18799
npc c_213 1head,18798
npc c_214 1head,18797
Granbleu's Dive Helmet,18795
Mind's Edge,18792
Heart's Beat,18791
Resistance Victory Prize,18790
Resistance Victory Prize,18789
Brown Kelp,18787
Green Kelp,18786
Resistance Victory Prize,18785
Sunstorm Griffin Egg,18784
npc l_204 2chest,18782
npc l_203 2chest,18781
npc c_212 1head,18780
npc c_211 1head,18779
npc c_210 1head,18778
npc m_210 5feet,18777
npc m_209 5feet,18776
npc m_208 5feet,18775
npc m_207 5feet,18774
npc m_206 5feet,18773
Dominator's Confidence,18772
npc l_201 5feet,18771
npc c_204 4hands,18770
npc l_202 4hands,18769
npc l_201 4hands,18768
npc l_202 1head,18767
npc l_201 1head,18766
npc c_211 3legs,18765
npc c_210 3legs,18764
npc m_206 1head,18763
npc l_202 2chest,18762
Simple Sandwich,18760
Kalbina's Potion,18758
Icicle Hammer,18757
Icicle,18756
Rations,18754
Deluxe Sandwich,18753
불타는 나무 묘목,18752
Graywisp Seed,18751
Fiery Seed,18750
Flaming Log,18749
Kyprosa's Timeless Memory,18748
Bloodfeast Orchidna,18747
Dominator's Confidence,18746
ha_f_hair04,18745
Magic Orb,18744
Magic Orb,18743
Complete Blood Pirate Logbook,18742
"Blood Pirate Logbook, Ch. 3",18741
"Blood Pirate Logbook, Ch. 2",18740
"Blood Pirate Logbook, Ch. 1",18739
Growlgate Isle Map,18736
Henry's Drum,18735
Goldmane Stone,18731
Pholical Acid,18730
Enchanted Chain,18729
el_f_hair05,18728
Red Hat Scarecrow,18727
Centaur Liquor,18725
Poison Bottle,18723
Strange Weed,18721
Watery Potato Soup,18720
Criminal's Remains,18719
npc cp_cloth012,18718
npc cp_cloth011,18717
npc cp_cloth010,18716
npc cp_cloth009,18715
npc cp_cloth008,18714
npc cp_cloth007,18713
Archeum Lumber Pack,18712
NPC Weapon Packs - 몬스터 - 피투성이군대 2 양손지팡이,18711
NPC Weapon Packs - 몬스터 - 피투성이군대 2 활,18710
NPC Weapon Packs - 몬스터 - 피투성이군대 2 한손도끼,18709
NPC Weapon Packs - 몬스터 - 피투성이군대 2 한손도,18708
NPC Weapon Packs - 몬스터 - 피투성이군대 2 방패,18707
NPC Weapon Packs - 몬스터 - 피투성이군대 2 양손창,18706
D몬스터 - 피투성이군대 2 한손둔기,18705
Kalia Family Cargo,18704
Special Tonic,18703
npc m_205 5feet,18702
npc m_205 4hands,18701
npc m_205 3legs,18700
npc m_205 2chest,18699
npc m_205 1head,18698
Siege Stronghold: Marcala,18697
Siege Stronghold: Calmlands,18696
Scooped Leaves,18695
Blue Crane Feather,18692
Powerful Bomb,18691
Actress's Dress,18690
Thornbush Key,18688
Fortress Taxes,18687
Scroll: Turret,18686
npc c_203 5feet,18685
npc c_203 4hands,18684
npc c_209 3legs,18683
npc c_208 1head,18682
npc c_208 2chest,18681
Tool_쇠스랑,18680
Two Crowns Red Wine,18678
Thorny Hay,18676
Faulty Glider Smokescreen,18675
Soothing Hymn,18673
Cornflower Petals,18672
Bitter Pond Water,18671
Smooth Gloves,18670
Safe Key,18668
el_f_face011,18667
nu_f_face011,18666
ha_f_face011,18665
Aquafarm Design,18664
Sweet Sorrow,18663
Cold Anguish,18662
Searing Oath,18661
Scroll: Farm Wagon,18660
Kai's Letter,18659
Grave Maw Ruby,18657
Reinforced Grub Trap,18656
Weed Killer,18655
Hadir's Secret Ledger,18653
Stolen ship components,18652
Silver Birch Branch,18651
Pet Dual-Recovery Potion,18649
Pipe of Repose,18646
Eternal Rest Flower,18645
Elizabeth's Star,18644
Defense Respawn,18643
D몬스터 - 철갑망령 사냥꾼 석궁(철갑망령 전용. Asset이 보이지 않는것이 정상. ),18642
Ritual Pouch,18641
Scooped Soil,18639
Ritual Offering Bundle,18638
Plate Set,18637
Leather Set,18636
Cloth Set,18635
White Handkerchief,18634
War Memorial Flag,18633
Flare,18632
Morpheus's Treasure Chest Key,18631
npc c_203 3legs,18630
npc c_202 3legs,18629
npc c_202 1head,18628
npc c_202 4hands,18627
npc c_202 5feet,18626
npc c_202 2chest,18625
npc m_201 4hands,18624
npc m_201 3legs,18623
npc m_200 3legs,18622
npc m_201 2chest,18621
npc m_200 2chest,18620
Lieutenant Alexander's Helmet,18619
Shabby Pirate's Boots,18618
Shabby Pirate's Breeches,18617
Shabby Pirate's Belt,18616
Shabby Pirate's Fists,18615
Shabby Pirate's Guards,18614
Shabby Pirate's Jerkin,18613
Shabby Pirate's Cap,18612
Morpheus's Boots,18611
Morpheus's Breeches,18610
Morpheus's Belt,18609
Morpheus's Fists,18608
Morpheus's Guards,18607
Morpheus's Jerkin,18606
Morpheus's Cap,18605
Hotleaf,18603
Memorial Embers,18599
Traveler's Documents,18598
Children's Toy,18597
npc l_030_1 2chest,18596
Tool_청소 도구,18505
Small Time Bomb,18504
ha_m_face103,18503
ha_m_face102,18502
ha_m_face101,18501
nu_m_face104,18500
nu_m_face103,18499
nu_m_face102,18498
nu_m_face101,18497
nu_m_face100,18496
해적 깃발(test),18495
Siege Tower Design,18494
Mysterious Centaur Horn,18493
Jolly Roger Flag,18492
npc c_135_1 3legs,18490
npc l_120 1head,18489
Zephyr Underwater Breathing Device,18488
npc c_135 3legs,18487
npc c_135 2chest,18486
npc c_201 3legs,18485
npc c_201 2chest,18484
Wooden Chest,18483
Emboldening Bomb,18482
Private Leatherwork Table Design,18481
Forensic Powder,18480
Crime Cleaner,18479
Eternal Rest Stone,18478
Siege Stronghold: Heedmar,18476
Bent Key,18475
Full Kit: Tudor Spring Villa,18474
테스트 등짐,18473
Private Sawmill Design,18472
Private Masonry Table Design,18471
Private Loom Design,18470
Delphinad Relic: Perdita Statue,18469
Delphinad Relic: Etched Clay Tablet,18468
Delphinad Relic: Long-Lost Rubies,18467
Delphinad Relic: Lost Realm Pottery,18466
Delphinad Relic: Delphinad Library Parchments,18465
npc l_203 3legs,18464
npc l_204 3legs,18463
Bone Arrow,18462
Footprint,18461
Kobold Leader's Eye,18460
Private Smelter Design,18459
Giant Honeybee Honey,18458
Tropical Turtle Horn,18457
Scroll: Resurrection,18456
Pedora's Pouch,18455
Quasar's Letter,18454
nu_f_face999,18453
npc nu_royal001 5feet,18447
npc nu_royal001 4hands,18446
npc n_001 3legs,18445
npc nu_royal001 1head,18444
npc nu_royal001 2chest,18443
Archeum Log,18442
Dead Archeum Tree Sapling,18441
Auroria Mineral Water Pack,18440
NPC Weapon Packs - 몬스터 - 원혼 방패,18439
Solzrean Seal,18438
Tofu,18433
Introspection's Perspiration,18432
Haje's Tears,18431
Rugged Bloodiron Metal,18430
Bloodiron Metal,18429
Purifying Spring Water,18428
npc c_044 5feet,18427
npc c_044 3legs,18426
npc c_044 4hands,18425
npc c_044 2chest,18424
Battle Trainer Summons,18421
Honor's Mighty Binding Shield,18420
Honor's Binding Shield,18419
Honor's Mighty Entangling Bow,18418
Honor's Entangling Bow,18417
Honor's Mighty Judgment Longspear,18416
Honor's Judgment Longspear,18415
Honor's Mighty Perdition Shortspear,18414
Honor's Perdition Shortspear,18413
Honor's Mighty Dominating Staff,18412
Honor's Dominating Staff,18411
Honor's Mighty Vivacious Scepter,18410
Honor's Vivacious Scepter,18409
Honor's Mighty Withering Greatclub,18408
Honor's Withering Greatclub,18407
Honor's Mighty Withering Club,18406
Honor's Withering Club,18405
Honor's Mighty Silent Greataxe,18404
Honor's Silent Greataxe,18403
Honor's Mighty Ferocious Axe,18402
Honor's Ferocious Axe,18401
Honor's Mighty Frenzied Nodachi,18400
Honor's Frenzied Nodachi,18399
Honor's Mighty Vexing Katana,18398
Honor's Vexing Katana,18397
Honor's Mighty Commanding Greatsword,18396
Honor's Commanding Greatsword,18395
Honor's Mighty Abeyance Sword,18394
Honor's Abeyance Sword,18393
Honor's Mighty Slashing Dagger,18392
Honor's Slashing Dagger,18391
Experience Potion,18390
Coagulated Archeum Crystal,18389
Blood Archeum Shard,18388
NPC Weapon Packs - 몬스터 - 자유도 해적 대장 한손도,18386
npc m_037 1head,18380
npc m_037 2chest,18379
npc m_037 4hands,18378
npc m_037 3legs,18377
npc m_037 5feet,18376
npc m_036 1head,18375
npc m_036 2chest,18374
npc m_036 4hands,18373
npc m_036 3legs,18372
npc m_036 5feet,18371
npc m_035 1head,18370
npc m_035 2chest,18369
npc m_035 4hands,18368
npc m_035 3legs,18367
npc m_035 5feet,18366
npc m_034 1head,18365
npc m_034 2chest,18364
npc m_034 4hands,18363
npc m_034 3legs,18362
npc m_034 5feet,18361
npc m_033 1head,18360
npc m_033 2chest,18359
npc m_033 4hands,18358
npc m_033 3legs,18357
npc m_033 5feet,18356
npc m_032 1head,18355
npc m_032 2chest,18354
npc m_032 4hands,18353
npc m_032 3legs,18352
npc m_032 5feet,18351
npc m_031 1head,18350
npc m_031 2chest,18349
npc m_031 4hands,18348
npc m_031 3legs,18347
npc m_031 5feet,18346
npc c_490 1head,18345
세계관인던 유저 상의,18344
세계관인던 유저 장갑,18343
세계관인던 유저 하의,18342
세계관인던 유저 신발,18341
npc l_052 2chest,18339
npc l_202 3legs,18337
npc l_052 1head,18336
npc l_201 2chest,18334
npc l_201 3legs,18332
npc l_200 1head,18330
npc l_200 2chest,18329
npc l_200 4hands,18328
npc l_201_1 3legs,18327
npc l_200 5feet,18326
npc l_102 1head,18325
npc l_102 2chest,18324
npc l_102 3legs,18322
npc l_101 1head,18320
npc l_101 2chest,18319
npc l_101 4hands,18318
npc l_101 3legs,18317
npc l_101 5feet,18316
npc l_100 1head,18315
npc l_100 2chest,18314
npc l_100 4hands,18313
npc l_100 3legs,18312
npc l_100 5feet,18311
npc l_049 1head,18305
npc l_124 2chest,18304
npc l_049 4hands,18303
npc l_049 3legs,18302
npc l_049 5feet,18301
npc l_048 1head,18300
npc l_048 2chest,18299
npc l_048 4hands,18298
npc l_048 3legs,18297
npc l_048 5feet,18296
npc l_216 1head,18295
npc l_047 2chest,18294
npc l_047 4hands,18293
npc l_047 3legs,18292
npc l_047 5feet,18291
npc l_047 1head,18290
npc l_046 2chest,18289
npc l_046 4hands,18288
npc l_046 3legs,18287
npc l_046 5feet,18286
npc l_045 1head,18285
npc l_045 2chest,18284
npc l_045 4hands,18283
npc l_045 3legs,18282
npc l_045 5feet,18281
npc l_044 1head,18280
npc l_044 2chest,18279
npc l_044 4hands,18278
npc l_044 3legs,18277
npc l_044 5feet,18276
npc l_043 1head,18275
npc l_043 2chest,18274
npc l_043 4hands,18273
npc l_043 3legs,18272
npc l_043 5feet,18271
npc l_042 1head,18270
npc l_042 2chest,18269
npc l_042 4hands,18268
npc l_042 3legs,18267
npc l_042 5feet,18266
npc l_041 1head,18265
npc l_041 2chest,18264
npc l_041 4hands,18263
npc l_041 3legs,18262
npc l_041 5feet,18261
npc l_040 1head,18260
npc l_040 2chest,18259
npc l_040 4hands,18258
npc l_040 3legs,18257
npc l_040 5feet,18256
npc c_040 4hands,18255
npc l_039 2chest,18254
npc l_039 4hands,18253
npc l_039 3legs,18252
npc l_039 5feet,18251
npc l_038 1head,18250
npc l_038 2chest,18249
npc l_038 4hands,18248
npc l_038 3legs,18247
npc c_081 5feet,18246
npc l_037 1head,18245
npc l_037 2chest,18244
npc l_037 4hands,18243
npc l_037 3legs,18242
npc l_037 5feet,18241
npc l_034 1head,18240
npc l_034 2chest,18239
npc l_168 2chest,18238
npc l_034 3legs,18237
npc l_034 5feet,18236
npc l_033 1head,18235
npc l_033 2chest,18234
npc l_033 4hands,18233
npc l_052 3legs,18232
npc l_033 5feet,18231
npc l_031 1head,18230
npc l_031 2chest,18229
npc l_031 4hands,18228
npc c_030 3legs,18227
npc l_031 5feet,18226
npc c_102 1head,18225
npc c_102 2chest,18224
npc c_102 4hands,18223
npc c_102 3legs,18222
npc c_102 5feet,18221
npc c_101 1head,18220
npc c_101 2chest,18219
npc c_101 4hands,18218
npc c_216 3legs,18217
npc c_101 5feet,18216
npc c_100 1head,18215
npc c_100 2chest,18214
npc c_100 4hands,18213
npc c_100 3legs,18212
npc c_100 5feet,18211
npc c_048 1head,18210
npc c_048 2chest,18209
npc c_048 4hands,18208
npc c_048 5feet,18206
npc c_047 1head,18205
npc c_128 2chest,18204
npc c_047 4hands,18203
npc c_047 5feet,18201
sk_library001 (엘프 로그인스테이지),18200
npc c_127 2chest,18199
npc c_046 4hands,18198
npc c_046 5feet,18196
npc c_045 1head,18195
npc c_215 2chest,18194
npc c_045 4hands,18193
npc c_045 3legs,18192
npc c_045 5feet,18191
npc c_496 2chest,18190
npc c_043 2chest,18189
npc c_043 4hands,18188
npc c_043 3legs,18187
npc c_043 5feet,18186
npc cp_cloth080,18185
npc c_042 2chest,18184
npc c_042 4hands,18183
npc c_042 3legs,18182
npc c_042 5feet,18181
npc l_216 5feet,18180
npc c_041 2chest,18179
npc c_041 4hands,18178
npc c_041 3legs,18177
npc c_041 5feet,18176
Red Dragon Glider,18175
Ezi's Glider,18174
Feathered Dragon Glider,18173
Siege Stronghold: Nuimari,18172
npc m_026 1head,18171
Miscellaneous,18170
Two Crowns Liberation Front Document,18169
Festival Tree Decoration,18168
Snowball Basket,18167
Krotas's Report,18165
Lizard Blood,18164
Lollipop,18163
Starpop,18162
Candy Cane,18160
Winter Maiden Festival Tree,18159
ha_m_face100,18158
wa_m_tail01,18157
Yellow Solzreed Cloak,18156
Green Solzreed Cloak,18155
Blue Solzreed Cloak,18154
Red Solzreed Cloak,18153
Crying Baby Box,18152
Winter Maiden Boot,18151
Winter Maiden Boot,18150
도면: 소형 범선 (1단계 완성 테스트 용),18149
Snowman Statue,18148
Snowball,18147
Snowman Anima,18146
Winter Maiden Festival Fireworks,18145
Packed Snow,18144
npc 컷신 - 누이안남 선원2 5feet,18142
npc 컷신 - 누이안남 선원2 3legs,18141
npc 컷신 - 누이안남 선원2 2chest,18140
npc 컷신 - 누이안남 선원2 1head,18139
Winter Maiden Festival Phonograph,18138
npc 컷신 - 엘프남 선원1 5feet,18137
npc 컷신 - 엘프남 선원1 3legs,18136
npc 컷신 - 엘프남 선원1 2chest,18135
npc 컷신 - 엘프남 선원1 1head,18134
Ephemeral Blizzard,18133
Kangarr's Tail Hair,18132
npc 컷신 - 여선장_피묻은 5feet,18131
npc 컷신 - 여선장_피묻은 4hands,18130
npc 컷신 - 여선장_피묻은 3legs,18129
npc 컷신 - 여선장_피묻은 2chest,18128
npc 컷신 - 여선장_피묻은 1head,18127
ha_m_face003,18126
도면: 쾌속정 (1단계 완성 테스트 용),18124
"Other
Lv. 1",18123
"Other
Lv. 1",18122
"Other
Lv. 1",18121
"Other
Lv. 1",18120
"Other
Lv. 1",18119
"Other
Lv. 1",18118
"Other
Lv. 1",18117
"Other
Lv. 1",18116
"Other
Lv. 1",18115
"Other
Lv. 1",18114
"Other
Lv. 1",18113
"Other
Lv. 1",18112
"Other
Lv. 1",18111
el_f_face119,18110
el_f_face118,18109
el_f_face117,18108
el_f_face116,18107
el_f_face115,18106
el_f_face114,18105
el_f_face113,18104
el_f_face112,18103
el_f_face111,18102
el_f_face110,18101
el_f_face109,18100
도면: 누이아 녹색 지붕 저택(동영상용),18098
도면: 누이아 푸른 지붕 저택(동영상용),18097
도면: 누이아 붉은 지붕 저택(동영상용),18096
"Other
Lv. 1",18095
"Other
Lv. 1",18094
"Other
Lv. 1",18093
"Other
Lv. 1",18092
"Other
Lv. 1",18091
"Other
Lv. 1",18090
"Other
Lv. 1",18089
"Other
Lv. 1",18088
"Other
Lv. 1",18087
"Other
Lv. 1",18086
"Other
Lv. 1",18064
npc c_048 3legs,18062
npc c_047 3legs,18061
npc c_046 3legs,18060
Freedich Island Painting,18058
Scarlet Glowbloom,18057
Blue Fortune Cloak,18032
Yellow Fortune Cloak,18031
Green Fortune Cloak,18030
정화의 아키움(촬영용),18029
ha_m_hair003,18028
ha_m_hair02,18027
ha_f_face010,18026
ha_f_face009,18025
ha_f_face008,18024
ha_f_face007,18023
ha_f_face006,18022
ha_f_face005,18021
ha_f_face004,18020
ha_f_face003,18019
ha_f_face002,18018
el_f_face010,18017
el_f_face009,18016
el_f_face008,18015
el_f_face007,18014
el_f_face006,18013
el_f_face005,18012
el_f_face004,18011
nu_f_face010,18009
nu_f_face009,18008
nu_f_face008,18007
nu_f_face007,18006
nu_f_face006,18005
nu_f_face005,18004
npc l_102 5feet,18003
npc l_102 4hands,18002
npc c_노예임시 2chest,18001
Water Elemental Essence,18000
Bombot X2,17999
Bombot Controller,17998
Graduate's Yellow Cloak,17997
Graduate's Green Cloak,17996
el_f_face108,17994
el_f_face107,17993
el_f_face106,17992
el_f_face105,17991
el_f_face104,17990
el_f_face103,17989
el_f_face102,17988
el_f_face101,17987
el_f_face100,17986
NPC Weapon Packs - CBT4 - 타양의 환영 활 (한손검),17985
NPC Weapon Packs - CBT4 - 고바논 장군의 방패,17984
NPC Weapon Packs - CBT4 - 고바논 장군의 대장장이 철퇴,17983
nu_f_face107,17982
nu_f_face106,17981
nu_f_face105,17980
nu_f_face104,17979
nu_f_face103,17978
ha_f_face104,17977
ha_f_face103,17976
ha_f_face102,17975
ha_f_face101,17974
ha_f_face100,17973
NPC Weapon Packs - 중요 - 컷씬용 환영술사 지팡이,17972
NPC Weapon Packs - 중요 - 컷씬용 벨리온 지팡이,17971
npc shield_41_1,17970
npc spear_1h_26_6,17969
npc blade_1h_06_1,17968
npc mace_1h_36_8,17967
npc mace_1h_26_4,17966
Bucket,17963
npc spear_2h_01_1,17961
npc dagger_41_3,17960
npc blade_1h_26_8,17959
npc spear_2h_36_6,17958
NPC Weapon Packs - 도구형 무기 - 막대,17957
npc axe_2h_36_1,17956
Poetic Note,17955
npc dagger_26_6,17954
D몬스터 - 놀 한손도끼2,17953
D몬스터 - 놀 한손도끼1,17952
Water Energy Ring,17951
Fire Energy Ring,17950
Heart Energy Ring,17949
Wind Energy Ring,17948
Earth Energy Ring,17947
Harani Girl Pillow,17946
Scroll: Lucas's Rowboat,17944
Scroll: Sharani's Rowboat,17906
Shining Essence,17905
npc l_050 5feet,17904
npc l_050 4hands,17903
npc l_050 3legs,17902
npc l_125 2chest,17901
npc l_050 1head,17900
Prisoner Pants,17899
Prisoner Shirt,17898
Prisoner Hood,17897
Dahuta Sect Talisman,17891
Dahuta Sect Talisman,17890
Dahuta Sect Talisman,17889
Delphinad Life Necklace,17888
Delphinad Flame Necklace,17887
Delphinad Life Ring,17886
Delphinad Gale Ring,17885
npc 컷신 - l_101 5feet,17884
npc 컷신 - l_101 4hands,17883
npc 컷신 - l_101 3legs,17882
npc 컷신 - l_101 2chest,17881
npc 컷신 - l_101 1head,17880
npc 컷신 - l_100 5feet,17879
npc 컷신 - l_100 4hands,17878
npc 컷신 - l_100 3legs,17877
npc 컷신 - l_100 2chest,17876
npc 컷신 - l_100 1head,17875
npc 컷신 - c_101 5feet,17874
npc 컷신 - c_101 4hands,17873
npc 컷신 - c_101 3legs,17872
npc 컷신 - c_101 2chest,17871
npc 컷신 - c_101 1head,17870
npc 컷신 - c_100 5feet,17869
npc 컷신 - c_100 4hands,17868
npc 컷신 - c_100 3legs,17867
npc 컷신 - c_100 2chest,17866
npc 컷신 - c_100 1head,17865
Young Sapling,17864
Scroll: Solzreed Rowboat,17863
Crystal Bauble,17862
Clipper Design,17861
Firran Girl Standup Portrait,17860
Firran Boy Standup Portrait,17859
Harani Girl Standup Portrait,17858
Harani Boy Standup Portrait,17857
Nuian Girl Standup Portrait,17856
Nuian Boy Standup Portrait,17855
Elf Boy Standup Portrait,17854
Elf Girl Standup Portrait,17853
Harani Girl Portrait,17852
Freedich Island Painting,17851
Treant Statue,17850
Painted Treant Statue,17849
Gilt Treant Statue,17848
Yaksa Statue,17847
Painted Yaksa Statue,17846
Gilt Yaksa Statue,17845
Gargoyle Statue,17844
Painted Gargoyle Statue,17843
Gilt Gargoyle Statue,17842
Moving Succubus Statue,17841
Succubus Statue,17840
Painted Succubus Statue,17839
Gilt Succubus Statue,17838
Colossus Statue,17837
Painted Colossus Statue,17836
Gilt Colossus Statue,17835
Basilaur Statue,17834
Painted Basilaur Statue,17833
Halcyona Pirates' Grog,17832
Swallowed Clockwork,17831
Gilt Basilaur Statue,17829
Complete Freedich Island Map,17828
Freedich Island Map: Bottom,17827
Freedich Island Map: Middle,17826
Freedich Island Map: Top,17825
Mina's Letter,17824
Public Pack,17823
Nimble Ostrich Energy,17822
Oxion Clan Guardian's Cloak,17821
Packaged Bobblehead Statue,17820
Mina's Pickaxe,17818
Floodplains Crayfish,17817
Fine Mesh Net,17816
Shou Yi's Axe,17815
Axe of Ezi,17814
Trifling Miscellany,17811
(테스트)등짐-목재,17810
Perfumed Handkerchief,17809
Bent Needle,17808
Empty Envelope,17807
Torn Parchment,17806
Elemental Air Essence,17805
Auroria Stone,17804
Sturdy Mast Lumber,17803
Express Delivery Fabric Pack,17802
Ashuran's Special,17801
Green Knight's Book,17800
Green Knights Pamphlet,17799
Delphinad Wave Necklace,17798
Delphinad Wave Ring,17797
Lord Colin's Secret Ledger,17777
Archeum Ingot,17776
Gold Ingot,17775
Silver Ingot,17774
Transformation Scroll,17773
"Other
Lv. 1",17772
나룻배 소환 주문서(난간 테스트 용),17771
npc c_037 4hands,17770
npc l_052 5feet,17769
npc c_037 2chest,17768
npc c_037 1head,17767
npc c_037 3legs,17766
npc l_032 4hands,17765
npc l_032 5feet,17764
npc l_032 2chest,17763
npc l_032 1head,17762
npc l_032 3legs,17761
npc l_035 4hands,17760
npc l_035 5feet,17759
npc l_035 2chest,17758
npc l_035 1head,17757
npc l_035 3legs,17756
npc c_496 1head,17755
npc l_036 5feet,17754
npc l_036 2chest,17753
npc l_036 1head,17752
npc l_036 3legs,17751
npc 영상_마법사1 4hands,17750
npc 영상_마법사1 5feet,17749
npc 영상_마법사1 2chest,17748
npc 영상_마법사1 1head,17747
npc 영상_마법사1 3legs,17746
npc c_081 3legs,17745
npc c_081 2chest,17744
npc c_035 2chest,17743
npc c_035 1head,17742
npc c_035 3legs,17741
npc m_029 4hands,17740
npc m_029 5feet,17739
npc m_029 2chest,17738
npc m_029 1head,17737
npc m_029 3legs,17736
npc 영상_전사3 4hands,17735
npc 영상_전사3 5feet,17734
npc 영상_전사3 2chest,17733
npc 영상_전사3 1head,17732
npc 영상_전사3 3legs,17731
npc 영상_전사2 4hands,17730
npc 영상_전사2 5feet,17729
npc 영상_전사2 2chest,17728
npc 영상_전사2 1head,17727
npc 영상_전사2 3legs,17726
npc 영상_전사1 4hands,17725
npc 영상_전사1 5feet,17724
npc 영상_전사1 2chest,17723
npc 영상_전사1 1head,17722
npc 영상_전사1 3legs,17721
npc 영상_대장 4hands,17720
npc 영상_대장 5feet,17719
npc 영상_대장 2chest,17718
npc 영상_대장 1head,17717
npc 영상_대장 3legs,17716
Pure Archeum Ore,17715
"Other
Lv. 1",17714
"Other
Lv. 1",17713
River Flower,17712
Shining Vein Seed,17711
Peculiar Scroll,17709
Harpoon Clipper Design,17707
Growling Yawl Design,17705
Paint,17704
Lifegiving Bird Cage,17703
Chilling Bird Cage,17702
White Arden Ghost's Anima,17701
Trapped Soul's Branch,17700
Obolus's Birdcage,17699
Fish Bladder,17698
Poison Detector,17697
Soul's Embrace Flower,17696
Talking Chicken,17695
Echo Owl,17693
Portable Phonograph,17692
Hereafter Rabbit Leather Reward,17689
Obolus's Reward,17688
Crossroads Quest Reward,17687
Fabric Pack,17686
Iron Pack,17685
Stone Pack,17684
Lumber Pack,17683
Norrick's Burning Sword,17681
Black Hereafter Rabbit Fur,17680
Purple Juice,17679
White Ewer,17678
Potable Water,17677
Violet Fruit,17676
Ewer of Juice,17675
Freedich Island Treasure Chest Key,17673
Tangy Liquor,17671
Bubble Tea Liquor,17670
Honey Liquor,17669
Fruit Liquor,17668
Sweet Bread,17667
Vegetable Bread,17666
Whole Grain Bread,17665
Hardtack,17664
Crest Ink,17663
Crest Stamp,17662
Bloody Crown,17660
Shovel,17659
Burdened Man,17658
Gentle Song of Hope,17657
Cloak of Shining Promise,17656
Watcher's Cloak,17655
Shadow Cloak,17654
Chaser's Cloak,17653
npc l_020 5feet,17649
Bloody Crown,17648
Megra's Token,17647
Donny's Letter,17646
D몬스터 - mace_1h_46_5,17645
Gray Donkey,17644
Shubert's Elixir,17643
npc 컷신 - 여선장_피묻은 6back,17642
Freezing Diamond,17641
Freezing Mirror,17640
Freezing Silver Necklace,17639
Mirror of Truth,17638
Boar Bait,17635
Bird Feed,17634
The Sword of Souls,17633
Noble's Accessory,17632
NPC Weapon Packs - 몬스터 - 한손검sword_1h_36_10,17631
Spacious Storage Chest,17630
Treasure Detector,17628
Spirit Shard,17627
Scroll: Clipper,17626
D몬스터 - 야차 현악기,17625
D몬스터 - 야차 양손창,17624
D몬스터 - 야차 한손도,17623
D몬스터 - 야차 양손지팡이,17622
Fish Bladder,17621
Broken Wooden Doll,17620
Hatching Egg,17619
npc m_020 4hands,17615
npc c_105 1head,17614
npc c_099 5feet,17613
npc l_020 1head,17612
Machinery,17610
Broken Defender's Component,17608
nu_f_hair05,17607
"Other
Lv. 1",17606
"Other
Lv. 1",17605
"Other
Lv. 1",17604
npc c_099 4hands,17603
npc c_099 3legs,17602
npc c_021 3legs,17601
npc c_021 2chest,17600
npc c_021 1head,17599
Captain's Chest,17598
Lacier's Note,17597
Ermis's Note,17596
Detection Orb,17594
Detection Orb,17593
Bloody Greenman Blowpipe,17592
Captain's Souvenir,17591
npc c_020 5feet,17590
npc c_099 2chest,17589
npc c_055_1 3legs,17588
npc c_020 2chest,17587
npc c_020 1head,17586
Humphrey's Letter,17585
Dahuta Cult Dagger,17584
Letter to Masden,17583
Achassi Stun Grenade,17544
ha_f_hair03,17543
Air Raid,17473
Militiaman's Necklace,17472
Red Poppy,17471
Competition Blade,17470
Competition Blade,17441
Ingbori's Soulstone,17440
Bloody Dagger,17434
Jesebel's Perfume Bottle,17430
Perfumed Handkerchief,17428
Requiem's Sanctuary,17419
Bitter Stone,17413
Suspicious Fertilizer,17409
Farm Worker's Clothes,17380
Bread for Sutina,17379
Kimrei's Potion,17378
Blue Skeleton Pirate's Hood,17377
Trainer's Cape,17376
Ynys Isle Pottery,17375
White Bearskin Rug,17374
Black Lace Veil,17373
Hermit's Talisman,17372
Torallin's Pipe,17371
Remembrance Flower,17370
Cursed Wooden Doll,17369
Silver Spidersilk,17368
Esean's Gift,17359
Blue Trial Fireworks,17354
Islay's Cape,17353
Red Trial Fireworks,17351
Clear Sanguine Ruby,17349
Red Chemical,17346
Pale Ruby Fragment,17341
Green Trial Fireworks,17337
Red Dye,17327
White Rose,17314
Sturdy Log,17273
Elizabeth's Silver Candlestick,17271
Enhanced Larva,17270
Eira's Introduction,17269
Delicious Shark Meat,17268
Sigurd's Introduction,17267
Stuffed Pale Razorbeak,17266
Crown Prince's Necklace,17265
Fresh Boar Meat,17264
Fresh Venison,17263
Prepared Firewood,17262
Mushroom Spore,17261
Protection Stone,17259
Blessed Powder,17258
Requiem Powder,17257
Wave Pearl,17256
Cursed Earth,17255
Farm Guard Code,17254
ha_f_hair02,17251
Dahuta Statue,17249
Sharp Needle,17247
Fugitive's Necklace,17246
Davincy's Code,17244
Mineral Fragment,17163
Old Fireworks,17162
Smooth Flint,17101
Sawshark Mugwort,17028
Teo's Entire Fortune,16753
Unseen Soul Horn,16752
Fire Orb,16750
Sealing Orb,16749
Carola's Music,16578
Wereshark Fin,16538
- NPC Cloth Packs - 시스템 : 몬스터 모델 방어형 타입 Cloth (5feet),16509
- NPC Cloth Packs - 시스템 : 몬스터 모델 방어형 타입 Cloth (3legs),16508
- NPC Cloth Packs - 시스템 : 몬스터 모델 방어형 타입 Cloth (4hands),16507
- NPC Cloth Packs - 시스템 : 몬스터 모델 방어형 타입 Cloth (1head),16506
- NPC Cloth Packs - 시스템 : 몬스터 모델 방어형 타입 Leather (5feet),16505
- NPC Cloth Packs - 시스템 : 몬스터 모델 방어형 타입 Leather (3legs),16504
- NPC Cloth Packs - 시스템 : 몬스터 모델 방어형 타입 Leather (4hands),16503
- NPC Cloth Packs - 시스템 : 몬스터 모델 방어형 타입 Leather (1head),16502
- NPC Cloth Packs - 시스템 : 몬스터 모델 방어형 타입 Metal (5feet),16501
- NPC Cloth Packs - 시스템 : 몬스터 모델 방어형 타입 Metal (3legs),16500
- NPC Cloth Packs - 시스템 : 몬스터 모델 방어형 타입 Metal (4hands),16499
- NPC Cloth Packs - 시스템 : 몬스터 모델 방어형 타입 Metal (1head),16498
Eznan Iron Ore,16497
Rare Eznan Gold Ore,16496
Quality Eznan Iron Ore,16495
Anno's Cage Key,16494
Purifying Archeum,16493
Woven Flamingo Feathers,16492
Earth Spirit,16491
Broken Pickaxe,16490
Earth Spirit,16489
Full Kit: Stone Spring Villa,16487
- NPC Cloth Packs - 시스템 : 몬스터 모델 방어형 타입 Leather (2chest),16486
- NPC Cloth Packs - 시스템 : 몬스터 모델 방어형 타입 Metal (2chest),16485
- NPC Cloth Packs - 시스템 : 몬스터 모델 방어형 타입 Cloth (2chest),16484
Full Kit: Rustic Slate Villa,16482
Full Kit: Stone Slate Villa,16480
Full Kit: Tudor Slate Villa,16479
Full Kit: Stone Rose Townhouse,16478
Full Kit: Tudor Rose Townhouse,16477
Full Kit: Rustic Rose Townhouse,16476
Full Kit: Tudor Spring Townhouse,16475
Full Kit: Rustic Spring Townhouse,16474
Full Kit: Stone Spring Townhouse,16473
Aison's Potion,16430
Grifter's Gauntlets,16428
Red Fruit,16427
Blue Fruit,16426
Anima Injector,16425
Metal Cylinder,16424
"The Scarlet Letter of Ezna, Vol. 3",16423
Mine Explosive,16421
Poisonous Mushroom,16420
Tuna Club,16419
Blue Graduate's Cloak,16416
The Overseer's Meal,16414
Serf's Remains,16413
Large Water Pail,16411
Doble Corona d'Oliviano,16410
Binding Arrows,16409
Damaged Pendant,16407
Dahuta Statue,16406
Sarracenia Venom Gland,16405
Mercenary Captain's Report,16404
Illegible Scroll,16403
Treeleaf Nymph Wing,16402
The Hero's History,16401
Slave Tear Weed,16399
Hento's Ashes,16398
Moore's Wedding Ring,16395
Rubia Essence,16393
Old Glider,16392
Rock Elemental Debris,16388
Trimmed Fernbrake,16386
Talik's Old Glider,16385
Concentrated Metal Flux,16384
Concentrated Fabric Finish,16383
Concentrated Leather Polish,16382
Concentrated Wood Finish,16381
Concentrated Stone Polish,16380
Purified Metal Flux,16379
Purified Fabric Finish,16378
Purified Leather Polish,16377
Purified Wood Finish,16376
Purified Stone Polish,16375
Diluted Metal Flux,16374
Diluted Fabric Finish,16373
Diluted Leather Polish,16372
Diluted Wood Finish,16371
Diluted Stone Polish,16370
Crimson Fortune Cloak,16359
Starlight Archeum Essence,16358
Moonlight Archeum Essence,16357
Sunlight Archeum Essence,16356
Starlight Archeum Crystal,16355
Moonlight Archeum Crystal,16354
Sunlight Archeum Crystal,16353
Starlight Archeum Shard,16352
Moonlight Archeum Shard,16351
Sunlight Archeum Shard,16350
Starlight Archeum Dust,16349
Moonlight Archeum Dust,16348
Sunlight Archeum Dust,16347
Cloudspun Fabric,16346
Beautifully Colored Fabric,16344
Rags,16343
Grand Cacao,16342
Cacao,16341
Cacao Sapling,16340
Avocado Sapling,16339
Banana Sapling,16338
Sequoia Sapling,16337
Cypress Sapling,16336
Larch Sapling,16335
Maple Sapling,16334
Yucca Sapling,16333
Ginkgo Sapling,16332
Breeze Wing,16331
Wind Spirit Leather,16330
Fine Leather,16328
Leather,16327
Nuri Forest Lumber,16326
Sunridge Ingot,16325
Fine Lumber,16324
Rising Star Stone,16323
Sturdy Stone,16321
dummy,16310
Eve's Hound,16308
Purifying Incense,16305
Purifying Incense,16304
Warrior's Proof,16303
Bejant Token,16302
tool_책,16300
test_chest_red001,16297
Icefang Orc's Key,16296
Castellan's Cabinet,16295
Cultivated Ginseng Seed,16294
Hypnotic Staff,16293
Tamillin's Letter,16292
Rusty Spearhead,16291
Aloe,16290
Suspicious Scroll,16289
Bloodhand Glove,16288
Bloodhand Glove,16287
Illegible Scroll,16286
Wild Ginseng Seed,16285
Clubhead Fungus,16284
Clubhead Spore,16283
Thistle Seed,16282
Engraved Lodestone,16280
Aloe Seed,16279
Sugarcane,16278
Chili Pepper Seed,16277
Chili Pepper,16276
Saffron,16273
Saffron Seed,16272
Black Pepper Seed,16271
Vanilla Seed,16270
Turmeric Seed,16269
Turmeric,16268
Nui's Tiara,16267
Jinn's Tongue Seed,16264
Last Will,16263
Scroll: Ironclad,16262
Scroll: Fire Ironclad,16261
Secret Crescent Throne Orders,16260
General Govannon's Letter,16259
Deadly Mantis Energy,16258
Glider Repair Part,16257
Rescue Glider,16256
Charlie's Letter,16255
Mercantile Cargo,16254
Alicia's Care Package,16253
Letter from Two Crowns,16252
Edosa's Glider,16251
Graduate's Red Cloak,16249
Sturdy Log,16247
fe_f_hair006,16245
Soft Carrot,16244
Honeyed Water,16243
Traveler's Old Tent,16241
Cucumber and Venison Salad,16239
Adventurer's Cauldron,16238
Scroll: Shohota's Rowboat,16236
Silver Curio Part,16235
Cobweb,16234
Firefly,16233
Honey,16232
Honeyed Yams and Pumpkin,16231
Chick,16230
Piglet,16229
Gweonid Tri-Color Vegetable Stirfy,16228
Honey Strawberry Potato Salad,16227
Lamb,16226
Dairy Calf,16225
Venison Roast,16224
Strawberry Jam,16223
Tiger Oil,16222
Goat Meat,16221
Livestock Supplement,16220
Spacious Storage Chest Design,16219
tool_양동이,16218
Meteorite,16217
Solid Log,16216
Empty Bottle,16215
Barnaby's Rabbit Statue,16213
Luxurious Bobblehead Statue,16212
Question Mark Bobblehead Statue,16211
Maid Bobblehead Statue,16210
Prisoner Bobblehead Statue,16209
Golden Bobblehead Statue,16208
Brown Bobblehead Statue,16207
Pink Bobblehead Statue,16206
Jade Bobblehead Statue,16205
Violet Bobblehead Statue,16204
Red Bobblehead Statue,16203
Green Bobblehead Statue,16202
Black Bobblehead Statue,16201
Silver Bobblehead Statue,16200
Orange Bobblehead Statue,16199
Tangerine Bobblehead Statue,16198
Blue Bobblehead Statue,16197
Astra Time Bomb,16196
Andelph Apple,16195
Boiled Pumpkin,16194
Boiled Tomato,16193
Boiled Cucumber,16192
Boiled Onion,16191
Boiled Garlic,16190
Boiled Carrot,16189
Boiled Yam,16188
Boiled Potato,16187
Boiled Fernbrake,16186
Lost Necklace,16183
Demian's Mistake,16182
Keshaar's Present,16181
Love Ring,16180
Elephant Ivory,16179
Gold Diggers' Work Song,16178
Garbash's Feed,16177
Narayana Merchant's Lost Pack,16176
Alkaran's Relic,16175
Alkaran's Stamp,16174
Alkaran's Stamp,16173
Alkaran's Broken Stamp,16172
Tiger Oil,16171
Oily Tiger Flank,16170
Insignia Stamp,16169
Greenman Compost,16164
Valentinos's Key,16159
Cursed Deepwater Seashell,16157
Useless Crystal,16156
Stolen Seafolk Tear,16155
Torus's Letter,16154
Comb,16153
Glass Orb,16152
Gold Ring,16151
Old Necklace,16150
33-Year Valencia,16149
Messy Sack,16148
Heedmar Left Tower Design,16147
Frost Giant Talisman,16146
npc l_053 2chest,16145
npc sk_ninja001_h,16144
npc sk_ninja001,16143
npc sk_swimsuit013_h,16142
npc sk_swimsuit012_h,16141
npc_sk_gene001,16140
npc c_300 2chest,16139
npc c_207 2chest,16138
npc c_206 2chest,16137
npc c_205 2chest,16136
Goblin Prison Key,16135
Precious Chain Necklace,16134
Edward's Sheet Music,16133
Halcyona Turtle Egg,16132
npc m_028 5feet,16130
npc m_030 3legs,16129
npc m_028 4hands,16128
npc m_028 2chest,16127
npc m_028 1head,16126
npc c_027_1 1head,16125
npc c_038 2chest,16124
npc l_052 4hands,16123
npc c_038 3legs,16122
npc c_081 1head,16121
npc m_026 5feet,16120
npc c_204 3legs,16119
npc m_026 4hands,16118
npc m_038 4hands,16117
npc m_038 2chest,16116
npc m_025 5feet,16115
npc m_025 3legs,16114
npc m_025 4hands,16113
npc m_025 2chest,16112
npc m_025 1head,16111
npc m_024 5feet,16110
npc m_024 3legs,16109
npc m_024 4hands,16108
npc m_024 2chest,16107
npc m_024 1head,16106
Healing Flower,16105
npc m_022 5feet,16104
npc m_022 3legs,16103
npc m_022 4hands,16102
npc m_022 2chest,16101
npc m_022 1head,16100
npc m_023 1head,16099
npc l_051_1 2chest,16098
npc l_212 5feet,16097
npc c_205 3legs,16096
npc c_096 1head,16095
npc l_030 5feet,16094
npc l_030 3legs,16093
npc l_030 4hands,16092
npc l_030 2chest,16091
npc l_030 1head,16090
npc_sk_russia001_h1,16089
npc_sk_musa001_v0104,16088
npc_sk_saint001_h,16087
npc astra_002 2chest,16086
npc astra_002 1head,16085
npc c_124 2chest,16084
npc c_040 3legs,16083
npc c_040 2chest,16082
npc c_040 4hands,16081
npc c_040 5feet,16080
npc l_028 1head,16079
npc l_028 3legs,16078
npc l_028 2chest,16077
npc l_028 4hands,16076
npc l_028 5feet,16075
npc 드워프 임시 002 1head,16074
npc 드워프 임시 002 3legs,16073
npc 드워프 임시 002 2chest,16072
npc 드워프 임시 002 4hands,16071
npc m_030 2chest,16067
sk_lucius001,16066
npc l_027 1head,16064
npc l_027 3legs,16063
npc l_027 2chest,16062
npc l_027 4hands,16061
npc l_027 5feet,16060
npc l_026 5feet,16059
npc l_026 2chest,16058
npc l_026 1head,16057
npc c_023 3legs,16056
npc c_023 1head,16055
Wereshark Tail,16054
Ocean's Favor,16053
Royal Tomb Key,16052
Strong Brick,16051
Hard Rock,16050
Aidel's Unfinished Dress,16048
Begonia,16047
Revealing Gaze,16046
Guardian's Needle,16045
Juliana's Palm Wine,16043
Poor Silver Palm,16042
Mediocre Silver Palm Date,16041
Sanddeep Coconut,16040
Scroll: Wheeled Mortar,16039
ha_m_face002,16038
Volatile Alcohol,16037
Memoria Lake Lumber,16035
Hotter Than Flame Liquor,16034
Roseran's Mechanism,16033
Vaieva's Wing,16032
Bolt's Leg Part,16031
Freedom Wing,16030
Sideros's Memory Crystal,16029
Nuian Gatehouse Design,16028
Stone Rose Mansion Design,16027
Stone Slate Mansion Design,16026
Stone Spring Mansion Design,16025
Wooden Rampart Stairs Design,16024
테스트 궤짝,16023
Snack Bread,16014
Snack Potato,16013
Eon Liquor,16012
Millenium Liquor,16011
Crimsonbreath Liquor,16010
Air Liquor,16009
Thousand Snakes Liquor,16008
Cloud Liquor,16007
Freedom's Wings Drink,16006
Clear Liquor,16005
Starsands Coral,16002
Aidel's Old Chest,16001
Organic Fertilizer,16000
Full Kit: Rustic Slate Townhouse,15999
Full Kit: Stone Slate Townhouse,15998
Full Kit: Tudor Slate Townhouse,15997
Old Flag,15996
Training Ram,15995
Training Catapult,15994
Training Ballista,15993
Training Cannon,15992
Poisoned Wild Game Meat,15991
tool_망원경,15988
Firesnarl Talisman,15987
Blue Fox Meat,15986
Stolen Mail,15984
Regrade Brazier,15983
Animal Cage Key,15982
Seafolk Tear,15981
Sallium Army Headband,15980
Illion Army Headband,15979
Fragmented Memory,15978
Hard Sand,15977
Black Wing,15975
Wood Double-Rail Fence,15974
Short Wood Double-Rail Fence,15973
Short Wooden Fence,15972
Riding Crop,15970
Beautiful Memorial Sheet Music,15966
Kicking Boots,15965
Bard's Lute,15964
Blue Crystal,15962
Maria's Pendant,15961
Nymph Pipe,15960
Nymph Crystal,15959
Nymph Blessing,15958
Nymph Pipe,15957
Nymph Pipe,15956
Suzanne's Shovel,15955
Suzanne's Pouch,15954
Abyssal Stone,15953
Murran's Firebomb,15952
Firesnarl Bomb,15951
Pursecutter,15950
Commander Melchius's Key,15949
Kraken Sacrifice Offering,15947
Memorial Flower,15922
Archerfish Eye,15921
Embrosia Seed,15920
Duskdown Mushroom,15919
Rafflesia Skull,15918
Felled Log,15914
Glider Barrage,15911
Purified Fruit,15910
Skysun Fish,15908
Lemondrop Fish,15907
Aquarium,15905
Bleeding Lily,15904
Tropical Fish Food,15902
Rubyshine Fish,15901
QA_TEST(nimi's test),15900
Domreo's Fireworks,15899
Rottensun's Knife,15898
Stolen Research Equipment,15897
Jade Archeum Ring,15896
Ruby Archeum Ring,15895
Sapphire Archeum Ring,15894
Wooden Barrel,15893
Icebreaker Hammer,15891
Wellwater Barrel,15890
Flamerager Dish,15889
Tainted Fruit,15888
Harpy Feather,15887
Witchcraft Evidence,15886
Corrupted Lifestone,15885
Dark Medicine,15884
Warlock's Green Elixir,15883
Warlock's Blue Elixir,15882
Warlock's Red Elixir,15881
Ynga's Letter,15879
Glider Bomb,15878
Glider Smokescreen,15877
Rocket Boots,15875
Flat Rock,15874
Flare,15869
Oil Bottle,15868
Kartur's Ring Fragment,15866
Guardian's Orb,15865
Heart Firework,15864
Dragon Firework,15863
Meteor Fragment,15861
Halcyona Kelp,15860
Chorvas's Net,15859
Bone Key,15858
Gargoyle Tooth,15856
Golden Tiger Leather,15855
Lizard Heart,15854
Viper's Bane Leaves,15853
Rommell's Wood Bed,15851
Sharp Bone Chip,15850
NPC Weapon Packs - 몬스터 - 해적 양손둔기,15847
NPC Weapon Packs - 몬스터 - 해적 단검,15846
NPC Weapon Packs - 몬스터 - 해적선장 한손도,15845
NPC Weapon Packs - 몬스터 - 해적 한손도,15844
NPC Weapon Packs - 몬스터 - 해적 한손검,15843
Guardian's Needle,15842
Shatigon's Travel Journal,15841
Blessed Petal,15840
Magnet Controller,15839
Fake Lion Manure,15838
Tiny Organ,15835
Stolen Jewelry,15834
Rombell's Bed,15833
Kobold Bomb Recipe,15832
Glowing Ore,15831
Field Tent,15830
Astra Parachute,15829
Archeum Incubator,15828
Barbequed Mountain Goat,15827
Cream of Cockatrice Soup,15826
Flamerager Fig,15825
Oar,15824
Forest Blessing,15822
fe_m_hair001,15821
Earth Energy,15820
Scroll: Rowboat,15817
Scroll: Harpoon Clipper,15816
Daiginjoshu,15815
Boiled Decade Root Broth,15814
Wisp Flare,15813
Night Wisp Cage,15812
Human Rib,15811
Human Rib,15810
Halcyona Pirate Uniform,15809
Isus's Stolen Toolkit,15808
Bone Chip,15807
Hensha's Daiginjoshu,15806
Rice Sack,15805
Century Root Tendril,15804
Decade Root,15803
Fine Liquor,15802
Bomb Shot,15801
Royal Steak,15800
Special Rice Liquor,15799
Nostalgic Ale,15798
Nuian Wall Design,15797
Nuian Tower Design,15796
Nuian Defense Tower Design,15795
Torch,15794
Useful Pruned Log,15792
tool_활,15791
Felled Log,15790
tool_일본도,15789
Purification Talisman,15788
Talisman of Protection,15787
Fortune Charm,15786
Love Talisman,15785
Strange Talisman,15784
Charred Note,15783
Lucky Talisman,15782
Throwing Torch,15781
Repair Tools,15780
Succubus Pouch,15779
Headless Swordsman Pouch,15778
Great Breath,15777
Salmatra Stamen,15776
Nathan's Mushroom,15775
Blood Red Poppy Root,15774
Eucalyptus Flower,15773
Maple Branch,15772
Yucca Leaf,15771
Moringa Fruit,15770
Cork Piece,15769
Yew Leaf,15768
Ginkgo Leaf,15767
Ebony Branch,15766
Bamboo Shoot,15765
Camphor Branch,15764
Fat Larva,15763
Dried Pinecone,15762
Tempering Burnish,15761
Maple Hardwood,15760
Yucca Hardwood,15759
Thuja Hardwood,15758
Grand Apple,15757
Cypress Hardwood,15756
Grand Moringa,15755
Grand Cottonwood Fruit,15754
Grand Grape,15753
Cork Hardwood,15752
Grand Ginkgo Leaf,15751
Aspen Hardwood,15750
Grand Bay Leaf,15749
Grand Olive,15748
Orange Tree Hardwood,15747
Grand Coconut,15746
Avocado Tree Hardwood,15745
Grand Pomegranate,15744
Grand Apricot,15743
Grand Cherry,15742
Willow Hardwood,15741
Juniper Hardwood,15740
Grand Chestnut,15739
Baobab Hardwood,15738
Grand Banana,15737
Ash Hardwood,15736
Grand Fig,15735
Grand Lemon,15734
Ebony Hardwood,15733
Grand Jujube,15732
Larch Hardwood,15731
Natural Rubber,15730
Thorn Palm Hardwood,15729
Sequoia Hardwood,15728
Broken Bottle,15727
tool_깨진병,15726
tool_빈병,15725
Eye of Rotos,15724
Firebomb,15720
tool_화염병,15719
tool_화염병,15718
Pursecutter,15717
Explosive Keg,15716
Gunpowder,15715
Bast Reed,15713
Worn Teddy Bear,15712
Golden Egg,15711
Feed,15710
Thunderstruck Tree,15709
Holy Water,15708
Holy Water,15707
Carren's Bottle,15706
Carren's Bottle,15705
Carren's Bottle,15704
Worn Sheet Music,15703
Cleaning Rod,15702
Traveler's Old Cauldron,15701
Portable Barbecue Kit,15700
Hay Bale,15699
Smackerel,15698
Watering Can,15697
Water,15694
Bucket,15693
이펙트 테스트용,15689
Eznan Dinghy Design,15687
Damaged Map,15686
Kyrios Statue,15685
Kisara's Heart,15684
Mora's Engagement Ring,15683
Mint Seed,15682
Poppy Seed,15680
Iris Seed,15678
Rose Seed,15677
Clover Seed,15676
Azalea Seed,15675
Lotus Seed,15674
Narcissus Seed,15673
Cactus Seed,15672
Sunflower Seed,15671
Lily Seed,15670
Cornflower Seed,15669
Rosemary Seed,15668
Lavender Seed,15667
Pumpkin Seed,15666
Tomato Seed,15665
Cucumber Seed,15664
Onion Seed,15663
Garlic Seed,15662
Carrot Seed,15661
Yam Seed,15660
Potato Eyes,15659
Strawberry Seed,15657
Peanut Seed,15656
Rye Seed,15655
Bean Seed,15654
Corn Seed,15653
Barley Seed,15652
Wheat Seed,15651
Quinoa Seed,15650
Millet Seed,15648
Oat Seed,15647
Rice Seed,15646
Engagement Ring,15645
Harpy Queen's Chest,15644
Perfect Ring,15643
Broken Phonograph,15640
Refreshing Water,15639
Whirligear Machine,15638
Fortuneteller's Crystal Ball,15637
Clockwork Cat Chest,15636
Anya Ingot,15632
Regal Handicraft Desk,15629
Regal Carpentry Workbench,15628
Regal Cloth Armor Form,15627
Regal Leather Armor Form,15626
Regal Plate Armor Form,15625
Regal Anvil,15624
Glowing Prism,15621
Starfire Catalyst,15620
Sunrise Catalyst,15618
Ember Catalyst,15617
Archeologist Duron's Wine,15615
Sealed Book,15614
Turbulent Amethyst Orb,15613
nu_f_hair04,15612
Last Supplies,15611
Soul Seed,15610
Throwing Dagger,15609
Poacher's Trap,15606
Full Kit: Stone Rose Manor,15603
Full Kit: Tudor Rose Manor,15602
Full Kit: Rustic Rose Manor,15601
Full Kit: Tudor Spring Manor,15600
Full Kit: Rustic Spring Manor,15599
Full Kit: Stone Spring Manor,15598
Nuian Defense Tower Design,15597
Scarecrow Garden Design,15596
Blue Fireworks,15595
Red Fireworks,15594
Quasar's Repayment Receipt,15592
Green Fireworks,15591
Anima Chest,15590
Firewood,15589
Sun's Glory,15584
Midsummer Meteor,15583
Afternoon Sun,15582
Hushed Star,15581
Veiled Flame,15580
Full Kit: Rustic Slate Manor,15579
Goddess Breath,15578
fe_f_hair011,15577
npc c_490 3legs,15576
- NPC Cloth Packs - 기본 001_va01 2chest,15575
Old Scroll,15573
Cut Venison,15568
Bent Wire,15567
Scarecrow Farm Design,15566
General Hassine's Soul Stone,15565
Austeran Sailboat Design,15564
Lutesong Junk Design,15563
Coalmane Snowlion,15561
Snowmane Snowlion,15560
Mountain Breeze,15559
Magical Fruit,15558
Enchanted Branch,15557
Merchant Spires Key,15555
Pebble,15554
Old Pendant,15553
Archeum Waste,15552
- NPC Cloth Packs - 로그인 스테이지 5feet,15551
- NPC Cloth Packs - 로그인 스테이지 3legs,15550
- NPC Cloth Packs - 로그인 스테이지 4hands,15549
- NPC Cloth Packs - 로그인 스테이지 2chest,15548
- NPC Cloth Packs - 로그인 스테이지 1head,15547
Taka's Token,15546
Turtle Liver,15544
npc 아동 003 5feet,15542
npc 아동 003 2chest,15541
npc 아동 002 5feet,15540
npc 아동 002 2chest,15539
girl01_ar_cloth003,15538
Full Kit: Stone Slate Manor,15536
Wintermute's Glass Slipper,15535
Full Kit: Tudor Slate Manor,15534
Worn Yata Hoof,15533
Worn Mountain Goat Hoof,15532
Buffalo Hoof,15531
Deer Hoof,15530
Worn Zebra Hoof,15529
Bloody Rhino Hoof,15528
Worn Mammoth Hoof,15527
Severed Memory,15526
Rotting Wood,15525
Cracked Ant Egg,15524
Broken Mammoth Molar,15523
Rotten Whale Molar,15522
Cut Whale Fin,15521
Eel Fin,15520
Bloody Lobster Shell,15519
Bloody Archerfish Scale,15518
Worn Horse Hoof,15517
Broken Rhinoceros Horn,15516
Dirty Short Horsehair,15515
Bee Stinger,15514
Delicate Insect Wing,15513
Chimera Wing,15512
Dirty Banshee Wing,15511
Foul Black Perfume,15510
Foul Red Perfume,15509
Death Essence,15508
Broken Centipede Leg,15507
Broken Mantis Leg,15506
Useless Ant Leg,15505
Broken Kraken Bone,15504
Broken Hyena Jawbone,15503
Broken Shark Jawbone,15502
Imitation Antique,15501
Kraken Tentacle,15500
Clingy Hydra Tentacle,15499
Slimy Skyfin Beak,15498
Cockatrice Beak,15497
Broken Ostrich Beak,15496
Dirty Crow Beak,15495
Broken Parrot Beak,15494
Broken Owl Beak,15493
Broken Hippogryph Beak,15492
Sticky Falcon Beak,15491
Lobster Shell,15490
Grub Skin,15489
Turtle Shell,15488
Bloody Shark Leather,15487
Thin Whale Leather,15486
Spotted Devourer Leather,15485
Tanned Behemoth Leather,15484
Faded Snowlion Leather,15483
Tattered Yata Leather,15482
Bloody Shadow Wolf Leather,15481
Dirty Mountain Goat Leather,15480
Torn Xiezhi Leather,15479
Tattered Zebra Leather,15478
Torn Rhinoceros Leather,15477
Faded Mule Leather,15476
Torn Monkey Leather,15475
Fetid Mammoth Leather,15474
Dirty Lynx Leather,15473
Bloody Lion Leather,15472
Dirty Leopard Leather,15471
Foul Hyena Leather,15470
Coyote Leather,15469
Cougar Leather,15468
Snowlion Fang,15467
Broken Shadow Wolf Fang,15466
Broken Xiezhi Fang,15465
Tiger Fang,15464
Broken Lynx Fang,15463
Broken Lion Fang,15462
Broken Leopard Fang,15461
Bloody Hyena Fang,15460
Bloody Hydra Fang,15459
Coyote Fang,15458
Rotting Skyfin Fertilizer,15457
Dirty Cockatrice Feather,15456
Bloody Ostrich Feather,15455
Crow Feather,15454
Coyote Claw,15453
Snowlion Claw,15452
Bloody Shadow Wolf Claw,15451
Broken Ostrich Claw,15450
Razorbeak Claw,15449
Frozen Xiezhi Claw,15448
Crow Claw,15447
Stained Parrot Claw,15446
Owl Claw,15445
Bloody Lion Claw,15444
Horse Leather,15443
Hippogryph Feather,15442
Falcon Feather,15441
Dirty Black Feather,15440
Dirty Flamingo Feather,15439
Dirty Swan Feather,15438
Greenman Blowpipe,15437
Windblown Memory,15436
Shattered Mirage,15435
Protruding Spine,15434
Blunt Edge,15433
Polluted Mud,15432
Shattered Iron Chunk,15431
Worn Stone,15430
Rotten Axe Handle,15429
Broken Dull Knife,15428
Charred Eggshell,15427
Writhing Tentacle,15426
Old Parchment,15425
Twinhead Viper Scale,15424
Broken Devildog Claw,15423
Bloody Jabberwock Wing,15422
Bloody Knife,15421
Mandragora Root,15420
Rafflesia Stem,15419
Flytrap Root,15418
Grub Meat,15417
Centipede Bits,15416
Mantis Husk,15415
Beetle Shell,15414
Yeti Leather,15413
Behemoth Meat,15412
Skyfin Meat,15411
Cockatrice Meat,15410
Snowlion Meat,15409
Yata Meat,15408
Shadow Wolf Meat,15407
Xiezhi Meat,15406
Lobster Meat,15405
Zebra Meat,15404
Parrot Meat,15403
Owl Meat,15402
Mule Meat,15401
Mammoth Meat,15400
Lynx Meat,15399
Lion Meat,15398
Hyena Meat,15397
Coyote Meat,15396
Giant Bee Husk,15395
Archerfish,15394
Crumbling Bone Chip,15393
Tiger Claw,15392
Damaged Jabberwock Tooth,15391
Bloody Falcon Claw,15390
Foul Pig Tail,15389
Bloody Leopard Claw,15388
Scorpion Venom Gland,15387
Bright Leaf,15386
Eel Meat,15385
Fresh Honey,15384
Kraken Eye,15383
Shiny Pebble,15382
Neverending Nightmare,15381
Cougar Meat,15380
Screaming Soul Dust,15379
Cougar Claw,15378
Giant Ant Husk,15377
Dirty Lynx Claw,15376
Slime Gland,15375
Fake Archeum Shard,15374
Mountain Goat Meat,15373
Lizard Meat,15372
Rhinoceros Meat,15371
Filthy Parrot Feathers,15370
Large Cobweb,15369
Pig Foot,15368
Dismal Death Essence,15367
Frayed Cloth Scrap,15366
Graverobber's Notebook,15365
Chimera Leather,15364
Sharp Bloody Nail,15363
Chimera Meat,15362
Rudovika's Key,15361
Ernst's Key,15360
Otto's Key,15359
Geisler's Key,15358
Giant Core Fragment,15357
Father's Letter,15356
Crescent Throne Invitation,15355
Nui's Tiara,15354
Crescent Throne Invitation,15353
Nui's Tiara,15352
Crescent Throne Invitation,15351
Nui's Tiara,15350
Windsoul Stone,15349
Falcon Lure,15348
Kraken Meat,15347
Hippogryph Meat,15346
Falcon Meat,15345
Giraffe Hoof,15344
Griffin Tail Feather,15343
Cracked Shell,15342
Pincer,15341
Crabmeat,15340
Reindeer Leather,15339
Beating Stone Heart,15338
Basilisk Eye,15337
Wind's Gift,15336
Minotaur Hoof,15335
Minotaur Horn,15334
Orc Handkerchief,15333
Courageous Orc Talisman,15332
Wise Orc Talisman,15331
Moldy Orc War Rations,15330
Old Orc Feather Adornment,15329
Broken Pickaxe Handle,15328
Frayed Cloth Rag,15327
Heavy Chain,15326
Fetid Leather,15325
Ogre Tooth,15324
Goblin Nail,15323
Damp Flint,15322
Fake Diamond,15321
Sparkling Glass Shard,15320
Blunt Goblin Arrowhead,15319
Dead Man's Skull,15318
Fake Traditional Malika Crafts,15317
Cracked Malika Mask,15316
Bright Feather,15315
Colorful Feather,15314
Foul Rag,15313
Dried Cattle Dung,15312
Moldy Sheep Milk,15311
Rotten Mare's Milk,15310
Torn Scratch Pad,15309
Wicked Child Figurine,15308
Counterfeit Pass,15307
Corroded Knuckles,15306
Broken Breaker,15305
Frozen Blueblood,15304
Broken Abacus,15303
Loose Spring,15302
Old Tree Talisman,15301
Ishvaran Crest,15300
Nameless Elf's Tag,15299
Broken Bow,15298
Bloody Cloth Scrap,15297
Heated Branding Iron,15296
Illegible Inscription,15295
Broken Glass Shard,15294
Frayed Rope,15293
Befouled Moonlight Soil,15292
Fragmented Flesh Token,15291
Faded Crescent Crest,15290
Stolen Saffron,15285
Steel Key,15284
Unidentified Spellbook,15283
Violet Blossom Wreath,15282
White Arden Key,15281
Magic Branch,15276
Mining Bomb,15242
Floral Wreath,15241
로그인_철벽_방패,15228
Torn Paper,15207
Bitten Apple,15205
Castle Ronbann Dungeon Key,15204
Scribbled Letter,15180
ucc 정보 각인,15175
ucc 상징 등록,15148
Shining Golden Apple,15071
Yata,15061
Soulful Flower,15059
Wolson's Fireworks,15058
Snowlion Cage Key,15057
Ancient Hero's Hammer,14976
Heartbeat Fruit,14975
Blackbeard Sack,14974
Snake Gall,14973
D몬스터 - 오크 한손둔기,14972
Rye,14971
Pig Oil,14970
Mussel,14969
Herring,14968
Marlin,14967
Sardine,14966
Roosterfish,14965
Shrimp,14964
Mullet,14963
Solzrean Mackerel,14962
Pufferfish,14961
Squid,14960
Red Octopus,14959
Anchovy,14958
Dolphinfish,14957
Sandfish,14956
Cod,14955
Pigfish,14954
Pike,14953
Halibut,14952
Flatfish,14951
Oyster,14950
Starfish,14949
Skipjack Tuna,14948
Fermented Grain Vinegar,14947
Coconut Vinegar,14946
Wine Vinegar,14945
Apple Vinegar,14944
Oyster Sauce,14943
Corn Oil,14942
Sesame Oil,14941
Coconut Oil,14940
Almond Oil,14939
Nijela's Mysterious Bottle,14938
Haver Flower,14937
"Other
Lv. 1",14936
Luxurious Chest,14934
Intruder's Sword,14933
Lithomorph Anima,14930
Red Team War Wolfhound,14925
Blue Team War Wolfhound,14924
War Meteor,14923
Undefeatable Trainee,14922
Sappy Firewood,14921
Dry Firewood,14920
Suspicious Potion,14918
Groundling Brothers' Will,14917
Angry Groundling Leather,14916
Third Groundling Brother's Hair,14915
Second Groundling Brother's Tooth,14914
First Groundling Brother's Nail,14913
Baobab Sapling,14911
Moringa Sapling,14910
Orange Seedling,14908
Apricot Sapling,14907
Cherry Sapling,14906
Beech Sapling,14905
Pomegranate Sapling,14904
Yew Sapling,14903
Cedar Sapling,14902
Fir Sapling,14901
Juniper Sapling,14900
Spruce Sapling,14899
Pine Sapling,14898
Chestnut Sapling,14897
Ebony Sapling,14896
Bamboo Sapling,14895
Camphor Sapling,14894
Shining Star,14893
Ashuran's Meal,14891
Special Spice,14889
Rudal's Letter,14888
War Bomb,14885
Antique Chest Key,14884
Wind Treasure Chest Key,14883
Ocean Treasure Chest Key,14882
Earthen Roar,14879
Stormdarter,14878
Heavy Bag,14877
Tamillion's Letter,14876
Lao Xiam's Pottery,14875
Lao Xiam's Sword,14874
General Hassine's Soul Stone,14873
Purifying Spring Water,14872
Hario's Shovel,14871
Aromatic Elixir,14870
Lavender Oil,14869
Lao Xiam's Statue,14868
Requiem: Verse 3,14866
Requiem: Verse 2,14865
Purified Spirit Warrior's Soul,14864
Purifying Spring Water,14863
Hundred Day Liquor,14862
Colossus Heartstone,14861
Sandcloud Supplies,14860
Kate's Medicine,14859
Old Paper,14857
Elemental's Feather,14856
Soul Seed,14854
Guardian's Symbol,14853
Subjugation Orb,14852
Mendi's Net,14851
Shakrin's Net,14849
Amethysteria,14848
Moarine's Potion,14847
cloth본 테스트용 롱치마,14846
Wintermute's Mirror,14845
Flour Sack,14843
Yata Calf Food,14840
Rusty Key,14839
Large Key,14838
Small Key,14837
Tower Key,14836
Exquisite Key,14835
Shojun's Hammer,14834
Aloki's Energy,14833
Wally's Energy,14832
Spike's Energy,14831
Askara's Energy,14830
npc 뚱뚱한 누이안 대장장이(npc_blacksmith01) 001 2chest(통짜옷),14820
npc 뚱뚱한 누이안 대장장이(npc_blacksmith01) 002 2chest(통짜옷),14819
Pursecutter,14812
Stardust,14804
Time Bomb,14802
Old Pine Keepsake,14800
Lv. 1,14799
Dry Firewood,14796
Secret Deposit Key,14795
Domination Orb,14793
Domination Orb,14792
Spy's Partner,14791
cloth본 테스트용 망토,14790
Lost Swimwear,14786
Wind Grass,14785
Sealed Dahuta Cult Orders,14784
Incredible Soup,14783
Eznan Cutter Design,14782
Forbidden Spellbook,14781
Fetid Conch,14780
Falcon Spirit,14779
Wind Flower,14778
Skrull's Staff,14777
Seafolk Pipe,14776
Astral Life Lunadrop,14775
Blessed Life Lunadrop,14774
Beguiling Life Lunadrop,14773
Blazing Life Lunadrop,14772
Radiant Life Lunadrop,14771
Lucid Life Lunadrop,14770
Vivid Life Lunadrop,14769
Clear Life Lunadrop,14768
Faint Life Lunadrop,14767
Astral Wave Lunadrop,14766
Crystal Orb,14765
Blessed Wave Lunadrop,14764
Beguiling Wave Lunadrop,14763
Blazing Wave Lunadrop,14762
Radiant Wave Lunadrop,14761
Lucid Wave Lunadrop,14760
Vivid Wave Lunadrop,14759
Clear Wave Lunadrop,14758
Faint Wave Lunadrop,14757
Astral Earth Lunadrop,14755
Blessed Earth Lunadrop,14754
Gilneas's Sword,14753
Scroll: Ethereal Wings,14750
Quasar Cargo,14749
Charred Heart,14748
Coolant,14747
Liquid Fuel,14746
Restored Seal,14745
Lynx's Broken Seal,14743
Worjim's Broken Seal,14742
Drakonith's Broken Seal,14741
Special Mushroom,14740
Twisted Monster's Head,14739
Rosemary Extract,14736
Tightly-Tied Sack,14734
Beguiling Earth Lunadrop,14733
Blazing Earth Lunadrop,14732
Radiant Earth Lunadrop,14731
Lucid Earth Lunadrop,14730
Vivid Earth Lunadrop,14729
Clear Earth Lunadrop,14728
Faint Earth Lunadrop,14727
Astral Gale Lunadrop,14726
Blessed Gale Lunadrop,14725
Beguiling Gale Lunadrop,14724
Blazing Gale Lunadrop,14723
Radiant Gale Lunadrop,14722
Lucid Gale Lunadrop,14721
Vivid Gale Lunadrop,14720
Clear Gale Lunadrop,14718
Faint Gale Lunadrop,14717
Astral Fire Lunadrop,14716
Blessed Fire Lunadrop,14715
Unstable Mechanical Trap,14714
Windsoul Stone,14713
Enraged Machine Anima,14711
Bloody Bag,14709
Hill Beast Leather,14707
Stolen Merchandise,14706
Broken Statue Fragment,14705
Withered Petals,14704
Shabby Cloth Scrap,14703
Kobold Haversack,14702
Beguiling Fire Lunadrop,14700
Blazing Fire Lunadrop,14699
Radiant Fire Lunadrop,14698
Lucid Fire Lunadrop,14697
Vivid Fire Lunadrop,14696
Clear Fire Lunadrop,14695
Faint Fire Lunadrop,14694
Lv. 1,14693
Blue Team Jabberwock,14692
Water,14690
Green Crystal,14689
Skeleton,14688
Crimson Solution,14687
Earth Elemental Stone,14685
Unfinished Document,14683
Torn Document,14682
NPC Weapon Packs - 컷씬용 - 삽,14681
Red Team Jabberwock,14680
Hostile Battlefield Turret,14678
Experimental Glider,14677
Old Scroll,14676
Lake Mother's Divine Protection,14668
Forest's Meaning,14667
Skyhawk Pendant,14656
Shaman's Blessing,14655
Broken Wood Doll,14644
Sellus's Lavender Seedling,14641
Wind Queen's Seal,14639
NPC Weapon Packs - 컷씬용 - 벨포의 피묻은 검,14638
Plateau Fernbrake,14637
Divine Flower Crystal,14636
Mandragora Stem,14635
Crimson Lily Petal,14634
Fetid Conch,14633
Wild Ginseng,14632
Thistle,14631
Mushroom,14630
Mint,14629
Scorpion Grass,14628
Cherry,14627
Large Flamingo Feather,14626
Orange,14621
Banana,14620
Rubia Tincture,14614
Flower Supplement,14613
Empty Bottle,14612
Water Bottle,14611
Dismantled Tent,14610
Luke's Scroll,14607
Power Cord,14606
Live Grip Antenna,14605
Power Button,14604
Stone Golem Installer,14603
Iron Golem Controller,14602
Underwater Bomb,14600
Stonebrother Bomb,14599
Dreadnought Prison Key,14598
Dreadnought Room Key,14597
Royal Tomb Key,14595
npc c_024 5feet,14589
Dreamer's Bed,14588
Leaflet,14587
Spoiled Potato,14586
Mysterious Statue Fragment,14585
Mysterious Statue,14584
Cursed Branch,14583
Tough Mandragora Root,14582
Gweonid Forest Antidote,14581
Tiger Trap,14579
Purifying Torch,14578
Bashe's Energy Pills,14571
Incredible Soup,14570
Sweet Venison Soup,14569
Lake Elemental Orb,14568
Head of Rotos,14567
npc_sk_nurse001_h,14565
npc c_051 4hands,14564
npc c_051 5feet,14563
npc c_051 1head,14562
npc c_049 3legs,14561
npc c_051 2chest,14560
npc c_040 1head,14544
npc c_025 3legs,14543
npc c_025 1head,14542
npc c_080 2chest,14541
npc c_026 4hands,14540
npc c_026 5feet,14539
npc c_026 1head,14538
npc c_026 3legs,14537
npc c_026 2chest,14536
npc c_204 1head,14535
npc c_203 1head,14534
npc c_080 1head,14532
npc c_032_1 3legs,14531
npc c_030 1head,14530
npc c_030 2chest,14529
Rosemarin's Lower Body Bones,14528
Rosemarin's Torso Bones,14527
Watering Can,14523
Purification Tree Sapling,14522
도약테스트아이템,14521
Charcoal,14520
Eye of Rotos,14519
Venison,14518
Grimy Green Crystal,14517
Amalia's Letter,14516
Javier's Memo,14514
Attention! Gas Toxin Remedy,14513
Hildebrandt Ring,14509
Lv. 1,14504
Lv. 1,14501
Lv. 1,14500
Grayson's Wisp Sealstone,14499
Lever,14498
Amalia's Herbal Tea,14497
Thuja Nut,14496
Broken Mining Drill,14495
Clean Snow,14494
Young Reindeer Girl's Ring,14493
Shaman Maya's Potion,14492
Beer Sample,14490
Astra Orders,14489
Yahn's Letter,14488
Detoxifying Herb,14486
Amalia's Necklace,14485
Tibbec's Possession,14483
Ashuran's Seafood Special,14482
Shining Bean,14481
Lv. 1,14479
Lv. 1,14478
npc_chef01_hair01,14475
Binding Crystal,14473
npc c_510_1 3legs,14471
npc c_034 3legs,14470
npc c_076 1head,14469
npc c_034 2chest,14468
npc c_034 1head,14467
npc l_022 5feet,14466
npc l_022 3legs,14465
npc l_022 4hands,14464
npc l_022 2chest,14463
npc l_022 1head,14462
npc l_025 5feet,14461
npc l_025 3legs,14460
npc l_025 4hands,14459
npc l_025 2chest,14458
npc l_025 1head,14457
npc l_024 5feet,14456
npc l_024 3legs,14455
npc l_024 4hands,14454
npc l_024 2chest,14453
npc l_024 1head,14452
npc c_028 5feet,14451
npc c_028 3legs,14450
npc c_028 4hands,14449
npc c_028 2chest,14448
npc c_028 1head,14447
npc c_027 5feet,14446
npc c_027 3legs,14445
npc c_027 4hands,14444
npc c_027 2chest,14443
npc c_027 1head,14442
sk_lord010 (세계관인던),14441
npc c_032 3legs,14440
npc l_174 2chest,14439
npc c_032 2chest,14438
npc c_032 1head,14437
npc c_490 5feet,14436
npc c_031 3legs,14435
npc c_490 4hands,14434
npc c_031 2chest,14433
npc c_031 1head,14432
npc l_023 5feet,14426
npc l_023 3legs,14425
npc l_023 4hands,14424
npc l_023 2chest,14423
npc l_023 1head,14422
npc m_183 5feet (nu),14421
npc m_183 3legs (nu),14420
npc m_183 4hands (nu),14419
npc m_183 2chest (nu),14418
npc m_183 1head (nu),14417
npc_sk_owlpostman_h,14416
npc c_208 3legs,14415
npc l_053 4hands,14414
npc c_490 2chest,14413
npc c_207 1head,14412
아이템 공격 test_erikk,14411
Chetin's Letter,14409
Liam's Honey,14407
Packaged Seasoned Pork Skewer,14404
Stealth Potion,14403
Salphira's Blessing,14402
Shamela's Herb,14401
Astra Flower,14400
Mottled Tiger Leather,14399
Secret Package,14398
Suspicious Artifact,14397
Jafar's Smuggled Goods,14396
Glittering Black Pearl Shell,14395
Whirlwind Garlic,14394
Garlic and Mugwort,14393
Crab Meat,14392
Tough Deer Haunch,14391
Limion's Camp Hearthstone,14390
Follower's Hideout Map,14389
Ashuran's Special,14383
Buffalo Shank,14382
Red Crayfish,14381
Fessimar's Net,14380
Pearl,14379
Sovereign's Treasure,14378
npc c_170 3legs,14376
npc c_206 3legs,14375
npc_pt_cloth170,14374
npc c_203 2chest,14373
npc c_205 1head,14372
npc c_023 5feet,14371
npc l_026 4hands,14370
npc c_023 4hands,14369
npc c_023 2chest,14368
npc l_026 3legs,14367
npc c_050 5feet,14366
npc c_032_2 3legs,14365
npc c_050 4hands,14364
npc c_050 2chest (유지),14363
npc c_050 1head,14362
npc cp_cloth038,14361
npc c_033 3legs,14360
sk_hariharan001 (하리여 로그인),14359
npc c_033 2chest,14358
npc c_033 1head,14357
npc c_029 5feet,14356
npc c_029 3legs,14355
npc c_029 4hands,14354
npc c_029 2chest,14353
npc c_029 1head,14352
npc 드워프 기술자 5feet,14351
npc 드워프 기술자 3legs,14350
npc 드워프 기술자 4hands,14349
npc 드워프 기술자 2chest,14348
npc 드워프 기술자 1head,14347
npc m_156_1 3legs,14346
npc c_036 3legs,14345
npc l_168 3legs,14344
npc c_036 2chest,14343
npc c_036 1head,14342
Mark of the Blue Cypress,14336
삭제 예정,14335
Banquet Goods,14330
Maynard's Gift,14329
Brown Bear Pet Orb,14328
Eternal Rest Stone,14327
Subjugation Stone,14326
Scroll: Bathing Angel,14325
Foul-Smelling Herb,14324
Poisonous Herb,14323
Beautiful Vitality Herb,14322
Stealth Potion,14321
Blooming Moonsbreath,14320
Benezar and Rosemarin's Soulstone,14319
Rosemarin's Soulstone,14318
Rosemarin's Head,14317
Brown Bear Orb,14316
Trainer's Whip,14315
Scroll: Brown Bear,14314
Cockatrice Blood,14313
Split Log,14312
Day Root,14311
50레벨 테스트 활,14226
45레벨 테스트 활,14225
40레벨 테스트 활,14224
35레벨 테스트 활,14223
Hellhook,14207
Rotbang's Message,14206
Dwarven Bucket,14205
Sagdal's Staff,14204
Golem Net,14203
Golem Alarm,14202
Small Part,14201
Lv. 1,14200
dw_boy01_hair01,14197
Lv. 1,14196
Golem Scroll,14195
Golgi Device,14194
Wineskin,14193
Stolen Crown,14192
Official Ezna Pass,14191
Temporary Ezna Pass,14190
Quality Underclothes,14189
Crocodile Eye,14188
Eznan Comedic Screenplay: Act 4,14187
Eznan Comedic Screenplay: Act 3,14186
Eznan Comedic Screenplay: Act 2,14185
Eznan Comedic Screenplay: Act 1,14184
Maria's Diary,14182
Sallium Antique,14181
Sallium Magic Scroll,14180
Hora's Blessing,14179
Ominous Potion,14178
Blessed Broom,14177
Giant's Stone Skin,14176
Shatigon's Flame,14175
dummy,14174
dummy,14173
Complete Skeleton,14172
Spider Acid Bottle,14171
Spider Hatchling Stomach,14170
Empty Glass Bottle,14169
Cut Firewood,14168
Malphus's Emergency Carrot,14166
npc c_022 5feet,14165
npc c_022 3legs,14164
npc c_022 4hands,14163
npc c_022 2chest,14162
npc c_022 1head,14161
npc 드워프 임시 002 5feet,14157
Wanted Poster,14156
Spider Hatchling Leg,14154
Voulge's Report,14152
Broken Machine,14150
Slime Residue,14149
Skeletal Bone Chip,14148
Achassi Egg,14147
Rito's Treasure,14146
여섯 번째 보물 지도 조각(안씀),14145
Treasure Map: Fifth Scrap,14144
Treasure Map: Fourth Scrap,14143
Treasure Map: Third Scrap,14142
Rito's Treasure Map,14141
Treasure Map: First Scrap,14140
Survivor's Letter,14137
Ancient Scattered Bones,14136
Kartur's Ring,14135
Jorgensen's Rare Herb,14134
Cockatrice Blood,14133
Friessen's Last Words,14131
Firewood,14130
Twinhead Viper Venom,14129
Archerfish Meat,14128
Ancient Sword,14127
Grayson's Wife's Body,14126
Wisp Fire,14123
Ragen's Necklace,14118
Net,14116
Mysterious Potion,14115
Sapling,14113
Giant's Tree Sapling,14112
Torch,14111
Lost Gods Necklace,14110
Supply Chest,14105
Bugeye Bird Egg,14101
Goddess Prayer,14100
Guardian's Net,14099
Serenity Lute,14098
Parasitic Mushroom,14096
proto,14093
Sweet Cake,14089
Dormant Flame,14087
Empty Bottle,14084
Snowlion Saddle,14082
Grell's Present,14081
Falcon Lure,14079
Deer Antler,14076
Ore Wing Part #539,14074
Windbreaker Tree,14073
Large Gold Nugget,14071
Muddy Yata Manure,14070
Ore Wing Wreckage,14069
Stationary Machine,14068
Unfinished Machine,14067
Old Mine Lever,14066
Meteorite Ore,14065
Clean Snow,14064
Thuja Nut,14063
Hildebrandt Seal Ring,14061
Worn Pickax,14060
Gunther's Pickaxe,14059
Father's Dagger,14056
Pillaged Cargo,14055
Schima Pillagers Orders,14054
NPC Weapon Packs - 공통 - 관악기,14047
NPC Weapon Packs - 공통 - 타악기(임시 Asset),14046
Whisperwind Flag,14045
NPC Weapon Packs - 공통 - 현악기(임시 Asset),14044
npc shield_01_1,14042
npc bow_01_1,14041
npc staff_2h_01_1,14040
npc staff_1h_26_4,14039
npc axe_2h_01_1,14038
npc axe_1h_26_1,14037
NPC Weapon Packs - 공통 - 양손둔기,14036
npc spear_1h_16_2,14035
npc spear_2h_16_2,14034
npc blade_2h_01_1,14033
Glider Component,14032
Bucket,14030
Gold Gourd Bottle,14029
Map Piece,14028
Warning Mark,14027
Ungdung's Favorite Flower,14026
Body Tag,14024
Cultist Token,14023
Pirate Pelvis,14022
Achassi Tail,14021
Egg Breaker,14020
Tass's Reviver,14019
Edosa's Stabilizer,14018
Mature Mint,14017
Crooked Back Map,14016
Holy Water,14014
Protomorph Potion,14013
Rafflesia Pollen,14012
Pruned Wilderness Horn,14011
Full Horsemilk Jar,14010
Empty Horsemilk Jar,14009
Children's Toy,14008
Virosan's Dagger,14007
Jaike's Whiskey,14006
Rainbow Vapor Bottle,14005
Wilderness Horn,14004
Medicine Chest,14003
Suspicious Potion,14000
Zebra Meat,13999
Lost Ring,13997
Lost Earring,13996
Lost Necklace,13995
Full Rainbow Bottle,13994
Empty Rainbow Bottle,13993
Crooked Back Clan Goods,13992
Deadman's Blood Clot,13991
Pirate Humerus,13990
Crooked Back Clan's Stolen Goods,13989
Pirate Femur,13988
Zebra Rope,13986
Screeching Lute,13984
Stolen Item,13983
Hardened Blood Clot,13982
Rainbow Vapor Dragonfruit,13981
Pirate Rib,13980
Ostrich Stomach,13978
Mint Seed,13977
Vivid Dragon Coconut,13976
Nahai's Machine Part,13975
Dragonfruit,13974
Mantis Tail,13973
Food Knapsack,13972
Archerfish Stunwand,13971
Rigid Horn,13970
Jaras's Present,13969
Lake Tide,13968
Flamehawk Feather Sheaf,13967
Goldscale,13966
Padded Arrow,13965
Kajahr's Letter of Recommendation,13964
Yata Manure,13963
Soothing Grass,13962
Goldberry Tincture,13961
Goldberry,13960
Goldberry Sapling,13959
Black Hair,13958
Hawk-Call Bugle,13957
Salvaged Machine Anima,13956
Small Torch,13955
Tiger Box,13954
Muddy Yata Manure,13953
Tomiris's Present,13952
Floating Chest,13951
Useful Machine Part,13950
Forgotten Treasure Chest,13949
Ashrei has been looking for this.,13948
Bean Bomb,13947
Locked Chest,13946
Ember,13945
Sturdy Fastener,13944
Anima Chest,13943
Treasure Hunter Scroll,13941
Amutar's Anima Device,13940
Bloodstained Cloth,13939
목걸이가 든 주머니(안씀),13938
Ashrei's Chest,13937
Stuffed Pocket,13936
Soft Feather,13935
Yata Manure,13934
Archerfish Fillet Stew Bowl,13931
Archerfish Fillet,13930
Flamehawk Feather,13928
Gnade Sapling,13927
Reindeer Carcass,13924
Mistral Elemental Pipe,13923
Soul Seed,13922
Soul Pipe,13921
Tribal Net,13920
Mechanical Boots,13919
Astra Relic,13918
Pure Moss,13917
Enormous Eggs,13916
Enchanted Sprig,13915
Airain Train Ticket,13914
Windsnow Flower,13913
Icicle,13912
Barefoot Barley,13911
Dwarven Smoke Bomb,13910
Bladesharp Flower,13909
Suspicious Ring,13908
Faerie Needle,13907
Homing Bone,13906
Fine Pollen,13905
Raw Archeum,13904
Astra Operations Document,13903
Dwarven Telescope,13902
Inscribed Cogwheel,13901
Captured Cockatrice,13900
Living Archeum Ore,13899
Colossus Fragment,13898
npc shield_36_6,13896
NPC Weapon Packs - 몬스터 - 해골 한손도,13895
NPC Weapon Packs - 몬스터 - 해골 양손지팡이,13894
NPC Weapon Packs - 몬스터 - 얼굴 없는 시체 단검(임시 Asset),13893
NPC Weapon Packs - 몬스터 - 얼굴 없는 시체 한손창,13892
D몬스터 - 익사체 양손둔기,13891
D몬스터 - 익사체 한손도,13890
NPC Weapon Packs - 몬스터 - 저거너트 곡괭이,13889
D몬스터 - 철갑망령 한손창,13888
D몬스터 - 철갑망령 방패,13887
D몬스터 - 철갑망령 한손도,13886
D몬스터 - 미노타우르스 한손지팡이,13885
D몬스터 - 미노타우르스 양손창,13884
D몬스터 - 미노타우르스 양손도끼,13883
NPC Weapon Packs - 몬스터 - 오우거 양손 곡괭이,13882
npc mace_1h_26_6,13881
D몬스터 - 켄타우로스 양손지팡이 하급,13880
D몬스터 - 켄타우로스 활,13879
npc dagger_26_1,13878
D몬스터 - 켄타우로스 한손도,13877
NPC Weapon Packs - 몬스터 - 늑대 인간 양손도끼(임시 Asset),13876
NPC Weapon Packs - 몬스터 - 피투성이 군대 양손둔기(임시 Asset),13875
NPC Weapon Packs - 몬스터 - 바이암 활,13874
NPC Weapon Packs - 몬스터 - 바이암 한손둔기,13873
NPC Weapon Packs - 몬스터 - 바이암 한손도,13872
npc shield_11_1,13871
D몬스터 - 놀 한손검,13870
NPC Weapon Packs - 몬스터 - 고블린 끼우개(goblin_scratcher 모델 전용),13869
NPC Weapon Packs - 몬스터 - 고블린 활,13868
NPC Weapon Packs - 몬스터 - 고블린 한손둔기,13867
NPC Weapon Packs - 몬스터 - 인어 한손지팡이,13866
NPC Weapon Packs - 몬스터 - 인어 한손도,13865
NPC Weapon Packs - 몬스터 - 오크 단검,13864
npc sword_2h_01_1,13863
NPC Weapon Packs - 몬스터 - 고블린 한손지팡이,13861
D몬스터 - 오크 양손지팡이,13860
NPC Weapon Packs - 몬스터 - 상어인간 한손도,13859
D몬스터 - 오크 양손창,13858
D몬스터 - 오크 활,13857
D몬스터 - 오크 한손도끼,13856
NPC Weapon Packs - 몬스터 - 상어인간 한손도끼,13855
Torch,13854
Water Bottle,13853
Aerohydra Potion,13852
Buoyancy Potion,13851
Launching Torch,13850
Water Bottle,13849
Torch,13836
Siege Cannon,13817
npc m_030 5feet,13816
npc m_030 4hands,13815
npc m_028 3legs,13814
npc_sk_russia001_h,13813
npc m_030 1head,13812
Life's Breath,13810
Great Hammer,13766
Torch,13758
Full Kit: Stone Rose Cottage,13756
Full Kit: Tudor Rose Cottage,13755
Full Kit: Rustic Rose Cottage,13754
Full Kit: Rustic Spring Cottage,13753
Full Kit: Tudor Spring Cottage,13752
Full Kit: Stone Spring Cottage,13751
Full Kit: Rustic Slate Cottage,13750
Full Kit: Stone Slate Cottage,13749
Full Kit: Tudor Slate Cottage,13748
Full Kit: Stone Rose Mansion,13747
Full Kit: Stone Slate Mansion,13746
Full Kit: Stone Spring Mansion,13745
NPC Weapon Packs - 몬스터 - 머리없는 검사 양손검,13744
NPC Weapon Packs - 몬스터 - 머리없는 기사 한손검,13740
Stolen Wool,13739
Lv. 1,13736
Austeran Cutter Design,13734
Eznan Cutter Design,13732
Thuja Sapling,13731
Jujube Sapling,13729
Rubber Tree Sapling,13728
Palm Sapling,13727
Bay Sapling,13726
Fig Sapling,13725
Lemon Sapling,13724
Treasure Chest,13723
Reinforced Iron Chest,13722
Stout Chest,13721
Ironbound Chest,13720
Stout Wooden Chest,13719
Old Chest,13718
Grimy Chest,13717
Varnished Wooden Chest,13716
Corroded Chest,13715
Damaged Chest,13714
Jenny's Doll,13713
Barracks Design,13712
Scroll: Growling Yawl,13711
탑의 도시 소형 범선 소환 주문서(사용안함! 보류!),13709
Archeum Shard,13708
Noryette Chandelier Design,13707
Special Noryette Chandelier Design,13706
Trieste Chandelier Design,13705
Special Trieste Chandelier Design,13704
Sovereign's Painting Design,13703
Sovereign's Noble Painting Design,13702
Brown Bearskin Rug Design,13701
White Bearskin Rug Design,13700
Chef's Spare Chair Design,13699
Chef's Wood Chair Design,13698
Chef's Corner Counter Design,13697
Chef's Counter Design,13696
Small Scale Design,13695
Chef's Drawer Design,13694
Chef's Picnic Table Design,13693
Chef's Display Cabinet Design,13692
Curved Wood Table Design,13691
Chef's Table Design,13690
Yellow Hardwood Mannequin Design,13689
Grinning Jester Statue Design,13688
Red Hat Statue Design,13687
White Hat Statue Design,13686
Hardwood Armchair Design,13685
Square Cherry Table Design,13684
Round Cherry Table Design,13683
Tri-Level Hardwood Bureau Design,13682
Hardwood Glass Cabinet Design,13681
Noryette Large Bookshelf Design,13680
Noryette Leather Chair Design,13679
Noryette Chair Design,13678
Noryette Sofa Design,13677
Noryette Table Design,13676
Wood Medicine Cabinet Design,13675
Wood Pet Cage Design,13674
Tall Marbled Gourd Bottle Design,13673
Marbled Gourd Bottle Design,13672
Marbled Teapot Design,13671
Wood Liquor Cabinet Design,13670
Trieste Bookshelf Design,13669
Family Candlestick Design,13668
Family Chair Design,13667
Golden Family Cup Design,13666
Trieste Ornament Design,13665
Family Table Design,13664
Small Candlestick Design,13663
Teaching Hall Partition Design,13662
Teaching Hall Table Design,13661
Family Armor Ornament Design,13660
Sovereign's Large Bookshelf Design,13659
Sovereign's Fireplace Design,13658
Noble's Large Gorgeous Vase Design,13657
Noble's Moonlight Vase Design,13656
Noble's Lunisolar Vase Design,13655
Noble's White Teapot Design,13654
Noble's White Vase Design,13653
Noble's Green Vase Design,13652
Noble's Black Jar Design,13651
Sovereign's Rose Sofa Design,13650
Sovereign's Red Chair Design,13649
Sovereign's Piano Design,13648
Shining Daybreak,11128
Crest Brainstorm,11127
노동력 회복 물약 (미사용2),11126
Medium Labor Potion,11125
Large Labor Potion,11124
Small Labor Potion,11123
Ezi's Glider Design,11122
Moonshadow Glider Design,11121
Red Dragon Glider Design,11120
Thunderbolt Glider Design,11119
Ultimate Glider Design,11118
Enhanced Glider Design,11117
Improved Glider Design,11116
Experimental Glider Design,11115
Noryette Chandelier Design,11114
Special Noryette Chandelier Design,11113
Trieste Chandelier Design,11112
Special Trieste Chandelier Design,11111
Sovereign's Square Painting Design,11110
Sovereign's Sacred Painting Design,11109
Brown Bearskin Rug Design,11108
White Bearskin Rug Design,11107
Chef's Spare Chair Design,11106
Chef's Wood Chair Design,11105
Chef's Corner Counter Design,11104
Chef's Counter Design,11103
Chef's Scale Design,11102
Chef's Bureau Design,11101
Chef's Simple Table Design,11100
Chef's Display Cabinet Design,11099
Chef's Round Table Design,11098
Chef's Table Design,11097
Yellow-striped Hardwood Mannequin Design,11096
Grinning Jester Statue Design,11095
Red Hat Statue Design,11094
White Hat Statue Design,11093
Hardwood Armchair Design,11092
Square Cherry Table Design,11091
Round Cherry Table Design,11090
Tri-Level Hardwood Bureau Design,11089
Hardwood Glass Cabinet Design,11088
Noryette Large Bookshelf Design,11087
Noryette Leather Chair Design,11086
Noryette Chair Design,11085
Noryette Sofa Design,11084
Noryette Table Design,11083
Wood Medicine Cabinet Design,11082
Wood Pet Cage Design,11081
Tall Marbled Gourd Bottle Design,11080
Marbled Gourd Bottle Design,11079
Marbled Teapot Design,11078
Wood Liquor Cabinet Design,11077
Trieste Bookshelf Design,11076
Family Candlestick Design,11075
Trieste Chair Design,11074
Golden Trieste Cup Design,11073
Trieste Ornament Design,11072
Family Table Design,11071
Teaching Hall Candlestick Design,11070
Teaching Hall Partition Design,11069
Teaching Hall Table Design,11068
Plate Armor Ornament Design,11067
Noble's Large Bookshelf Design,11066
Hero's Fireplace Design,11065
Noble's Large Gorgeous Vase Design,11064
Noble's Moonlight Vase Design,11063
Noble's Lunisolar Vase Design,11062
Noble's White Teapot Design,11061
Noble's White Vase Design,11060
Noble's Blue Vase Design,11059
Noble's Red Jar Design,11058
Sovereign's Rose Sofa Design,11057
Red Sovereign Chair Design,11056
Mahogany Piano Design,11055
Illusion Spirit Design,11054
Illusion Spirit Design,11053
Illusion Spirit Design,11052
Illusion Essence Design,11051
Illusion Essence Design,11050
Illusion Essence Design,11049
Illusion Crystal Design,11048
Illusion Crystal Design,11047
Illusion Crystal Design,11046
Devil Tail Design,11045
Devil Tail Design,11044
Devil Tail Design,11043
Devil Wing Design,11042
Devil Wing Design,11041
Devil Wing Design,11040
Devil Horn Design,11039
Devil Horn Design,11038
Devil Horn Design,11037
Machine Fuel Design,11036
Machine Fuel Design,11035
Machine Fuel Design,11034
Machine Component Design,11033
Machine Component Design,11032
Machine Component Design,11031
Machine Design,11030
Machine Design,11029
Machine Design,11028
Magic Solution Design,11027
Magic Solution Design,11026
Magic Solution Design,11025
Magic Shard Design,11024
Magic Shard Design,11023
Magic Shard Design,11022
Magic Dust Design,11021
Magic Dust Design,11020
Magic Dust Design,11019
Skeleton of the Dead Design,11018
Skeleton of the Dead Design,11017
Skeleton of the Dead Design,11016
Bone of the Dead Design,11015
Bone of the Dead Design,11014
Bone of the Dead Design,11013
Sky Spirit Design,11012
Sky Spirit Design,11011
Sky Spirit Design,11010
Sky Essence Design,11009
Sky Essence Design,11008
Sky Essence Design,11007
Sky Crystal Design,11006
Sky Crystal Design,11005
Sky Crystal Design,11004
Scroll Design,11003
Scroll Design,11002
Scroll Design,11001
Leomorph Design,11000
Leomorph Design,10999
Leomorph Design,10998
Fabric Design,10997
Fabric Design,10996
Fabric Design,10995
Beast Fang Design,10994
Beast Fang Design,10993
Beast Fang Design,10992
Beast Claw Design,10991
Beast Claw Design,10990
Beast Claw Design,10989
Leather Design,10988
Leather Design,10987
Leather Design,10986
Goddess' Defense Potion Design,10985
Goddess' Mana Potion Design,10984
Goddess' Healing Potion Design,10983
Hero's Defense Potion Design,10982
Hero's Mana Potion Design,10981
Hero's Healing Potion Design,10980
Nymph's Defense Potion Design,10979
Nymph's Mana Potion Design,10978
Nymph's Healing Potion Design,10977
Knight's Defense Potion Design,10976
Knight's Mana Potion Design,10975
Knight's Healing Potion Design,10974
Priest's Defense Potion Design,10973
Priest's Mana Potion Design,10972
Priest's Healing Potion Design,10971
Warrior's Defense Potion Design,10970
Warrior's Mana Potion Design,10969
Warrior's Healing Potion Design,10968
Explorer's Defense Potion Design,10967
Explorer's Mana Potion Design,10966
Explorer's Healing Potion Design,10965
Adventurer's Defense Potion Design,10964
Adventurer's Mana Potion Design,10963
Adventurer's Healing Potion Design,10962
Trainee's Defense Potion Design,10961
Trainee's Mana Potion Design,10960
Trainee's Healing Potion Design,10959
Novice's Defense Potion Design,10958
Novice's Mana Potion Design,10957
Novice's Healing Potion Design,10956
Sour Braised Crocodile Egg Design,10955
Sweet Devourer Tongue Porridge Design,10954
Seared Crocodile Design,10953
Crispy Fried Mermaid Fin Design,10952
Spicy Steamed Giant Crab Design,10951
Pineberry Skewered Bat Design,10950
Eagle Meat Griddle Cake Design,10949
Peculiar Devourer Tongue Juice Design,10948
Refreshing Crocodile Stew Design,10947
Light Fox Steak Design,10946
Tender Steamed Venison Design,10945
Savory Bear Stir-fry Design,10944
Nourishing Grilled Sharpbeak Design,10943
Salted Shark Design,10942
Braised Yellow Twinhead Viper Design,10941
Tomato Braised Crayfish Design,10940
Sweet Giant Crab Leg Soup Design,10939
Queen Marian's Sharksfin Design,10938
Pungent Grilled Fox Design,10937
Tasty Venison Stir-fry Design,10936
Chewy Grilled Bear Design,10935
Lightly Grilled Giant Crab Design,10934
Healthy Snake Skewer Design,10933
Savory Buffalo Stir-fry Design,10932
Tender Rabbit Steak Design,10931
Light Horsemeat Stew Design,10930
Grilled Rosemary Boar Design,10929
Sweet Steamed Turtle Design,10928
Spicy Eel Stir-fry Design,10927
Seasoned Pork Skewer Design,10926
Dancing Shoes of Night Design,10925
Blazing Scarlet Shoes Design,10924
Crescent Crested Shoes Design,10923
Blue Eye Shoes Design,10922
Knotted Hell Shoes Design,10921
Shadowy Whispers Shoes Design,10920
Smiling Witch's Shoes Design,10919
Cumulus Cloud Shoes Design,10918
Embroidered Shoes Design,10917
Dark Dreaming Shoes Design,10916
Fairy Queen's Shoes Design,10915
Ascetic's Shoes Design,10914
Old Shaman's Shoes Design,10913
Warrior's Last Shoes Design,10912
Zombie Shoes Design,10911
Honorable Silk Shoes Design,10910
Dignified Silk Shoes Design,10909
Protective Silk Shoes Design,10908
Queen's Steps Design,10907
Knight's Feet Design,10906
Savant's Shoes Design,10905
Cloth of Gold Shoes Design,10904
Sparkling Shoes Design,10903
Prognosticator's Shoes Design,10902
Nymph Wing Shoes Design,10901
Azdamira's Shoes Design,10900
Soul Summoner's Shoes Design,10899
Dancing Legs of Night Design,10898
Blazing Scarlet Pants Design,10897
Crescent Crested Pants Design,10896
Blue Eye Pants Design,10895
Knotted Hell Pants Design,10894
Shadowy Whispers Pants Design,10893
Smiling Witch's Pants. Design,10892
Cumulus Cloud Pants Design,10891
Embroidered Pants Design,10890
Dark Dreaming Pants Design,10889
Fairy Queen's Skirt Design,10888
Ascetic's Pants Design,10887
Old Shaman's Pants Design,10886
Warrior's Last Pants Design,10885
Zombie Pants Design,10884
Honorable Silk Pants. Design,10883
Dignified Silk Pants Design,10882
Protective Silk Pants Design,10881
Queen's Skirt Design,10880
Knight's Pants Design,10879
Savant's Pants Design,10878
Cloth of Gold Pants Design,10877
Sparkling Pants Design,10876
Prognosticator's Pants Design,10875
Nymph Wing Pants Design,10874
Azdamira's Pants Design,10873
Soul Summoner's Pants Design,10872
Seductive Dance of the Night Design,10871
Blazing Scarlet Sash Design,10870
Crescent Crest Sash Design,10869
Blue Eye Sash Design,10868
Knotted Hell Sash Design,10867
Shadowy Whispers Sash Design,10866
Smiling Witch's Sash. Design,10865
Cumulus Cloud Sash Design,10864
Embroidered Sash Design,10863
Dark Dreaming Sash Design,10862
Fairy Queen's Sash Design,10861
Ascetic's Sash Design,10860
Old Shaman's Sash Design,10859
Warrior's Last Sash Design,10858
Zombie Sash Design,10857
Honorable Silk Sash. Design,10856
Dignified Silk Sash Design,10855
Protective Silk Sash Design,10854
Queen's Sash Design,10853
Knight's Sash Design,10852
Savant's Cloak Design,10851
Cloth of Gold Sash Design,10850
Sparkling Sash Design,10849
Prognosticator's Sash Design,10848
Nymph Wing Sash Design,10847
Azdamira's Sash Design,10846
Soul Summoner's Sash Design,10845
Seductive Caress of Night Design,10844
Blazing Scarlet Gloves Design,10843
Crescent Crested Gloves Design,10842
Blue Eye Gloves Design,10841
Knotted Hell Gloves Design,10840
Shadowy Whispers Gloves Design,10839
Smiling Witch's Gloves Design,10838
Cumulus Cloud Gloves Design,10837
Embroidered Gloves Design,10836
Dark Dreaming Gloves Design,10835
Fairy Queen's Palms Design,10834
Ascetic's Gloves Design,10833
Old Shaman's Gloves Design,10832
Warrior's Last Gloves Design,10831
Zombie Gloves Design,10830
Honorable Silk Gloves Design,10829
Dignified Silk Gloves Design,10828
Protective Silk Gloves Design,10827
Queen's Long Fingers Design,10826
Knight's Hands Design,10825
Savant's Gloves Design,10824
Cloth of Gold Gloves Design,10823
Sparkling Gloves Design,10822
Prognosticator's Gloves Design,10821
Nymph Wing Gloves Design,10820
Azdamira's Gloves Design,10819
Soul Summoner's Gloves Design,10818
Muted Shuffle of Night Design,10817
Blazing Scarlet Sleeves Design,10816
Crescent Crest Sleeves Design,10815
Blue Eye Sleeves Design,10814
Knotted Hell Sleeves Design,10813
Shadowy Whispers Sleeves Design,10812
Smiling Witch's Sleeves Design,10811
Cumulus Cloud Sleeves Design,10810
Embroidered Sleeves Design,10809
Dark Dreaming Sleeves Design,10808
Fairy Queen's Gift Design,10807
Ascetic's Sleeves Design,10806
Old Shaman's Sleeves. Design,10805
Warrior's Last Sleeves Design,10804
Zombie Sleeves. Design,10803
Honorable Silk Sleeves Design,10802
Dignified Silk Sleeves Design,10801
Protective Silk Sleeves Design,10800
Queen's Straight Wrists Design,10799
Knight's Arm Design,10798
Savant's Sleeves Design,10797
Cloth of Gold Sleeves. Design,10796
Sparkling Sleeves Design,10795
Prognosticator's Sleeves Design,10794
Nymph Wing Sleeves Design,10793
Azdamira's Sleeves Design,10792
Soul Summoner's Sleeves Design,10791
Gasp of Night Design,10790
Blazing Scarlet Shirt Design,10789
Crescent Crested Shirt Design,10788
Blue Eye Shirt Design,10787
Knotted Hell Shirt Design,10786
Shadowy Whispers Shirt Design,10785
Smiling Witch's Shirt Design,10784
Cumulus Cloud Shirt Design,10783
Embroidered Shirt Design,10782
Dark Dreaming Shirt Design,10781
Fairy Queen's Kiss Design,10780
Ascetic's Shirt Design,10779
Old Shaman's Shirt Design,10778
Warrior's Last Shirt Design,10777
Zombie Shirt Design,10776
Honorable Silk Shirt Design,10775
Dignified Silk Shirt Design,10774
Protective Silk Shirt Design,10773
Queen's Court Gown Design,10772
Knight's Neck Design,10771
Savant's Shirt Design,10770
Cloth of Gold Shirt Design,10769
Sparkling Shirt Design,10768
Prognosticator's Shirt Design,10767
Nymph Wing Shirt Design,10766
Azdamira's Shirt Design,10765
Soul Summoner's Shirt Design,10764
Whispered Song of Night Design,10763
Blazing Scarlet Hood Design,10762
Crescent Crested Hood Design,10761
Black Eye Shirt Design,10760
Knotted Hell Hood Design,10759
Shadowy Whispers Hood Design,10758
Smiling Witch's Hood Design,10757
Cumulus Cloud Cap Design,10756
Ornamented Hood Design,10755
Dark Dreaming Hood Design,10754
Fairy Queen's Hood Design,10753
Ascetic's Hood Design,10752
Old Shaman's Hood Design,10751
Warrior's Last Hood Design,10750
Zombie Hood. Design,10749
Honorable Silk Hood Design,10748
Dignified Silk Hood Design,10747
Protective Silk Hood Design,10746
Queen's Immortality Design,10745
Severed Knight's Ear Design,10744
Savant's Crown Design,10743
Cloth of Gold Hood Design,10742
Singed Hood Design,10741
Prognosticator's Hood Design,10740
Nymph Wing Hood Design,10739
Azdamira's Headpiece Design,10738
Soul Summoner's Hood Design,10737
Nui's Shield Shoes Design,10736
Sunburst Shoes Design,10735
Moonset Shoes Design,10734
Chain Lightning Shoes Design,10733
Pealing Thunder Shoes Design,10732
Whirlpool Shoes Design,10731
Obscuring Haze Shoes Design,10730
Scudding Cloud Shoes Design,10729
Stone Garden Shoes Design,10728
Winter Wolf Shoes Design,10727
Ram's Patterned Shoes Design,10726
Charging Buffalo Shoes Design,10725
West Wind Shoes Design,10724
Hunting Raptor Shoes Design,10723
King of the Beast's Shoes Design,10722
Vaulting Buck's Boots Design,10721
Shadowcat Shoes Design,10720
Mauling Bear's Shoes Design,10719
Queen's Acid-etched Boots Design,10718
Knight's Hunting Boots Design,10717
Summersun Shoes Design,10716
Bard's Golden Shoes Design,10715
Minstrel's Vibrating Shoes Design,10714
Smiling Jester's Shoes Design,10713
Colorful Feather Shoes Design,10712
Hermit's Tasseled Shoes Design,10711
Immortal's Dream Shoes Design,10710
Nui's Shield Pants Design,10709
Sunburst Pants Design,10708
Moonset Pants Design,10707
Chain Lightning Pants Design,10706
Pealing Thunder Pants Design,10705
Whirlpool Pants Design,10704
Obscuring Haze Pants Design,10703
Scudding Cloud Pants Design,10702
Stone Garden Pants Design,10701
Winter Wolf Pants Design,10700
Ram's Patterened Pants Design,10699
Charging Buffalo Pants Design,10698
West Wind Pants Design,10697
Hunting Raptor Pants Design,10696
King of the Beast's Pants Design,10695
Vaulting Buck's Breeches Design,10694
Shadowcat Pants Design,10693
Mauling Bear's Pants Design,10692
Queen's Acid-etched Breeches Design,10691
Knight's Hunting Breeches Design,10690
Summersun Pants Design,10689
Bard's Golden Pants Design,10688
Minstrel's Vibrating Pants Design,10687
Frozen Smile Pants of the Jester Design,10686
Colorful Feather Pants Design,10685
Hermit's Tasseled Pants Design,10684
Immortal's Dream Pants Design,10683
Nui's Shield Sash Design,10682
Sunburst Sash Design,10681
Moonset Sash Design,10680
Chain Lightning Sash Design,10679
Pealing Thunder Sash Design,10678
Whirlpool Sash Design,10677
Obscuring Haze Sash Design,10676
Scudding Cloud Sash Design,10675
Stone Garden Sash Design,10674
Winter Wolf Sash Design,10673
Ram's Patterned Sash Design,10672
Charging Buffalo Sash Design,10671
West Wind Sash Design,10670
Hunting Raptor Sash Design,10669
King of the Beast's Sash Design,10668
Vaulting Buck's Belt Design,10667
Shadowcat Sash Design,10666
Mauling Bear's Sash Design,10665
Queen's Acid-etched Belt Design,10664
Knight's Hunting Belt Design,10663
Summersun Sash Design,10662
Bard's Golden Sash Design,10661
Minstrel's Vibrating Sash Design,10660
Smiling Jester's Sash Design,10659
Colorful Feather Sash Design,10658
Hermit's Tasseled Sash Design,10657
Immortal's Dream Sash Design,10656
Nui's Shield Gloves Design,10655
Sunburst Gloves Design,10654
Moonset Gloves Design,10653
Chain Lightning Gloves Design,10652
Pealing Thunder Gloves Design,10651
Whirlpool Gloves Design,10650
Obscuring Haze Gloves Design,10649
Scudding Cloud Gloves Design,10648
Stone Garden Gloves Design,10647
Winter Wolf Gloves Design,10646
Ram's Patterned Gloves Design,10645
Charging Buffalo Gloves Design,10644
West Wind Gloves Design,10643
Hunting Raptor Gloves Design,10642
King of the Beast's Gloves Design,10641
Vaulting Buck's Fists Design,10640
Shadowcat Gloves Design,10639
Mauling Bear's Gloves Design,10638
Queen's Acid-etched Fists Design,10637
Knight's Hunting Fists Design,10636
Summersun Gloves Design,10635
Bard's Golden Gloves Design,10634
Minstrel's Vibrating Gloves Design,10633
Smiling Jester's Gloves Design,10632
Colorful Feather Gloves Design,10631
Hermit's Tasseled Gloves Design,10630
Immortal's Dream Gloves Design,10629
Nui's Shield Sleeves Design,10628
Sunburst Sleeves Design,10627
Moonset Sleeves Design,10626
Chain Lightning Sleeves Design,10625
Pealing Thunder Sleeves Design,10624
Whirlpool Sleeves Design,10623
Obscuring Haze Sleeves Design,10622
Scudding Cloud Sleeves Design,10621
Stone Garden Sleeves Design,10620
Winter Wolf Sleeves Design,10619
Ram's Patterned Sleeves Design,10618
Charging Buffalo Sleeves Design,10617
West Wind Sleeves Design,10616
Hunting Raptor Sleeves Design,10615
King of the Beast's Sleeves Design,10614
Vaulting Buck's Guards Design,10613
Shadowcat Sleeves Design,10612
Mauling Bear's Sleeves Design,10611
Queen's Acid-etched Guards Design,10610
Knight's Hunting Guards Design,10609
Summersun Sleeves Design,10608
Bard's Golden Sleeves Design,10607
Minstrel's Vibrating Sleeves Design,10606
Smiling Jester's Sleeves. Design,10605
Colorful Feather Sleeves Design,10604
Hermit's Tasseled Sleeves Design,10603
Immortal's Dream Sleeves Design,10602
Nui's Shield Shirt Design,10601
Sunburst Shirt Design,10600
Moonset Shirt Design,10599
Chain Lightning Shirt Design,10598
Pealing Thunder Shirt Design,10597
Whirlpool Shirt Design,10596
Obscuring Haze Shirt Design,10595
Scudding Cloud Shirt Design,10594
Stone Garden Shirt Design,10593
Winter Wolf Shirt Design,10592
Ram's Patterened Shirt Design,10591
Charging Buffalo Shirt Design,10590
West Wind Shirt Design,10589
Hunting Raptor Shirt Design,10588
King of the Beast's Shirt Design,10587
Vaulting Buck's Jerkin Design,10586
Shadowcat Shirt Design,10585
Mauling Bear's Shirt Design,10584
Queen's Acid-etched Jerkin Design,10583
Knight's Hunting Jerkin Design,10582
Summersun Shirt Design,10581
Bard's Golden Shirt Design,10580
Minstrel's Vibrating Shirt Design,10579
Smiling Jester's Shirt Design,10578
Colorful Feather Shirt Design,10577
Hermit's Tasseled Shirt Design,10576
Immortal's Dream Shirt Design,10575
Nui's Shield Hood Design,10574
Sunburst Hood Design,10573
Moonset Hood Design,10572
Chain Lightning Hood Design,10571
Pealing Thunder Hood Design,10570
Whirlpool Hood Design,10569
Obscuring Haze Hood Design,10568
Scudding Cloud Hood Design,10567
Stone Garden Hood Design,10566
Winter Wolf Hood Design,10565
Ram's Patterned Hood Design,10564
Charging Buffalo Hood Design,10563
West Wind Hood Design,10562
Hunting Raptor Hood Design,10561
King of the Beast's Hood Design,10560
Vaulting Buck's Cap Design,10559
Shadowcat Hood Design,10558
Mauling Bear's Hood Design,10557
Queen's Acid-etched Cap Design,10556
Knight's Hunting Cap Design,10555
Summersun Hood Design,10554
Bard's Golden Hood Design,10553
Minstrel's Vibrating Hood Design,10552
Smiling Jester's Hood Design,10551
Colorful Feather Hood Design,10550
Hermit's Tasseled Hood Design,10549
Immortal's Dream Hood Design,10548
Mysterious Ice Flower Shoes Design,10547
Frosty Ice Flower Shoes Design,10546
Hard Ice Flower Shoes Design,10545
Tough Tiger Stripe Shoes Design,10544
Light Tiger Stripe Shoes Design,10543
Thick Tiger Stripe Shoes Design,10542
Musica Universalis Shoes Design,10541
Dawnstar Shoes Design,10540
Dancing Evenstar Shoes Design,10539
Mysterious Ice Flower Pants Design,10538
Frosty Ice Flower Pants Design,10537
Hard Ice Flower Pants Design,10536
Tough Tiger Stripe Pants Design,10535
Light Tiger Stripe Pants Design,10534
Thick Tiger Stripe Pants Design,10533
Musica Universalis Pants Design,10532
Dawnstar Pants Design,10531
Dancing Evenstar Pants Design,10530
Mysterious Ice Flower Sash Design,10529
Frosty Ice Flower Sash Design,10528
Hard Ice Flower Sash Design,10527
Tough Tiger Stripe Sash Design,10526
Light Tiger Stripe Sash Design,10525
Thick Tiger Stripe Sash Design,10524
Musica Universalis Sash Design,10523
Dawnstar Sash Design,10522
Dancing Evenstar Sash Design,10521
Mysterious Ice Flower Gloves Design,10520
Frosty Ice Flower Gloves Design,10519
Hard Ice Flower Gloves Design,10518
Tough Tiger Stripe Gloves Design,10517
Light Tiger Stripe Gloves Design,10516
Thick Tiger Stripe Gloves Design,10515
Musica Universalis Gloves Design,10514
Dawnstar Gloves Design,10513
Dancing Evenstar Gloves Design,10512
Mysterious Ice Flower Sleeves Design,10511
Frosty Ice Flower Sleeves Design,10510
Hard Ice Flower Sleeves Design,10509
Tough Tiger Stripe Sleeves Design,10508
Light Tiger Stripe Sleeves Design,10507
Thick Tiger Stripe Sleeves Design,10506
Musica Universalis Sleeves Design,10505
Dawnstar Sleeves Design,10504
Dancing Evenstar Sleeves Design,10503
Mysterious Ice Flower Shirt Design,10502
Frosty Ice Flower Shirt Design,10501
Hard Ice Flower Shirt Design,10500
Tough Tiger Stripe Shirt Design,10499
Light Tiger Stripe Coat Design,10498
Thick Tiger Stripe Shirt Design,10497
Musica Universalis Shirt Design,10496
Dawnstar Shirt Design,10495
Dancing Evenstar Shirt Design,10494
Mysterious Ice Flower Cap Design,10493
Frosty Ice Flower Cap Design,10492
Hard Ice Flower Hood Design,10491
Tough Tiger Stripe Hood Design,10490
Light Tiger Stripe Hood Design,10489
Thick Tiger Stripe Hood Design,10488
Musica Universalis Hood Design,10487
Dawnstar Hood Design,10486
Dancing Evenstar Hood Design,10485
Ice Flower Shoes Design,10484
Tiger Stripe Footwear Design,10483
Evenstar Shoes Design,10482
Ice Flower Pants Design,10481
Tiger Stripe Pants Design,10480
Evenstar Pants Design,10479
Ice Flower Sash Design,10478
Tiger Stripe Sash Design,10477
Evenstar Sash Design,10476
Ice Flower Gloves Design,10475
Tiger Stripe Gloves Design,10474
Evenstar Gloves Design,10473
Ice Flower Wristlets Design,10472
Tiger Stripe Sleeves Design,10471
Evenstar Sleeves Design,10470
Ice Flower Coat Design,10469
Tiger Stripe Shirt Design,10468
Evenstar Shirt Design,10467
Ice Flower Cap Design,10466
Tiger Stripe Hood Design,10465
Evenstar Hood Design,10464
Adventurer's Shoes Design,10463
Adventurer's Pants Design,10462
Adventurer's Sash Design,10461
Adventurer's Gloves Design,10460
Adventurer's Wristlets Design,10459
Adventurer's Shirt Design,10458
Adventurer's Hood Design,10457
Trainee's Shoes Design,10456
Trainee's Pants Design,10455
Trainee's Belt Design,10454
Trainee's Gloves Design,10453
Trainee's Wristlets Design,10452
Trainee's Shirt Design,10451
Trainee's Hood Design,10450
Alabaster Dream Design,10449
Pavitra's Boots Design,10448
Forest Moon Boots Design,10447
Aeon's Boots Design,10446
Lonely Twilight Feet Design,10445
Violet Glory Shoes Design,10444
Prospector's Wanderlust Dream Design,10443
Mare's Tail Boots Design,10442
Scoundrel's Boots Design,10441
Mourner's Gait Design,10440
Minstrel's Harmonious Boots Design,10439
Recombined Elemental's Hook Design,10438
Transformational Shoes Design,10437
Bloodmist Falcon's Talons Design,10436
Glimmering Claw Design,10435
Forgotten King's Dream Design,10434
Snowy Mountain Boots Design,10433
Burning Dream in the Dark Design,10432
Salvation Boots. Design,10431
Long Years' Claw Design,10430
Augur's Boots Design,10429
Death Claw Design,10428
Dancing Heroine's Dream Design,10427
Nameless Soul's Feet Design,10426
Cinderstone Wraith Boots Design,10425
Black Sand Boots Design,10424
Death Guide's Boots Design,10423
Alabaster Dance Design,10422
Pavitra's Breeches Design,10421
Forest Moon Breeches Design,10420
Aeon's Breeches Design,10419
Lonely Twilight Legs Design,10418
Violet Glory Pants Design,10417
Prospector's Wanderlust Dance Design,10416
Mare's Tail Breeches Design,10415
Scoundrel's Dance Design,10414
Wailer's Legs Design,10413
Minstrel's Harmonious Breeches Design,10412
Recombined Elemental's Breeches Design,10411
Transformational Pants Design,10410
Bloodmist Falcon's Breeches Design,10409
Glimmering Pants Design,10408
Forgotten King's Breeches Design,10407
Snowy Mountain Breeches Design,10406
Burning Dance in the Dark Design,10405
Salvation Breeches Design,10404
Long Years' Dance Design,10403
Inquisitor's Breeches Design,10402
Seven-legged Death Design,10401
Dancing Heroine's Shadow Design,10400
Nameless Soul's Shadow Design,10399
Cinderstone Wraith Breeches Design,10398
Black Sand Breeches Design,10397
Death Guide's Breeches Design,10396
Alabaster Longing Design,10395
Pavitra's Belt Design,10394
Forest Moon Belt Design,10393
Aeon's Belt Design,10392
Lonely Twilight Binding Design,10391
Violet Glory Sash Design,10390
Prospector's Wanderlust Belt Design,10389
Mare's Tail Belt Design,10388
Scoundrel's Belt Design,10387
Wailer's Longing Design,10386
Minstrel's Harmonious Breeches Design,10385
Recombined Elemental's Belt Design,10384
Transformational Sash Design,10383
Bloodmist Falcon's Belt Design,10382
Glimmering Sash Design,10381
Forgotten King's Belt Design,10380
Snowy Mountain Belt Design,10379
Burning Longing in the Dark Design,10378
Salvation Belt Design,10377
Long Years' Ruler Design,10376
Inquisitor's Belt Design,10375
Death's Noose. Design,10374
Cinch of the Dancing Goddess Design,10373
Nameless Soul's Threads Design,10372
Cinderstone Wraith Belt Design,10371
Black Sand Belt Design,10370
Death Guide's Belt Design,10369
Alabaster Feather Design,10368
Pavitra's Handwraps Design,10367
Forest Moon Fists Design,10366
Aeon's Fists Design,10365
Lonely Twilight Hands Design,10364
Violet Glory Gloves Design,10363
Prospector's Wanderlust Handprint Design,10362
Mare's Tail Cap Design,10361
Scoundrel's Fists Design,10360
Wailing Road Design,10359
Minstrel's Harmonious Fists Design,10358
Recombined Elemental's Fists Design,10357
Transformational Gloves Design,10356
Bloodmist Falcon's Feather Design,10355
Flashing Hands Design,10354
Forgotten King's Fists Design,10353
Snowy Mountain Fists Design,10352
Burning Hands in the Dark Design,10351
Salvation Guards Design,10350
Long Years' Handprint Design,10349
Inquisitor's Fists Design,10348
Seven-fingered Death Design,10347
Dancing Heroine's Hands Design,10346
Nameless Soul's Hands Design,10345
Cinderstone Wraith Fists Design,10344
Black Sand Fists Design,10343
Death Guide's Fists Design,10342
Alabaster Tear Design,10341
Pavitra's Cuffs Design,10340
Forest Moon Guards Design,10339
Aeon's Guards Design,10338
Lonely Twilight Regret Design,10337
Violet Glory Sleeves Design,10336
Prospector's Wanderlust Tears Design,10335
Mare's Tail Hood Design,10334
Scoundrel's Tear Design,10333
Mourner's Tear Design,10332
Melodic Guards Design,10331
Recombined Elemental's Guards Design,10330
Transformational Sleeves Design,10329
Bloodmist Falcon's Wings Design,10328
Flashing Tear Design,10327
Forgotten King's Command Design,10326
Snowy Mountain Guards Design,10325
Burning Wings in the Dark Design,10324
Salvation Guards Design,10323
Eternal Second Hand Design,10322
Inquisitor's Guards Design,10321
Death's Hold Design,10320
Dancing Heroine's Command Design,10319
Nameless Soul's Elbows Design,10318
Cinderstone Wraith Guards Design,10317
Black Sand Guards Design,10316
Death Guide's Guards Design,10315
Alabaster Smile Design,10314
Pavitra's Vest Design,10313
Forest Moon Jerkin Design,10312
Aeon's Jerkin Design,10311
Lonely Twilight Smile Design,10310
Violet Glory Shirt Design,10309
Prospector's Wanderlust Smile Design,10308
Mare's Tail Hood Design,10307
Scoundrel's Smile Design,10306
Wailing Wall Design,10305
Melodic Jerkin Design,10304
Recombined Elemental's Heart Design,10303
Transformational Shirt Design,10302
Bloodmist Falcon's Cap Design,10301
Smile of Glimmering Design,10300
Glory of the Forgotten King Design,10299
Snowy Mountain Jerkin Design,10298
Burning Smile in the Dark Design,10297
Salvation Jerkin Design,10296
Second Hand Smile Design,10295
Inquisitor's Jerkin Design,10294
Death Visit Design,10293
Dancing Heroine's Smile Design,10292
Nameless Soul's Armor Design,10291
Cinderstone Wraith Jerkin Design,10290
Black Sand Jerkin Design,10289
Death Guide's Jerkin Design,10288
Alabaster Snow Design,10287
Pavitra's Cry Design,10286
Forest Moon Cap Design,10285
Aeon's Eyes Design,10284
Hardened Dusk Design,10283
Cry of Violet Glory Design,10282
Prospector's Wanderlust Wail Design,10281
Mare's Tail Hood Design,10280
Cry of the Scoundrel Design,10279
Eyes of Wail Design,10278
Minstrel's Harmonious Cap Design,10277
Recombined Elemental's Eyes Design,10276
Transformational Blindfold Design,10275
Bloodmist Falcon's Eyes Design,10274
Flashing Light Design,10273
Cry of the Forgotten King Design,10272
Snowy Mountain Cap Design,10271
Burning Eyes in the Dark Design,10270
Queen's Windblown Hair Design,10269
Second Hand Eye Design,10268
Inquisitor's Cap Design,10267
Ears of Death Design,10266
Dancing Heroine's Wail Design,10265
Nameless Soul's Mouth Design,10264
Cinderstone Wraith Cap Design,10263
Black Sand Cap Design,10262
Death Guide's Cap Design,10261
Dusty Night Boots Design,10260
Ringed Sun Boots Design,10259
Waning Moon Boots Design,10258
Flashing Lightning Boots Design,10257
Reverberating Thunder Boots Design,10256
Seafoam Boots Design,10255
Green Mist Boots Design,10254
Smoke Wisp Boots Design,10253
Stone Chevron Boots Design,10252
Growling Wolf's Boots Design,10251
Old Ram's Boots Design,10250
Snorting Buffalo's Boots Design,10249
Whitetail Fox Boots Design,10248
Screaming Falcon's Boots Design,10247
Lion's Clawed Boots Design,10246
Stag Horn Boots Design,10245
Red Tiger Boots Design,10244
Unyielding Bear's Boots Design,10243
Majestic Gift Boots Design,10242
Knight's Lightning Boots Design,10241
Shiny Dream Boots Design,10240
Bard's Faded Boots Design,10239
Poet's Lost Boots Design,10238
Twisted Jester's Boots Design,10237
Wanderer's Splendid Boots Design,10236
Hermit's Waxed Boots Design,10235
Immortal's Rough Boots Design,10234
Dusty Night Breeches Design,10233
Ringed Sun Breeches Design,10232
Waning Moon Breeches Design,10231
Flashing Lightning Breeches Design,10230
Reverberating Thunder Breeches Design,10229
Seafoam Breeches Design,10228
Green Mist Breeches Design,10227
Smoke Wisp Breeches Design,10226
Stone Chevron Breeches Design,10225
Growling Wolf's Breeches Design,10224
Old Ram's Breeches Design,10223
Snorting Buffalo's Breeches Design,10222
Whitetail Fox Breeches Design,10221
Screaming Falcon's Breeches Design,10220
Lion's Clawed Breeches Design,10219
Stag Horn Breeches Design,10218
Red Tiger Breeches Design,10217
Unyielding Bear's Breeches Design,10216
Majestic Gift Breeches Design,10215
Knight's Lightning Breeches Design,10214
Shiny Dream Breeches Design,10213
Bard's Faded Breeches Design,10212
Poet's Lost Breeches Design,10211
Twisted Jester's Breeches Design,10210
Wanderer's Splendid Breeches Design,10209
Hermit's Waxed Breeches Design,10208
Immortal's Rough Breeches Design,10207
Dusty Night Belt Design,10206
Ringed Sun Belt Design,10205
Waning Moon Belt Design,10204
Flashing Lightning Belt Design,10203
Reverberating Thunder Belt Design,10202
Seafoam Belt Design,10201
Green Mist Belt Design,10200
Smoke Wisp Belt Design,10199
Stone Chevron Belt Design,10198
Growling Wolf's Belt Design,10197
Old Ram's Belt Design,10196
Snorting Buffalo's Belt Design,10195
Whitetail Fox Belt Design,10194
Screaming Falcon's Belt Design,10193
Lion's Clawed Belt Design,10192
Stag Horn Belt Design,10191
Red Tiger Belt Design,10190
Unyielding Bear's Belt Design,10189
Majestic Gift Belt Design,10188
Knight's Lightning Belt Design,10187
Shiny Dream Belt Design,10186
Bard's Faded Belt Design,10185
Poet's Lost Belt Design,10184
Twisted Jester's Belt Design,10183
Wanderer's Splendid Belt Design,10182
Hermit's Waxed Belt Design,10181
Immortal's Rough Belt Design,10180
Dusty Night Fists Design,10179
Ringed Sun Fists Design,10178
Waning Moon Fists Design,10177
Flashing Lightning Fists Design,10176
Reverberating Thunder Fists Design,10175
Seafoam Fists Design,10174
Green Mist Fists Design,10173
Smoke Wisp Fists Design,10172
Stone Chevron Fists Design,10171
Growling Wolf's Fists Design,10170
Old Ram's Fists Design,10169
Snorting Buffalo's Fists Design,10168
Whitetail Fox Fists Design,10167
Screaming Falcon's Fists Design,10166
Lion's Clawed Fists Design,10165
Stag Horn Fists Design,10164
Red Tiger Fists Design,10163
Unyielding Bear's Fists Design,10162
Majestic Gift Fists Design,10161
Knight's Lightning Fists Design,10160
Shiny Dream Fists Design,10159
Bard's Faded Fists Design,10158
Poet's Lost Fists Design,10157
Twisted Jester's Fists Design,10156
Wanderer's Splendid Fists Design,10155
Hermit's Waxed Fists Design,10154
Immortal's Rough Fists Design,10153
Dusty Night Guards Design,10152
Ringed Sun Guards Design,10151
Waning Moon Guards Design,10150
Flashing Lightning Guards Design,10149
Reverberating Thunder Guards Design,10148
Seafoam Guards Design,10147
Green Mist Guards Design,10146
Smoke Wisp Guards Design,10145
Stone Chevron Guards Design,10144
Growling Wolf's Guards Design,10143
Old Ram's Guards Design,10142
Snorting Buffalo's Guards Design,10141
Whitetail Fox Guards Design,10140
Screaming Falcon's Guards Design,10139
Lion's Clawed Guards Design,10138
Stag Horn Guards Design,10137
Red Tiger Guards Design,10136
Unyielding Bear's Guards Design,10135
Majestic Gift Guards Design,10134
Knight's Lightning Guards Design,10133
Shiny Dream Guards Design,10132
Bard's Faded Guards Design,10131
Poet's Lost Guards Design,10130
Twisted Jester's Guards Design,10129
Wanderer's Splendid Guards Design,10128
Hermit's Waxed Guards Design,10127
Immortal's Rough Guards Design,10126
Dusty Night Jerkin Design,10125
Ringed Sun Jerkin Design,10124
Waning Moon Jerkin Design,10123
Flashing Lightning Jerkin Design,10122
Reverberating Thunder Jerkin Design,10121
Seafoam Jerkin Design,10120
Green Mist Jerkin Design,10119
Smoke Wisp Jerkin Design,10118
Stone Chevron Jerkin Design,10117
Growling Wolf's Jerkin Design,10116
Old Ram's Jerkin Design,10115
Snorting Buffalo's Jerkin Design,10114
Whitetail Fox Jerkin Design,10113
Screaming Falcon's Jerkin Design,10112
Lion's Clawed Jerkin Design,10111
Stag Horn Jerkin Design,10110
Red Tiger Jerkin Design,10109
Unyielding Bear's Jerkin Design,10108
Majestic Gift Jerkin Design,10107
Knight's Lightning Jerkin Design,10106
Shiny Dream Jerkin Design,10105
Bard's Faded Jerkin Design,10104
Poet's Lost Jerkin Design,10103
Twisted Jester's Jerkin Design,10102
Wanderer's Splendid Jerkin Design,10101
Hermit's Waxed Jerkin Design,10100
Immortal's Rough Jerkin Design,10099
Dusty Night Cap Design,10098
Ringed Sun Cap Design,10097
Waning Moon Cap Design,10096
Flashing Lightning Cap Design,10095
Reverberating Thunder Cap Design,10094
Seafoam Cap Design,10093
Green Mist Cap Design,10092
Smoke Wisp Cap Design,10091
Stone Chevron Cap Design,10090
Growling Wolf's Cap Design,10089
Old Ram's Cap Design,10088
Snorting Buffalo's Cap Design,10087
Whitetail Fox Cap Design,10086
Screaming Falcon's Cap Design,10085
Lion's Clawed Cap Design,10084
Stag Horn Cap Design,10083
Red Tiger Cap Design,10082
Unyielding Bear's Cap Design,10081
Majestic Gift Cap Design,10080
Knight's Lightning Cap Design,10079
Shiny Dream Cap Design,10078
Bard's Faded Cap Design,10077
Poet's Lost Cap Design,10076
Twisted Jester's Cap Design,10075
Wanderer's Splendid Cap Design,10074
Hermit's Waxed Cap Design,10073
Immortal's Rough Cap Design,10072
Mysterious Whirlwind Boots Design,10071
Biting Whirlwind Boots Design,10070
Hard Whirlwind Boots Design,10069
Tough Razorbeak Boots Design,10068
Light Razorbeak Boots Design,10067
Thick Razorbeak Boots Design,10066
Singing Solar Eclipse Boots Design,10065
Dreaming Solar Eclipse Boots Design,10064
Dancing Solar Eclipse Boots Design,10063
Mysterious Whirlwind Breeches Design,10062
Biting Whirlwind Breeches Design,10061
Hard Whirlwind Breeches Design,10060
Tough Razorbeak Breeches Design,10059
Light Razorbeak Breeches Design,10058
Thick Razorbeak Breeches Design,10057
Singing Solar Eclipse Breeches Design,10056
Dreaming Solar Eclipse Breeches Design,10055
Dancing Solar Eclipse Breeches Design,10054
Mysterious Whirlwind Belt Design,10053
Biting Whirlwind Belt Design,10052
Hard Whirlwind Belt Design,10051
Tough Razorbeak Belt Design,10050
Light Razorbeak Belt Design,10049
Thick Razorbeak Belt Design,10048
Singing Solar Eclipse Belt Design,10047
Dreaming Solar Eclipse Belt Design,10046
Dancing Solar Eclipse Belt Design,10045
Mysterious Whirlwind Fists Design,10044
Biting Whirlwind Fists Design,10043
Hard Whirlwind Fists Design,10042
Tough Razorbeak Fists Design,10041
Light Razorbeak Fists Design,10040
Thick Razorbeak Fists Design,10039
Singing Solar Eclipse Fists Design,10038
Dreaming Solar Eclipse Fists Design,10037
Dancing Solar Eclipse Fists Design,10036
Mysterious Whirlwind Guards Design,10035
Biting Whirlwind Guards Design,10034
Hard Whirlwind Guards Design,10033
Tough Razorbeak Guards Design,10032
Light Razorbeak Guards Design,10031
Thick Razorbeak Guards Design,10030
Singing Solar Eclipse Guards Design,10029
Dreaming Solar Eclipse Guards Design,10028
Dancing Solar Eclipse Guards Design,10027
Mysterious Whirlwind Jerkin Design,10026
Biting Whirlwind Jerkin Design,10025
Hard Whirlwind Jerkin Design,10024
Tough Razorbeak Jerkin Design,10023
Light Razorbeak Jerkin Design,10022
Thick Razorbeak Jerkin Design,10021
Singing Solar Eclipse Jerkin Design,10020
Dreaming Eclipse Jerkin Design,10019
Dancing Eclipse Jerkin Design,10018
Mysterious Whirlwind Cap Design,10017
Biting Whirlwind Cap Design,10016
Hard Whirlwind Cap Design,10015
Tough Razorbeak Cap Design,10014
Light Razorbeak Cap Design,10013
Thick Razorbeak Cap Design,10012
Singing Solar Eclipse Cap Design,10011
Dreaming Solar Eclipse Cap Design,10010
Dancing Solar Eclipse Cap Design,10009
Whirlwind Boots Design,10008
Razorbeak Boots Design,10007
Solar Eclipse Boots Design,10006
Whirlwind Breeches Design,10005
Razorbeak Breeches Design,10004
Solar Eclipse Breeches Design,10003
Whirlwind Belt Design,10002
Razorbeak Belt Design,10001
Solar Eclipse Belt Design,10000
Whirlwind Fists Design,9999
Razorbeak Fists Design,9998
Solar Eclipse Fists Design,9997
Whirlwind Guards Design,9996
Razorbeak Guards Design,9995
Solar Eclipse Guards Design,9994
Whirlwind Jerkin Design,9993
Razorbeak Jerkin Design,9992
Solar Eclipse Jerkin Design,9991
Whirlwind Cap Design,9990
Design:Razorbeak Cap,9989
Solar Eclipse Cap Design,9988
Adventurer's Boots Design,9987
Adventurer's Breeches Design,9986
Adventurer's Belt Design,9985
Adventurer's Fists Design,9984
Adventurer's Guards Design,9983
Adventurer's Jerkin Design,9982
Adventurer's Cap Design,9981
Trainee's Boots Design,9980
Trainee's Breeches Design,9979
Trainee's Belt Design,9978
Trainee's Fists Design,9977
Trainee's Guards Design,9976
Trainee's Jerkin Design,9975
Trainee's Cap Design,9974
Steps of Darkness Design,9973
Path of Surging Heat Design,9972
Merciless Path Design,9971
Returned Steps Design,9970
End of Illion Design,9969
Path of Raging Waves Design,9968
Kick of Revenge Design,9967
Rainshower Sabatons Design,9966
Path of the Raging Storm Design,9965
Epherium Sabatons Design,9964
Meredith's Sabatons Design,9963
Path of Conquest Design,9962
Roar of Amplified Elements Design,9961
Path of the Stony King Design,9960
Charger's Sabatons Design,9959
Trace of the Tranquil Fields Design,9958
Trace of Harsh Trials Design,9957
Trace of Vehement Courage Design,9956
Sabatons of Old Memory Design,9955
Honest Tribute Sabatons Design,9954
Path of the Pioneer Design,9953
Trace of the Forgotten Sacred Relic Design,9952
Steps of Nightmares Design,9951
Steps of the Keen Angel Design,9950
Castaway Strait End Design,9949
Halcyona Gulf Light Design,9948
Hiram Sabatons Design,9947
Pulse of Darkness Design,9946
Roar of Surging Heat Design,9945
Merciless Temptation Design,9944
Returned Honor Design,9943
Record of the Illion War Design,9942
Brace of Raging Waves Design,9941
Record of Revenge Design,9940
Rainshower Greaves Design,9939
Bridge of the Raging Storm Design,9938
Epherium Greaves Design,9937
Meredith's Greaves Design,9936
Temptation of Conquest Design,9935
Roar of Amplified Elements Design,9934
Roar of the Stony King Design,9933
Charger's Greaves Design,9932
Record of the Tranquil Fields Design,9931
Roar of Harsh Trials Design,9930
Roar of Vehement Courage Design,9929
Greaves of Old Memory Design,9928
Greaves of Honest Tribute Design,9927
Record of the Pioneer Design,9926
Roar of the Forgotten Sacred Relic Design,9925
Temptation of Nightmares Design,9924
Temptation of the Keen Angel Design,9923
Castaway Strait Roar Design,9922
Halcyona Gulf Boots Design,9921
Hiram Greaves Design,9920
Tide of Nightfall Design,9919
Vestige of Surging Heat Design,9918
Merciless Vigor Design,9917
Returned Vigor Design,9916
Vigor of Illion Design,9915
Tide of Raging Waves Design,9914
Vigor of Revenge Design,9913
Tassets of Rainshowers Design,9912
Vigor of the Raging Storm Design,9911
Epherium Tassets Design,9910
Meredith's Tassets Design,9909
Vigor of Conquest Design,9908
Vigor of Amplified Elements Design,9907
Stony King's Vigor Design,9906
Charger's Gauntlets Design,9905
Tide of the Tranquil Fields Design,9904
Tide of Harsh Trials Design,9903
Strident Vigor Design,9902
Old Memory Tassets Design,9901
Honest Tribute Tassets Design,9900
Pioneer's Name Design,9899
Relic's Vigor Design,9898
Nightmare's Embrace Design,9897
Embrace of the Keen Angel Design,9896
Castaway Strait Embrace Design,9895
Halcyona Gulf Wave Design,9894
Hiram Tassets Design,9893
Grip of Nightfall Design,9892
Grip of Surging Heat Design,9891
Merciless Grip Design,9890
Returned Scream Design,9889
Grip of Illion Design,9888
Grip of Raging Waves Design,9887
Scream of Revenge Design,9886
Gauntlets of Rainshowers Design,9885
Hand of the Raging Storm Design,9884
Epherium Gauntlets Design,9883
Meredith's Gauntlets Design,9882
Scream of Conquest Design,9881
Hand of Amplified Elements Design,9880
Scream of the Stony King Design,9879
Charger's Gauntlets Design,9878
Scream of the Tranquil Fields Design,9877
Scream of Harsh Trials Design,9876
Scream of Vehement Courage Design,9875
Gauntlets of Old Memory Design,9874
Honest Tribute Gauntlets Design,9873
Hand of the Pioneer Design,9872
Lion Roar of the Forgotten Sacred Relic Design,9871
Touch of Nightmares Design,9870
Touch of the Keen Angel Design,9869
Castaway Strait Touch Design,9868
Halcyona Gulf Fists Design,9867
Hiram Gauntlets Design,9866
Mystique of Nightfall Design,9865
Lavablast Vambraces Design,9864
Merciless Power Design,9863
Returned Power Design,9862
Illion's Force Design,9861
Force of Raging Waves Design,9860
Power of Revenge Design,9859
Rainshower Vambraces Design,9858
Power of the Raging Storm Design,9857
Epherium Vambraces Design,9856
Meredith's Vambraces Design,9855
Force of Conquest Design,9854
Power of Amplified Elements Design,9853
Force of the Stony King Design,9852
Charger's Hauberk Design,9851
Mystique of the Tranquil Fields Design,9850
Mystique of Harsh Trials Design,9849
Strident Mystique Design,9848
Vambraces of Old Memory Design,9847
Honest Tribute Vambraces Design,9846
Power of the Pioneer Design,9845
Power of the Forgotten Sacred Relic Design,9844
Horrible Illusions Vambraces Design,9843
Mystique of the Keen Angel Design,9842
Castaway Strait Mystique Design,9841
Halcyona Gulf Foam Design,9840
Hiram Vambraces Design,9839
Seeking Truth of Nightfall Design,9838
Vestige of Surging Heat Design,9837
Merciless Vestige Design,9836
Returned Warrior Design,9835
Vestige of Ghostly Illion Design,9834
Suit of Raging Waves Design,9833
Incarnation of Revenge Design,9832
Showering Forest Design,9831
Vestige of the Raging Storm Design,9830
Epherium Cuirass Design,9829
Meredith's Cuirass Design,9828
Bloody Conquest Cuirass Design,9827
Vestige of Amplified Elements Design,9826
Vestige of the Stony King Design,9825
Charger's Hauberk Design,9824
Palpitation of the Tranquil Fields Design,9823
Palpitation of Harsh Trials Design,9822
Palpitation of Vehement Courage Design,9821
Cuirass of Old Memory Design,9820
Honest Tribute Cuirass Design,9819
Truth of the Pioneer Design,9818
Vestige of the Forgotten Sacred Relic Design,9817
Pounding of Nightmares Design,9816
Agony of the Keen Angel Design,9815
Castaway Strait Vestige Design,9814
Halcyona Gulf Tide Design,9813
Hiram Cuirass Design,9812
Whisper of Nightfall Design,9811
Horn of Bursting Heat Design,9810
Merciless Horn Design,9809
Returned Courage Design,9808
Illusion of Illion Design,9807
Horn of Raging Waves Design,9806
Compensation of Punishment Design,9805
Helm of Rainshowers Design,9804
Head of Raging Storm Design,9803
Epherium Helm Design,9802
Meredith's Helm Design,9801
Helm of Conquest Design,9800
Energy of Amplified Elements Design,9799
Unkind Execution Design,9798
Charger's Helm Design,9797
Sound of the Tranquil Fields Design,9796
Celerity of Harsh Trials Design,9795
Helm of Vehement Courage Design,9794
Memory of Eternity Design,9793
Honest Tribute Helm Design,9792
Tear of the Pioneer Design,9791
Apparition of the Forgotten Sacred Relic Design,9790
Whisper of Nightmares Design,9789
Breath of the Keen Angel Design,9788
Castaway Strait Shout Design,9787
Halcyona Gulf Cap Design,9786
Hiram Helm Design,9785
Desert Sand Sabatons of Night Design,9784
Blazing Sun Sabatons Design,9783
Waxing Moon Sabatons Design,9782
Lightning Bolt Sabatons Design,9781
Thunderstorm Sabatons Design,9780
Churning Whirlpool Sabatons Design,9779
Meadow's Mist Sabatons Design,9778
Raincloud Sabatons Design,9777
Stone Rosette Sabatons Design,9776
Venomous Wolf Sabatons Design,9775
Ram's Heavy Sabatons Design,9774
Auroch's Sabatons Design,9773
Hellhound Sabatons Design,9772
Warhawk Sabatons Design,9771
Honorable Lion Sabatons Design,9770
Exquisite Stag Sabatons Design,9769
Thick Tigerskin Sabatons Design,9768
Crude Bearskin Sabatons Design,9767
Queen's Shadow Sabatons Design,9766
Knight's Quill Sabatons Design,9765
Golden Sabatons of Dreams Design,9764
Bard's Seafoam Sabatons Design,9763
Musician's Earthen Sabatons Design,9762
Skeleton Sabatons of the Jester Design,9761
Wanderer's Sabatons Design,9760
Hermit's Scale Sabatons Design,9759
Immortal's Chain Sabatons Design,9758
Nightmare Sandstorm Greaves Design,9757
Blazing Sun Greaves Design,9756
Waxing Moon Greaves Design,9755
Lightning Bolt Greaves Design,9754
Thunderstorm Greaves Design,9753
Churning Whirlpool Greaves Design,9752
Meadow's Mist Gauntlets Design,9751
Raincloud Greaves Design,9750
Stone Rosette Greaves Design,9749
Venomous Wolf Greaves Design,9748
Ram's Heavy Greaves Design,9747
Auroch's Greaves Design,9746
Hellhound Greaves Design,9745
Warhawk Greaves Design,9744
Honorable Lion Greaves Design,9743
Exquisite Stag Greaves Design,9742
Thick Tigerskin Greaves Design,9741
Crude Bearskin Greaves Design,9740
Queen's Shadow Greaves Design,9739
Knight's Quill Greaves Design,9738
Golden Greaves of Dreams Design,9737
Bard's Seafoam Greaves Design,9736
Musician's Earthen Greaves Design,9735
Jester's Skeleton Greaves Design,9734
Wanderer's Greaves Design,9733
Hermit's Scale Greaves Design,9732
Immortal's Chain Greaves Design,9731
Desert Sand Tassets of Night Design,9730
Blazing Sun Tassets Design,9729
Waxing Moon Tassets Design,9728
Lightning Bolt Tassets Design,9727
Thunderstorm Tassets Design,9726
Churning Whirlpool Tassets Design,9725
Meadow's Mist Tassets Design,9724
Raincloud Tassets Design,9723
Stone Rosette Tassets Design,9722
Venomous Wolf Tassets Design,9721
Ram's Heavy Tassets Design,9720
Auroch's Tassets Design,9719
Hellhound Tassets Design,9718
Warhawk Tassets Design,9717
Honorable Lion Tassets Design,9716
Exquisite Stag Tassets Design,9715
Thick Tigerskin Tassets Design,9714
Crude Bearskin Tassets Design,9713
Queen's Shadow Tassets Design,9712
Knight's Quill Tassets Design,9711
Golden Tassets of Dreams Design,9710
Bard's Seafoam Tassets Design,9709
Musician's Earthen Tassets Design,9708
Skeleton Tassets of the Jester Design,9707
Wanderer's Tassets Design,9706
Hermit's Scale Tassets Design,9705
Immortal's Chain Tassets Design,9704
Desert Sand Gauntlets of Night Design,9703
Blazing Sun Gauntlets Design,9702
Waxing Moon Gauntlets Design,9701
Lightning Bolt Gauntlets Design,9700
Thunderstorm Gauntlets Design,9699
Churning Whirlpool Gauntlets Design,9698
Meadow's Mist Gauntlets Design,9697
Raincloud Gauntlets Design,9696
Stone Rosette Gauntlets Design,9695
Venomous Wolf Gauntlets Design,9694
Ram's Heavy Gauntlets Design,9693
Auroch's Gauntlets Design,9692
Hellhound Gauntlets Design,9691
Warhawk Gauntlets Design,9690
Honorable Lion Gauntlets Design,9689
Exquisite Stag Gauntlets Design,9688
Thick Tigerskin Gauntlets Design,9687
Crude Bearskin Gauntlets Design,9686
Queen's Shadow Gauntlets Design,9685
Knight's Quill Gauntlets Design,9684
Golden Gauntlets of Dreams Design,9683
Bard's Seafoam Gauntlets Design,9682
Musician's Earthen Gauntlets Design,9681
Skeleton Gauntlets of the Jester Design,9680
Wanderer's Gauntlets Design,9679
Hermit's Scale Gauntlets Design,9678
Immortal's Chain Gauntlets Design,9677
Nightmare Sandstorm Vambraces Design,9676
Blazing Sun Vambraces Design,9675
Waxing Moon Vambraces Design,9674
Lightning Bolt Vambraces Design,9673
Thunderstorm Vambraces. Design,9672
Churning Whirlpool Vambraces Design,9671
Meadow's Mist Vambraces Design,9670
Raincloud Vambraces Design,9669
Stone Rosette Vambraces Design,9668
Venomous Wolf Vambraces Design,9667
Ram's Heavy Vambraces Design,9666
Auroch's Vambraces Design,9665
Hellhound Vambraces Design,9664
Warhawk Vambraces Design,9663
Honorable Lion Vambraces Design,9662
Exquisite Vambraces of the Stag Design,9661
Pouncing Tiger Vambraces Design,9660
Crude Vambraces of the Bear Design,9659
Queen's Shadow Vambraces Design,9658
Knight's Quill Vambraces Design,9657
Golden Vambraces of Dreams Design,9656
Bard's Seafoam Vambraces Design,9655
Musician's Earthen Vambraces Design,9654
Jester's Skeleton Vambraces Design,9653
Wanderer's Vambraces Design,9652
Hermit's Scale Vambraces Design,9651
Immortal's Chain Vambraces Design,9650
Nightmare Sandstorm Cuirass Design,9649
Blazing Sun Cuirass Design,9648
Waxing Moon Cuirass Design,9647
Lightning Bolt Cuirass Design,9646
Thunderstorm Cuirass Design,9645
Churning Whirlpool Cuirass Design,9644
Meadow's Mist Cuirass Design,9643
Raincloud Cuirass Design,9642
Stone Rosette Cuirass Design,9641
Venomous Wolf Cuirass Design,9640
Ram's Heavy Cuirass Design,9639
Auroch's Cuirass Design,9638
Hellhound Cuirass Design,9637
Warhawk Cuirass Design,9636
Honorable Lion Cuirass Design,9635
Exquisite Stag Hauberk Design,9634
Pouncing Tiger Cuirass Design,9633
Crude Bearskin Hauberk Design,9632
Queen's Shadow Cuirass Design,9631
Knight's Quill Cuirass Design,9630
Golden Cuirass of Dreams Design,9629
Bard's Seafoam Cuirass Design,9628
Musician's Earthen Cuirass Design,9627
Skeleton Cuirass of the Jester Design,9626
Wanderer's Cuirass Design,9625
Hermit's Scale Cuirass Design,9624
Immortal's Chain Hauberk Design,9623
Desert Sand Helm of Night Design,9622
Blazing Sun Helm Design,9621
Waxing Moon Helm Design,9620
Lightning Bolt Helm Design,9619
Thunderstorm Helm Design,9618
Churning Whirlpool Helm Design,9617
Meadow's Mist Helm Design,9616
Raincloud Helm Design,9615
Stone Rosette Helm Design,9614
Venomous Wolf Helm Design,9613
Ram's Heavy Helm Design,9612
Auroch's Helm Design,9611
Hellhound Helm Design,9610
Warhawk Helm Design,9609
Honorable Lion Helm Design,9608
Exquisite Stag Helm Design,9607
Pouncing Tiger Helm Design,9606
Crude Helm of the Bear Design,9605
Queen's Shadow Helm Design,9604
Knight's Quill Helm Design,9603
Golden Helm of Dreams Design,9602
Bard's Seafoam Helm Design,9601
Musician's Earthen Helm Design,9600
Jester's Skeleton Helm Design,9599
Wanderer's Helm Design,9598
Hermit's Scale Helm Design,9597
Immortal's Chain Coif Design,9596
Mysterious Gray Blade Sabatons Design,9595
Biting Gray Blade Sabatons Design,9594
Hard Gray Blade Sabatons Design,9593
Tough Skyfin Scale Sabatons Design,9592
Light Skyfin Scale Sabatons Design,9591
Thick Skyfin Scale Sabatons Design,9590
Singing Coral Sabatons Design,9589
Dreaming Coral Sabatons Design,9588
Dancing Coral Sabatons Design,9587
Mysterious Gray Blade Greaves Design,9586
Biting Gray Blade Greaves Design,9585
Hard Gray Blade Greaves Design,9584
Tough Skyfin Scale Greaves Design,9583
Light Skyfin Scale Greaves Design,9582
Thick Skyfin Scale Greaves Design,9581
Singing Coral Greaves Design,9580
Dreaming Coral Greaves Design,9579
Dancing Coral Greaves Design,9578
Mysterious Gray Blade Tassets Design,9577
Biting Gray Blade Tassets Design,9576
Hard Gray Blade Tassets Design,9575
Tough Skyfin Scale Tassets Design,9574
Light Skyfin Scale Tassets Design,9573
Thick Skyfin Scale Tassets Design,9572
Singing Coral Tassets Design,9571
Dreaming Coral Tassets Design,9570
Dancing Coral Tassets Design,9569
Mysterious Gray Blade Gauntlets Design,9568
Biting Gray Blade Gauntlets Design,9567
Hard Gray Blade Gauntlets Design,9566
Tough Skyfin Scale Gauntlets Design,9565
Light Skyfin Scale Gauntlets Design,9564
Thick Skyfin Scale Gauntlets Design,9563
Singing Coral Gauntlets Design,9562
Dreaming Coral Gauntlets Design,9561
Dancing Coral Gauntlets Design,9560
Mysterious Gray Blade Vambraces Design,9559
Biting Gray Blade Vambraces Design,9558
Hard Gray Blade Vambraces Design,9557
Tough Skyfin Scale Vambraces Design,9556
Light Skyfin Scale Vambraces Design,9555
Thick Skyfin Scale Vambraces Design,9554
Singing Coral Vambraces Design,9553
Dreaming Coral Vambraces Design,9552
Dancing Coral Vambraces Design,9551
Mysterious Gray Blade Cuirass Design,9550
Biting Gray Blade Cuirass Design,9549
Hard Gray Blade Cuirass Design,9548
Tough Skyfin Scale Cuirass Design,9547
Light Skyfin Scale Cuirass Design,9546
Thick Skyfin Scale Cuirass Design,9545
Singing Coral Cuirass Design,9544
Dreaming Coral Cuirass Design,9543
Dancing Coral Cuirass Design,9542
Mysterious Gray Blade Helm Design,9541
Biting Gray Blade Helm Design,9540
Hard Gray Blade Helm Design,9539
Tough Skyfin Scale Helm Design,9538
Light Skyfin Scale Helm Design,9537
Thick Skyfin Scale Helm Design,9536
Singing Coral Helm Design,9535
Dreaming Coral Helm Design,9534
Dancing Coral Helm Design,9533
Gray Blade Sabatons Design,9532
Skyfin Scale Sabatons Design,9531
Coral Sabatons Design,9530
Gray Blade Greaves Design,9529
Skyfin Scale Greaves Design,9528
Coral Greaves Design,9527
Gray Blade Tassets Design,9526
Skyfin Scale Tassets Design,9525
Coral Tassets Design,9524
Gray Blade Gauntlets Design,9523
Skyfin Scale Gauntlets Design,9522
Coral Gauntlets Design,9521
Gray Blade Vambraces Design,9520
Skyfin Scale Vambraces Design,9519
Coral Vambraces Design,9518
Gray Blade Cuirass Design,9517
Skyfin Scale Cuirass Design,9516
Coral Cuirass Design,9515
Gray Blade Helm Design,9514
Skyfin Scale Helm Design,9513
Coral Helm Design,9512
Adventurer's Sabatons Design,9511
Adventurer's Greaves Design,9510
Adventurer's Tassets Design,9509
Adventurer's Gauntlets Design,9508
Adventurer's Vambraces Design,9507
Adventurer's Cuirass Design,9506
Adventurer's Helm Design,9505
Trainee's Sabatons Design,9504
Trainee's Greaves Design,9503
Trainee's Tassets Design,9502
Trainee's Gauntlets Design,9501
Trainee's Vambraces Design,9500
Trainee's Cuirass Design,9499
Trainee's Helm Design,9498
Harmonious Consonance of Wrath Design,9497
Harmonious Consonance of Patience Design,9496
Harmonious Consonance of Fate Design,9495
Complex Beat of Annihilation Design,9494
Detailed Dashing Drumset Design,9493
Complex Beat of Fortitude Design,9492
Biting Fingers of Resistance Design,9491
Biting Fingers of Battle Design,9490
Biting Fingers of Conviction Design,9489
Consonance of Wrath Design,9488
Consonance of Patience Design,9487
Consonance of Fate Design,9486
Beat of Annihilation Design,9485
Dashing Drumset Design,9484
Beat of Fortitude Design,9483
Fingers of Resistance Design,9482
Fingers of Battle Design,9481
Fingers of Conviction Design,9480
Solid Gweonid Drum Design,9479
Honed Gweonid Drum Design,9478
Sturdy Gweonid Drum Design,9477
Gweonid Drum Design,9476
Adventurer's Drum Design,9475
Trainee's Drum Design,9474
Blue Note of Sacrifice Design,9473
Blue Note of Chaos Design,9472
Blue Note of Screams Design,9471
Complex Cadence of Temptation Design,9470
Complex Cadence of Confusion Design,9469
Complex Cadence of Death Design,9468
Towering Final Resonance Design,9467
Towering Resonance of Bliss Design,9466
Towering Resonance of Destruction Design,9465
Note of Sacrifice Design,9464
Note of Chaos Design,9463
Note of Screams Design,9462
Cadence of Temptation Design,9461
Cadence of Confusion Design,9460
Death March Design,9459
Final Resonance Design,9458
Resonance of Bliss Design,9457
Resonance of Destruction Design,9456
Solid Gweonid Flute Design,9455
Honed Gweonid Flute Design,9454
Sturdy Gweonid Flute Design,9453
Gweonid Flute Design,9452
Adventurer's Flute Design,9451
Trainee's Flute Design,9450
Greater Tremor of Chains Design,9449
Greater Tremor of Subjugation Design,9448
Greater Tremor of Pain Design,9447
Joyous Melody of Punishment Design,9446
Joyous Melody of Determination Design,9445
Joyous Melody of Nature Design,9444
Trembling Melody of the Underworld Design,9443
Trembling Melody of the Abyss Design,9442
Trembling Melody of Succession Design,9441
Tremor of Chains Design,9440
Tremor of Subjugation Design,9439
Tremor of Pain Design,9438
Melody of Punishment Design,9437
Melody of Determination Design,9436
Melody of Nature Design,9435
Melody of the Underworld Design,9434
Melody of the Abyss Design,9433
Melody of Succession Design,9432
Solid Gweonid Lute Design,9431
Honed Gweonid Lute Design,9430
Sturdy Gweonid Lute Design,9429
Gweonid Lute Design,9428
Adventurer's Lute Design,9427
Trainee's Lute Design,9426
Eternal Time of Patience Design,9425
Eternal Time of Oblivion Design,9424
Eternal Time of Regeneration Design,9423
Resounding Blow of Conflict Design,9422
Resounding Blow of Terror Design,9421
Resounding Blow of Lethality Design,9420
Old Crest of Will Design,9419
Old Crest of Chaos Design,9418
Old Crest of Bloodfeuds Design,9417
Time of Patience Design,9416
Time of Oblivion Design,9415
Time of Regeneration Design,9414
Blow of Conflict Design,9413
Blow of Terror Design,9412
Blow of Lethality Design,9411
Crest of Will Design,9410
Crest of Chaos Design,9409
Crest of Bloodfeuds Design,9408
Solid Gweonid Shield Design,9407
Honed Gweonid Shield Design,9406
Sturdy Gweonid Shield Design,9405
Gweonid Shield Design,9404
Adventurer's Shield Design,9403
Trainee's Shield Design,9402
Cold Shot of Patience Design,9401
Cold Shot of Fate Design,9400
Cold Shot of Resistance Design,9399
Sharp Poison Fang of Dissention Design,9398
Sharp Poison Fang of Anger Design,9397
Sharp Poison Fang of Doom Design,9396
Strong Wedge of Fortitude Design,9395
Strong Wedge of Oblivion Design,9394
Strong Wedge of Will Design,9393
Shot of Patience Design,9392
Shot of Fate Design,9391
Shot of Resistance Design,9390
Poison Fang of Dissention Design,9389
Poison Fang of Anger Design,9388
Poison Fang of Doom Design,9387
Wedge of Fortitude Design,9386
Wedge of Oblivion Design,9385
Wedge of Will Design,9384
Solid Gweonid Bow Design,9383
Honed Gweonid Bow Design,9382
Sturdy Gweonid Bow Design,9381
Gweonid Bow Design,9380
Adventurer's Bow Design,9379
Trainee's Bow Design,9378
Cheerful Mage of Patience Design,9377
Cheerful Mage of Fate Design,9376
Cheerful Mage of Battle Design,9375
Eternal Mirage of Domination Design,9374
Eternal Mirage of Destruction Design,9373
Eternal Mirage of Hostility Design,9372
Shining Luster of Will Design,9371
Shining Luster of Oblivion Design,9370
Shining Luster of Fortitude Design,9369
Mage of Patience Design,9368
Mage of Fate Design,9367
Mage of Battle Design,9366
Mirage of Domination Design,9365
Mirage of Destruction Design,9364
Mirage of Hostility Design,9363
Luster of Will Design,9362
Luster of Oblivion Design,9361
Luster of Fortitude Design,9360
Solid Gweonid Staff Design,9359
Honed Gweonid Staff Design,9358
Sturdy Gweonid Staff Design,9357
Gweonid Staff Design,9356
Adventurer's Staff Design,9355
Trainee's Staff Design,9354
Shining Barrier of Patience Design,9353
Shining Barrier of War Design,9352
Shining Barrier of Wrath Design,9351
Beckoning Demon of Domination Design,9350
Beckoning Demon of Destruction Design,9349
Beckoning Demon of Conflict Design,9348
Singing Nymph of Doom Design,9347
Singing Nymph of Oblivion Design,9346
Singing Nymph of Fortitude Design,9345
Barrier of Patience Design,9344
Barrier of War Design,9343
Barrier of Wrath Design,9342
Demon of Domination Design,9341
Demon of Destruction Design,9340
Demon of Conflict Design,9339
Nymph of Doom Design,9338
Nymph of Oblivion Design,9337
Nymph of Fortitude Design,9336
Solid Gweonid Scepter Design,9335
Honed Gweonid Scepter Design,9334
Sturdy Gweonid Scepter Design,9333
Gweonid Scepter Design,9332
Adventurer's Scepter Design,9331
Trainee's Scepter Design,9330
Cruel Poison Fang of Tenacity Design,9329
Cruel Poison Fang of Agony Design,9328
Cruel Poison Fang of Nightfall Design,9327
Rare Final Horn Design,9326
Rare Horn of Terror Design,9325
Rare Horn of Destruction Design,9324
Sharpened Sawtooth of Fortitude Design,9323
Sharpened Sawtooth of Regeneration Design,9322
Sharpened Sawtooth of Succession Design,9321
Poison Fang of Tenacity Design,9320
Poison Fang of Agony Design,9319
Poison Fang of Nightfall Design,9318
Final Horn Design,9317
Horn of Terror Design,9316
Horn of Destruction Design,9315
Sawtooth of Fortitude Design,9314
Sawtooth of Regeneration Design,9313
Sawtooth of Succession Design,9312
Solid Gweonid Greataxe Design,9311
Honed Gweonid Greataxe Design,9310
Sturdy Gweonid Greataxe Design,9309
Gweonid Greataxe Design,9308
Adventurer's Greataxe Design,9307
Trainee's Greataxe Design,9306
Twisted Heaven Dragonscale Design,9305
Twisted Fate Dragonscale Design,9304
Twisted Oblivion Dragonscale Design,9303
Fierce Orc Lord of Will Design,9302
Fierce Orc Lord of Blessings Design,9301
Fierce Orc Lord of Patience Design,9300
Azure Lizard Head of Wit Design,9299
Azure Lizard Head of Fortune Design,9298
Azure Lizard Head of Fleetness Design,9297
Red Vampire of Wrath Design,9296
Red Vampire of Delight Design,9295
Red Vampire of Doom Design,9294
Ghastly Hook of Annihilation Design,9293
Ghastly Hook of Celerity Design,9292
Ghastly Hook of Fortitude Design,9291
Hard Beak of Resistance Design,9290
Hard Beak of Battle Design,9289
Hard Beak of Conviction Design,9288
Ruthless Ghoul Hand of Brawling Design,9287
Ruthless Ghoul Hand of War Design,9286
Ruthless Ghoul Hand of Doom Design,9285
Sharp Fang of Chaos Design,9284
Sharp Fang of Bloodfeuds Design,9283
Sharp Fang of Battle Design,9282
Large Eagle Claw of Havoc Design,9281
Large Eagle Claw of Fortitude Design,9280
Large Eagle Claw of Regeneration Design,9279
Old Wolf Bone of Dissention Design,9278
Old Wolf Bone of Anger Design,9277
Old Wolf Bone of Doom Design,9276
Howling Beast of Domination Design,9275
Howling Beast of Destruction Design,9274
Howling Beast of Hostility Design,9273
Dazzling Mane of Conflict Design,9272
Dazzling Mane of Terror Design,9271
Dazzling Mane of Lethality Design,9270
Heaven Dragonscale Design,9269
Fate Dragonscale Design,9268
Oblivion Dragonscale Design,9267
Orc Lord of Will Design,9266
Orc Lord of Blessings Design,9265
Orc Lord of Patience Design,9264
Lizard Head of Wit Design,9263
Lizard Head of Fortune Design,9262
Lizard Head of Fleetness Design,9261
Vampire of Wrath Design,9260
Vampire of Delight Design,9259
Vampire of Doom Design,9258
Hook of Annihilation Design,9257
Hook of Celerity Design,9256
Hook of Fortitude Design,9255
Beak of Resistance Design,9254
Beak of Battle Design,9253
Beak of Conviction Design,9252
Ghoul Hand of Brawling Design,9251
Ghoul Hand of War Design,9250
Ghoul Hand of Doom Design,9249
Fang of Chaos Design,9248
Fang of Bloodfeuds Design,9247
Fang of Battle Design,9246
Eagle Claw of Havoc Design,9245
Eagle Claw of Fortitude Design,9244
Eagle Claw of Regeneration Design,9243
Wolf Bone of Dissention Design,9242
Wolf Bone of Anger Design,9241
Wolf Bone of Doom Design,9240
Beast of Domination Design,9239
Beast of Destruction Design,9238
Beast of Hostility Design,9237
Mane of Conflict Design,9236
Mane of Terror Design,9235
Mane of Lethality Design,9234
Sacred Eznan Axe Design,9233
Tempered Eznan Axe Design,9232
Lithe Eznan Axe Design,9231
Sublime Lilyut Axe Design,9230
Noble Lilyut Axe Design,9229
Exquisite Lilyut Axe Design,9228
Solid Gweonid Axe Design,9227
Honed Gweonid Axe Design,9226
Sturdy Gweonid Axe Design,9225
Keen Solzreed Axe Design,9224
Elegant Solzreed Axe Design,9223
Nimble Solzreed Axe Design,9222
Eznan Axe Design,9221
Lilyut Axe Design,9220
Gweonid Axe Design,9219
Solzreed Axe Design,9218
Adventurer's Axe Design,9217
Trainee's Axe Design,9216
Weighty Frost of Chains Design,9215
Weighty Frost of Subjugation Design,9214
Weighty Frost of Pain Design,9213
Frozen Waterfall of Punishment Design,9212
Frozen Waterfall of Determination Design,9211
Frozen Waterfall of Nature Design,9210
Meandering Mountain of the Underworld Design,9209
Meandering Mountain of the Abyss Design,9208
Meandering Mountain of Salvation Design,9207
Frost of Chains Design,9206
Frost of Subjugation Design,9205
Frost of Pain Design,9204
Waterfall of Punishment Design,9203
Waterfall of Determination Design,9202
Waterfall of Nature Design,9201
Mountain of the Underworld Design,9200
Mountain of the Abyss Design,9199
Mountain of Salvation Design,9198
Solid Gweonid Greatclub Design,9197
Honed Gweonid Greatclub Design,9196
Sturdy Gweonid Greatclub Design,9195
Gweonid Greatclub Design,9194
Adventurer's Greatclub Design,9193
Trainee's Greatclub Design,9192
Winged Cloud of Deep Pain Design,9191
Winged Cloud of Deep Torment Design,9190
Winged Cloud of Deep Nightfall Design,9189
Golden Rainbow of Succession Design,9188
Golden Rainbow of Determination Design,9187
Golden Rainbow of Harmony Design,9186
Surging Vortex of Delirium Design,9185
Surging Vortex of Madness Design,9184
Surging Vortex of Haste Design,9183
Biting Mistral of Resistance Design,9182
Biting Mistral of Solidarity Design,9181
Biting Mistral of Glory Design,9180
Unstoppable Lightning of Apparitions Design,9179
Unstoppable Lightning of Celerity Design,9178
Unstoppable Lightning of Tenacity Design,9177
Deepening Mist of Penance Design,9176
Deepening Mist of Shackles Design,9175
Deepening Mist of Pain Design,9174
Deepening Dusk of Chains Design,9173
Deepening Dusk of Subjugation Design,9172
Deepening Dusk of Pain Design,9171
Rising Dawn of Chastisement Design,9170
Rising Dawn of Determination Design,9169
Rising Dawn of Nature Design,9168
Vast Plateau of the Underworld Design,9167
Vast Plateau of the Abyss Design,9166
Vast Plateau of Salvation Design,9165
Searing Rain of Sacrifice Design,9164
Searing Rain of Chaos Design,9163
Searing Rain of Screams Design,9162
Surging Wave of Temptation Design,9161
Surging Wave of Confusion Design,9160
Surging Wave of Death Design,9159
Final Growing Waterspout Design,9158
Growing Waterspout of Bliss Design,9157
Growing Waterspout of Destruction Design,9156
Winged Cloud of Pain Design,9155
Winged Cloud of Agony Design,9154
Winged Cloud of Nightfall Design,9153
Rainbow of Succession Design,9152
Rainbow of Determination Design,9151
Rainbow of Harmony Design,9150
Vortex of Delirium Design,9149
Vortex of Madness Design,9148
Vortex of Haste Design,9147
Mistral of Resistance Design,9146
Mistral of Solidarity Design,9145
Mistral of Glory Design,9144
Lightning of Apparitions Design,9143
Lightning of Celerity Design,9142
Lightning of Tenacity Design,9141
Mist of Penance Design,9140
Mist of Shackles Design,9139
Mist of Pain Design,9138
Dusk of Chains Design,9137
Dusk of Subjugation Design,9136
Dusk of Pain Design,9135
Dawn of Punishment Design,9134
Dawn of Determination Design,9133
Dawn of Nature Design,9132
Plateau of the Underworld Design,9131
Plateau of the Abyss Design,9130
Plateau of Salvation Design,9129
Rain of Sacrifice Design,9128
Rain of Chaos Design,9127
Rain of Screams Design,9126
Wave of Temptation Design,9125
Wave of Confusion Design,9124
Death Wave Design,9123
Final Waterspout Design,9122
Waterspout of Bliss Design,9121
Waterspout of Destruction Design,9120
Sacred Eznan Club Design,9119
Tempered Eznan Club Design,9118
Lithe Eznan Club Design,9117
Sublime Lilyut Club Design,9116
Noble Lilyut Club Design,9115
Exquisite Lilyut Club Design,9114
Solid Gweonid Club Design,9113
Honed Gweonid Club Design,9112
Sturdy Gweonid Club Design,9111
Keen Solzreed Club Design,9110
Elegant Solzreed Club Design,9109
Nimble Solzreed Club Design,9108
Eznan Club Design,9107
Lilyut Club Design,9106
Gweonid Club Design,9105
Solzreed Club Design,9104
Adventurer's Club Design,9103
Trainee's Club Design,9102
Old Record of Chains Design,9101
Old Record of Subjugation Design,9100
Old Record of Pain Design,9099
Brilliant Legacy of Punishment Design,9098
Brilliant Legacy of Determination Design,9097
Brilliant Legacy of Nature Design,9096
Renowned Oracle of the Underworld Design,9095
Renowned Oracle of the Abyss Design,9094
Renowned Oracle of Salvation Design,9093
Record of Chains Design,9092
Record of Subjugation Design,9091
Record of Pain Design,9090
Legacy of Punishment Design,9089
Legacy of Determination Design,9088
Legacy of Nature Design,9087
Oracle of the Underworld Design,9086
Oracle of the Abyss Design,9085
Oracle of Salvation Design,9084
Solid Gweonid Longspear Design,9083
Honed Gweonid Longspear Design,9082
Sturdy Gweonid Longspear Design,9081
Gweonid Longspear Design,9080
Adventurer's Longspear Design,9079
Trainee's Longspear Design,9078
Honest Execution of Pain Design,9077
Honest Execution of Agony Design,9076
Honest Execution of Nightfall Design,9075
Valiant Vanguard of Succession Design,9074
Valiant Vanguard of Determination Design,9073
Valiant Vanguard of Harmony Design,9072
Arcane Revelation of Delirium Design,9071
Arcane Revelation of Madness Design,9070
Arcane Revelation of Haste Design,9069
Bitter Masque of Resistance Design,9068
Bitter Masque of Solidarity Design,9067
Bitter Masque of Glory Design,9066
Unyielding Shout of Apparitions Design,9065
Unyielding Shout of Celerity Design,9064
Unyielding Shout of Tenacity Design,9063
Reverberating Cry of Penance Design,9062
Reverberating Cry of Shackles Design,9061
Reverberating Cry of Pain Design,9060
Costly Offering of Chains Design,9059
Costly Offering of Subjugation Design,9058
Costly Offering of Pain Design,9057
Beating Hunt of Punishment Design,9056
Beating Hunt of Determination Design,9055
Beating Hunt of Nature Design,9054
Silent Claw of the Underworld Design,9053
Silent Claw of the Abyss Design,9052
Silent Claw of Salvation Design,9051
Surging Vigor of Sacrifice Design,9050
Surging Vigor of Chaos Design,9049
Surging Vigor of Screams Design,9048
Hard Restriction of Temptation Design,9047
Hard Restriction of Confusion Design,9046
Hard Crippling Mire Design,9045
Unsealed Final Spell Design,9044
Unsealed Spell of Bliss Design,9043
Unsealed Spell of Destruction Design,9042
Execution of Pain Design,9041
Execution of Agony Design,9040
Execution of Nightfall Design,9039
Vanguard of Succession Design,9038
Vanguard of Determination Design,9037
Vanguard of Harmony Design,9036
Revelation of Delirium Design,9035
Revelation of Madness Design,9034
Revelation of Haste Design,9033
Masque of Resistance Design,9032
Masque of Solidarity Design,9031
Masque of Glory Design,9030
Shout of Apparitions Design,9029
Shout of Celerity Design,9028
Shout of Tenacity Design,9027
Cry of Penance Design,9026
Cry of Shackles Design,9025
Cry of Pain Design,9024
Offering of Chains Design,9023
Offering of Subjugation Design,9022
Offering of Pain Design,9021
Hunt of Punishment Design,9020
Hunt of Determination Design,9019
Hunt of Nature Design,9018
Claw of the Underworld Design,9017
Claw of the Abyss Design,9016
Claw of Salvation Design,9015
Vigor of Sacrifice Design,9014
Vigor of Chaos Design,9013
Vigor of Screams Design,9012
Restriction of Temptation Design,9011
Restriction of Confusion Design,9010
Crippling Mire Design,9009
Final Spell Design,9008
Spell of Bliss Design,9007
Spell of Destruction Design,9006
Sacred Eznan Shortspear Design,9005
Tempered Eznan Shortspear Design,9004
Lithe Eznan Shortspear Design,9003
Sublime Lilyut Shortspear Design,9002
Noble Lilyut Shortspear Design,9001
Exquisite Lilyut Shortspear Design,9000
Solid Gweonid Shortspear Design,8999
Honed Gweonid Shortspear Design,8998
Sturdy Gweonid Shortspear Design,8997
Keen Solzreed Shortspear Design,8996
Elegant Solzreed Shortspear Design,8995
Nimble Solzreed Shortspear Design,8994
Eznan Shortspear Design,8993
Lilyut Shortspear Design,8992
Gweonid Shortspear Design,8991
Solzreed Shortspear Design,8990
Adventurer's Shortspear Design,8989
Trainee's Shortspear Design,8988
Determined Watcher of Resistance Design,8987
Determined Watcher of Solidarity Design,8986
Determined Watcher of Glory Design,8985
Merciless Cutter of Apparitions Design,8984
Merciless Cutter of Celerity Design,8983
Merciless Cutter of Tenacity Design,8982
Beautiful Goddess of Penance Design,8981
Beautiful Goddess of Shackles Design,8980
Beautiful Goddess of Pain Design,8979
Cruel Champion of Chains Design,8978
Cruel Champion of Subjugation Design,8977
Cruel Champion of Pain Design,8976
Old Tyrant of Punishment Design,8975
Old Tyrant of Determination Design,8974
Old Tyrant of Nature Design,8973
New Lord of the Underworld Design,8972
New Lord of the Abyss Design,8971
New Lord of Salvation Design,8970
Lingering Warrior of Sacrifice Design,8969
Lingering Warrior of Chaos Design,8968
Lingering Warrior of Screams Design,8967
Alluring Queen of Temptation Design,8966
Alluring Queen of Confusion Design,8965
Alluring Queen of Death Design,8964
Terrifying Final Slayer Design,8963
Terrifying Slayer of Bliss Design,8962
Terrifying Slayer of Destruction Design,8961
Watcher of Resistance Design,8960
Watcher of Solidarity Design,8959
Watcher of Glory Design,8958
Cutter of Apparitions Design,8957
Cutter of Celerity Design,8956
Cutter of Tenacity Design,8955
Goddess of Penance Design,8954
Goddess of Shackles Design,8953
Goddess of Pain Design,8952
Champion of Chains Design,8951
Champion of Subjugation Design,8950
Champion of Pain Design,8949
Tyrant of Punishment Design,8948
Tyrant of Determination Design,8947
Tyrant of Nature Design,8946
Lord of the Underworld Design,8945
Lord of the Abyss Design,8944
Lord of Salvation Design,8943
Warrior of Sacrifice Design,8942
Warrior of Chaos Design,8941
Warrior of Screams Design,8940
Queen of Temptation Design,8939
Queen of Confusion Design,8938
Queen of Death Design,8937
Final Slayer Design,8936
Slayer of Bliss Design,8935
Slayer of Destruction Design,8934
Sublime Lilyut Greatsword Design,8933
Noble Lilyut Greatsword Design,8932
Exquisite Lilyut Greatsword Design,8931
Solid Gweonid Greatsword Design,8930
Honed Gweonid Greatsword Design,8929
Sturdy Gweonid Greatsword Design,8928
Keen Solzreed Greatsword Design,8927
Elegant Solzreed Greatsword Design,8926
Nimble Solzreed Greatsword Design,8925
Lilyut Greatsword Design,8924
Gweonid Greatsword Design,8923
Solzreed Greatsword Design,8922
Adventurer's Greatsword Design,8921
Trainee's Greatsword Design,8920
Distant Terminus of Pain Design,8919
Distant Terminus of Torment Design,8918
Distant Terminus of Nightfall Design,8917
Golden Prophet of Succession Design,8916
Golden Prophet of Determination Design,8915
Golden Prophet of Harmony Design,8914
Blue Guide of Delirium Design,8913
Blue Guide of Madness Design,8912
Blue Guide of Haste Design,8911
Towering Gatekeeper of Resistance Design,8910
Towering Gatekeeper of Solidarity Design,8909
Towering Gatekeeper of Glory Design,8908
Intense Luminary of Apparitions Design,8907
Intense Luminary of Celerity Design,8906
Intense Luminary of Tenacity Design,8905
Withered Breaker of Penance Design,8904
Withered Breaker of Shackles Design,8903
Withered Breaker of Pain Design,8902
Roaring Herald of Chains Design,8901
Roaring Herald of Subjugation Design,8900
Roaring Herald of Pain Design,8899
Vibrant Hunter of Punishment Design,8898
Vibrant Hunter of Determination Design,8897
Vibrant Hunter of Nature Design,8896
Merciful Judge of the Underworld Design,8895
Merciful Judge of the Abyss Design,8894
Merciful Judge of Salvation Design,8893
Unending Bane of Sacrifice Design,8892
Unending Bane of Chaos Design,8891
Unending Bane of Screams Design,8890
Cold Counsel of Temptation Design,8889
Cold Counsel of Chaos Design,8888
Death's Cold Counsel Design,8887
Great Guardian of the End Design,8886
Great Guardian of Bliss Design,8885
Great Guardian of Destruction Design,8884
Terminus of Pain Design,8883
Terminus of Torment Design,8882
Terminus of Nightfall Design,8881
Prophet of Succession Design,8880
Prophet of Determination Design,8879
Prophet of Harmony Design,8878
Guide of Delirium Design,8877
Guide of Madness Design,8876
Guide of Haste Design,8875
Gatekeeper of Resistance Design,8874
Gatekeeper of Solidarity Design,8873
Gatekeeper of Glory Design,8872
Luminary of Apparitions Design,8871
Luminary of Celerity Design,8870
Luminary of Tenacity Design,8869
Breaker of Penance Design,8868
Breaker of Shackles Design,8867
Breaker of Pain Design,8866
Herald of Chains Design,8865
Herald of Subjugation Design,8864
Herald of Pain Design,8863
Hunter of Punishment Design,8862
Hunter of Determination Design,8861
Hunter of Nature Design,8860
Judge of the Underworld Design,8859
Judge of the Abyss Design,8858
Judge of Salvation Design,8857
Bane of Sacrifice Design,8856
Bane of Chaos Design,8855
Bane of Screams Design,8854
Counsel of Temptation Design,8853
Counsel of Confusion Design,8852
Counsel of Death Design,8851
Guardian of the End Design,8850
Guardian of Bliss Design,8849
Guardian of Destruction Design,8848
Sacred Eznan Sword Design,8847
Tempered Eznan Sword Design,8846
Lithe Eznan Sword Design,8845
Sublime Lilyut Sword Design,8844
Noble Lilyut Sword Design,8843
Exquisite Lilyut Sword Design,8842
Solid Gweonid Sword Design,8841
Honed Gweonid Sword Design,8840
Sturdy Gweonid Sword Design,8839
Keen Solzreed Sword Design,8838
Elegant Solzreed Sword Design,8837
Nimble Solzreed Sword Design,8836
Eznan Sword Design,8835
Lilyut Sword Design,8834
Gweonid Sword Design,8833
Solzreed Sword Design,8832
Adventurer's Sword Design,8831
Trainee's Sword Design,8830
Blissful Gesture of Wrath Design,8829
Blissful Gesture of Delight Design,8828
Blissful Gesture of Doom Design,8827
Enduring Fervor of Annihilation Design,8826
Enduring Heat of Celerity Design,8825
Enduring Fervor of Fortitude Design,8824
Clear Song of Resistance Design,8823
Clear Song of Battle Design,8822
Clear Song of Conviction Design,8821
Azure Madness of Brawling Design,8820
Azure Madness of War Design,8819
Azure Madness of Doom Design,8818
Red Aura of Chaos Design,8817
Red Dawn of Bloodfeuds Design,8816
Red Dawn of Battle Design,8815
Evergreen Glory of Havoc Design,8814
Evergreen Glory of Fortitude Design,8813
Evergreen Glory of Regeneration Design,8812
Cheerful Dance of Dissention Design,8811
Cheerful Dance of Anger Design,8810
Cheerful Dance of Doom Design,8809
Hymn of Domination Design,8808
Hymn of Destruction Design,8807
Hymn of Determination Design,8806
Keen Eye of Conflict Design,8805
Keen Eye of Terror Design,8804
Keen Eye of Lethality Design,8803
Gesture of Wrath Design,8802
Gesture of Delight Design,8801
Dancing Gesture of Doom Design,8800
Dancing Fervor of Annihilation Design,8799
Dancing Fervor of Celerity Design,8798
Dancing Fervor of Fortitude Design,8797
Song of Resistance Design,8796
Song of Battle Design,8795
Song of Conviction Design,8794
Madness of Brawling Design,8793
Madness of War Design,8792
Madness of Doom Design,8791
Aura of Chaos Design,8790
Dawn of Bloodfeuds Design,8789
Dawn of Battle Design,8788
Glory of Havoc Design,8787
Glory of Fortitude Design,8786
Glory of Regeneration Design,8785
Dance of Dissention Design,8784
Dance of Anger Design,8783
Dance of Doom Design,8782
Poem of Domination Design,8781
Poem of Destruction Design,8780
Poem of Hostility Design,8779
Eye of Conflict Design,8778
Eye of Terror Design,8777
Eye of Lethality Design,8776
Sublime Lilyut Nodachi Design,8775
Noble Lilyut Nodachi Design,8774
Exquisite Lilyut Nodachi Design,8773
Solid Gweonid Nodachi Design,8772
Honed Gweonid Nodachi Design,8771
Sturdy Gweonid Nodachi Design,8770
Keen Solzreed Nodachi Design,8769
Elegant Solzreed Nodachi Design,8768
Nimble Solzreed Nodachi Design,8767
Lilyut Nodachi Design,8766
Gweonid Nodachi Design,8765
Solzreed Nodachi Design,8764
Adventurer's Nodachi Design,8763
Trainee's Nodachi Design,8762
Gentle Whisper of Heaven Design,8761
Gentle Whisper of Destiny Design,8760
Gentle Whisper of Oblivion Design,8759
Gentle Breath of Will Design,8758
Gentle Breath of Blessings Design,8757
Gentle Breath of Patience Design,8756
Shining Blade of Wit Design,8755
Shining Blade of Fortune Design,8754
Shining Blade of Fleetness Design,8753
Withered Eye of Wrath Design,8752
Withered Eye of Delight Design,8751
Withered Eye of Doom Design,8750
Flowing Tear of Annihilation Design,8749
Flowing Tear of Celerity Design,8748
Flowing Tear of Fortitude Design,8747
Sharp Thorn of Resistance Design,8746
Sharp Thorn of Battle Design,8745
Sharp Thorn of Conviction Design,8744
Secret Moonlight of Brawling Design,8743
Secret Moonlight of War Design,8742
Secret Moonlight of Doom Design,8741
Shining Dawnstar of Chaos Design,8740
Shining Dawnstar of Bloodfeuds Design,8739
Shining Dawnstar of Battle Design,8738
Brilliant Halo of Havoc Design,8737
Brilliant Halo of Fortitude Design,8736
Brilliant Halo of Regeneration Design,8735
Ghastly Touch of Dissention Design,8734
Ghastly Touch of Rage Design,8733
Ghastly Touch of Doom Design,8732
Frigid Chill of Domination Design,8731
Frigid Chill of Destruction Design,8730
Frigid Chill of Hostility Design,8729
Burning Flame of Conflict Design,8728
Burning Flame of Terror Design,8727
Burning Flame of Lethality Design,8726
Whisper of Heaven Design,8725
Whisper of Fate Design,8724
Whisper of Oblivion Design,8723
Breath of Will Design,8722
Breath of Blessings Design,8721
Breath of Patience Design,8720
Blade of Wit Design,8719
Blade of Fortune Design,8718
Blade of Fleetness Design,8717
Eye of Wrath Design,8716
Eye of Delight Design,8715
Eye of Doom Design,8714
Tear of Annihilation Design,8713
Tear of Celerity Design,8712
Tear of Fortitude Design,8711
Thorn of Resistance Design,8710
Thorn of Battle Design,8709
Thorn of Conviction Design,8708
Moonlight of Brawling Design,8707
Moonlight of War Design,8706
Moonlight of Doom Design,8705
Dawnstar of Chaos Design,8704
Dawnstar of Bloodfeuds Design,8703
Dawnstar of Battle Design,8702
Halo of Havoc Design,8701
Halo of Fortitude Design,8700
Halo of Regeneration Design,8699
Touch of Dissention Design,8698
Touch of Anger Design,8697
Touch of Doom Design,8696
Chill of Domination Design,8695
Chill of Destruction Design,8694
Chill of Hostility Design,8693
Flame of Conflict Design,8692
Flame of Terror Design,8691
Flame of Lethality Design,8690
Sacred Eznan Blade Design,8689
Tempered Eznan Blade Design,8688
Lithe Eznan Blade Design,8687
Sublime Lilyut Blade Design,8686
Noble Lilyut Katana Design,8685
Exquisite Lilyut Blade Design,8684
Solid Gweonid Katana Design,8683
Honed Gweonid Katana Design,8682
Sturdy Gweonid Katana Design,8681
Keen Solzreed Katana Design,8680
Elegant Solzreed Katana Design,8679
Nimble Solzreed Katana Design,8678
Eznan Blade Design,8677
Lilyut Blade Design,8676
Gweonid Katana Design,8675
Solzreed Blade Design,8674
Adventurer's Blade Design,8673
Trainee's Blade Design,8672
Brilliant Laughter of Heaven Design,8671
Brilliant Laughter of Fate Design,8670
Brilliant Laughter of Oblivion Design,8669
Dazzling Cry of Will Design,8668
Dazzling Cry of Blessings Design,8667
Remarkable Cry of Patience Design,8666
Dazzling Wings of Wit Design,8665
Dazzling Wings of Fortune Design,8664
Dazzling Wings of Fleetness Design,8663
Smile of Dawning Wrath Design,8662
Owl Mailbox Design,8661
Spacious Storage Chest Design,8660
Superior Storage Chest Design,8659
Basic Storage Chest Design,8658
Sovereign's Piano Design,8657
Sovereign's Large Bookshelf Design,8656
Noble's Lavish Armoire Design,8655
Noble's Splendid Bookshelf Design,8654
Scholar's Large Bookshelf Design,8653
Scholar's Small Shelf Design,8652
Monarch's Stepped Bureau Design,8651
Monarch's Round Cabinet Design,8650
Monarch's Small Shelf Design,8649
Monarch's Bookshelf Design,8648
Merchant's Display Cabinet Design,8647
Merchant's Extraordinary Bureau Design,8646
Merchant's Simple Bureau Design,8645
Hardwood Bookshelf Design,8644
Hardwood Shelf Design,8643
Hardwood Glass Cabinet Design,8642
Hardwood Medicine Cabinet Design,8641
Wood Liquor Cabinet Design,8640
Wooden Pet Cage Design,8639
Tri-Level Wood Bureau Design,8638
Sovereign's Partition Design,8637
Noble's Partition Design,8636
Scholar's Partition Design,8635
Monarch's Folding Partition Design,8634
Merchant's Partition Design,8633
Hardwood Partition Design,8632
Sovereign's Council Table Design,8631
Sovereign's Gilt Table Design,8630
Sovereign's Desk Design,8629
Noble's Round Table Design,8628
Noble's Desk Design,8627
Scholar's Council Table Design,8626
Scholar's Desk Design,8625
Monarch's Lavish Table Design,8624
Monarch's Ceremonial Table Design,8623
Monarch's Table Design,8622
Monarch's Nuncheon Table Design,8621
Merchant's Rustic Table Design,8620
Merchant's Feast Table Design,8619
Merchant's Table Design,8618
Hardwood Dining Table Design,8617
Large Hardwood Counter Design,8616
Hardwood Counter Design,8615
Simple Hardwood Table Design,8614
Curved Woodgrain Table Design,8613
Wood Dining Table Design,8612
Sovereign's Rose Chaise Design,8611
Sovereign's Gilt Rose Sofa Design,8610
Sovereign's Gilt Snow Sofa Design,8609
Noble's Settee Design,8608
Scholar's Leather Sofa Design,8607
Monarch's Bedchamber Sofa Design,8606
Spacious Hardwood Chair Design,8605
Wooden Bench Design,8604
Sovereign's Red Chair Design,8603
Noble's Luxe Chair Design,8602
Noble's Cloth Chair Design,8601
Scholar's Leather Chair Design,8600
Scholar's Cloth Chair Design,8599
Monarch's Ceremonial Chair Design,8598
Monarch's Hardwood Chair Design,8597
Monarch's Embroidered Chair Design,8596
Merchant's Esteemed Chair Design,8595
Merchant's Lavish Stool Design,8594
Merchant's Aristocratic Chair Design,8593
Hardwood Chair Design,8592
Simple Hardwood Chair Design,8591
Wooden Armchair Design,8590
Yeoman's Wood Chair Design,8589
Sovereign's Gilt Hardwood Bed Design,8588
Sovereign's Lavish Gilt Bed Design,8587
Noble's Luxe Bed Design,8586
Gweonid Dagger Design,8585
Merchant's Lavish Bed Design,8584
Monarch's Spacious Bed Design,8583
Brown Hardwood Bed Design,8582
NPC Weapon Packs - 몬스터 - 원혼 양손창,8581
NPC Weapon Packs - 몬스터 - 원혼 한손검,8579
Lv. 1,8573
Lv. 1,8572
Lv. 1,8571
Crescent Throne Cutter Design,8564
Crescent Throne Cutter Design,8563
npc 아스트라 001 5feet,8561
npc 아스트라 001 4hands,8560
npc 아스트라 001 2chest,8559
npc blade_1h_21_5,8557
npc bow_31_2,8556
el_f_hair04,8555
el_f_hair03,8554
Kingdom's Heart,8529
Ocean Dream,8528
Rising Phoenix,8527
Ambitious Lord's Vow,8526
Midsummer Bay,8525
Burning Aura,8524
Unbridled Tide,8522
Comet's Flare,8521
Royal Guard's Honor,8520
Coastal Breeze,8519
Celestial Ray,8518
Serene Lake,8516
Solar Glow,8515
Sweet Soup,8508
Vegetable Soup,8507
Whole Grain Soup,8506
Savory Soup,8505
Tangy Soda,8504
Bubble Tea,8503
Honey Mead,8502
Fruit Punch,8501
Rib Kebab,8500
Sirloin Kebab,8499
Tenderloin Kebab,8498
Meatball Kebab,8497
Smoked Ribs,8496
Smoked Sirloin,8495
Smoked Tenderloin,8494
Smoked Meatballs,8493
Roast Ribs,8492
Roast Sirloin,8491
Roast Tenderloin,8490
Roast Meatballs,8489
Savory Ribs,8488
Savory Sirloin,8487
Savory Tenderloin,8486
Savory Meatballs,8485
Sir Karmak's Greatsword,8484
Sir Karmak's Boots,8483
Sir Karmak's Armor,8482
Sir Karmak's Gloves,8481
North Ishvara Key,8480
South Ishvara Key,8479
West Ishvara Key,8478
East Ishvara Key,8477
NPC Weapon Packs - 도구형무기 - 백합꽃,8476
el_m_hair03,8475
Sealed Scroll,8474
Ceremonial Dagger of the Conquered,8473
Ezi's Divine Protection,8472
Seaman's Necklace,8471
Long Journey's Guardian,8461
Father's Ring,8460
Illusion Spirit,8415
Illusion Essence,8414
Illusion Crystal,8413
Demon Tail,8412
Demon Wing,8411
Demon Horn,8410
Machine Fuel,8409
Machine Component,8408
Machine,8407
Magic Solution,8406
Magic Shard,8405
Magic Dust,8404
Lifeless Skull,8403
Lifeless Bone,8402
Sky Spirit,8401
Sky Essence,8400
Sky Crystal,8399
Torn Scroll,8398
Skein,8397
Beast Fang,8395
Beast Claw,8394
Rubber Plate,8391
Rubber Tube,8390
Hard Rubber,8389
Rubber Band,8388
Rubber Stopper,8387
Soft Rubber,8386
Glass Mirror,8381
Bronze Mirror,8380
Glass Box,8379
Glass Window,8378
Glass Pane,8377
Glass Bottle,8376
Bound Crest Brainstorm,8375
Glass Tube,8374
Glass Orb,8373
Frozen Fruit,8366
Steel Pulley,8363
Steel Cog,8362
Pure Wool,8361
Pure Cotton,8360
Silk,8359
Wool,8358
Cotton,8357
Textured Scale,8356
Whole Scale,8355
Scale Plate,8354
Scale,8353
Supple Leather,8352
Whole Leather,8351
Leather Plate,8350
Leather String,8349
Brick,8348
Stone Pillar,8347
Stone Dust,8346
Stone Rod,8345
Stone Slab,8344
Stone Brick,8343
Wood Veneer,8342
Wood Dowel,8341
Sawdust,8340
Wood Pole,8339
Plank,8338
Lumber,8337
Glossy Feather,8330
Blue Salt Hammer,8329
Blue Salt Gloves,8328
Blue Salt Wedge,8327
Blue Salt Knife,8326
Sunset Pearl,8325
Ocean Blue Coral,8324
Copper Ingot,8320
Sturdy Ingot,8319
Iron Ingot,8318
Light Spirit,8316
Shadow Spirit,8315
Dream Spirit,8314
Light Essence,8313
Shadow Essence,8312
Dream Essence,8311
Light Crystal,8310
Shadow Crystal,8309
Dream Crystal,8308
Beautiful Tail,8307
Magic Demon Tail,8306
Small Tail,8305
Sturdy Wing,8304
Heavy Wing,8303
Light Wing,8302
Sharp Horn,8301
Pointed Horn,8300
Broken Horn,8299
Impure Fuel,8298
Foul Fuel,8297
Murky Fuel Waste,8296
Exquisite Screw,8295
Dull Screw,8294
Rusty Screw,8293
Heavy Scrap Iron,8292
Light Scrap Iron,8291
Rusty Scrap Iron,8290
Harmonic Solution,8289
Axiomatic Solution,8288
Chaotic Solution,8287
Harmonic Shard,8286
Axiomatic Shard,8285
Chaotic Shard,8284
Harmonic Powder,8283
Axiomatic Powder,8282
Chaotic Powder,8281
Soft Fabric,8280
Stiff Fabric,8279
Frayed Fabric,8278
Peculiar Skull,8277
Venerable Skull,8276
Crumbing Skull,8275
Hard Bone,8274
Cracked Bone,8273
Crumbling Bone,8272
Sun Spirit,8271
Crescent Spirit,8270
Dawnstar Spirit,8269
Sun Essence,8268
Crescent Essence,8267
Dawnstar Essence,8266
Sun Crystal,8265
Crescent Crystal,8264
Dawnstar Crystal,8263
Yellowed Paper,8260
Tough String,8259
Thick String,8258
Frayed String,8257
Fabric,8256
Stitched Fabric,8255
Torn Fabric,8254
Sturdy Tooth,8253
Sharp Tooth,8252
Pointed Tooth,8251
Pointed Claw,8250
Large Claw,8249
Small Claw,8248
Sturdy Pelt,8247
Thick Pelt,8246
Thin Pelt,8245
Nymph Essence Wand,8244
Nymph Essence,8243
Magic Crystal,8242
White Bearskin Rug,8237
Brown Bearskin Rug,8236
Sunhat Doll,8235
Blue Landscape Vase,8234
Marbled Gourd Bottle,8233
Marbled Teapot,8232
Wood Liquor Cabinet,8231
Star Suit of Armor,8230
Golden Star Cup,8229
Noble's Desk,8227
Bent Candlestick,8226
Noble's Splendid Bookshelf,8225
Star Eagle Rack,8224
Noble's Cloth Chair,8223
Sovereign's Council Table,8221
Sovereign's Desk,8220
Wooden Armchair,8219
Hardwood Glass Cabinet,8218
Merchant's Extraordinary Bureau,8217
Hardwood Dining Table,8216
Hardwood Counter,8215
Small Scale,8214
Scholar's Small Shelf,8213
Tri-Level Wood Bureau,8212
Simple Hardwood Chair,8211
Hardwood Chair,8210
Large Hardwood Counter,8209
Curved Woodgrain Table,8208
Simple Hardwood Table,8207
Star Weapon Rack,8206
Noble's Everyday Painting,8205
Relaxing Painting,8204
Red Hat Statue,8203
Grinning Jester Statue,8202
Noble's Round Table,8201
Noble's Partition,8200
Gold Candlestick,8199
Sovereign's Large Bookshelf,8198
Scholar's Desk,8196
Scholar's Large Bookshelf,8195
Scholar's Leather Chair,8194
Scholar's Leather Sofa,8193
Scholar's Cloth Chair,8191
Sunbeam Hardwood Mannequin,8190
Hardwood Medicine Cabinet,8189
Wooden Pet Cage,8188
Tall Marbled Gourd Bottle,8187
Spring Meadow Vase,8186
Sun and Moon Vase,8185
Bluewing Vase,8184
Gold Inlay Teapot,8183
Ocean Blue Jar,8182
nu_f_hair03,8181
Black-Etched Jar,8180
Sovereign's Rose Chaise,8179
Sovereign's Red Chair,8178
Blackreath Keep Key,8177
el_f_face003,8175
NPC Weapon Packs - 몬스터 - 코볼트 곡괭이,8174
Sovereign's Piano,8172
Rare Deer Antler,8170
Karmak's Equipment Pack,8167
Karmak's Head,8166
Small Bloodstain,8165
Large Bloodstain,8164
Alabaster Lilyut Horse,8163
Dappled Lilyut Horse,8162
Buckskin Lilyut Horse,8161
Gray Lilyut Horse,8160
Brown Lilyut Horse,8159
Black Lilyut Horse,8158
fe_f_face02,8157
Strange Ritual Tool,8155
el_m_face003,8154
fe_m_hair002,8152
NPC Weapon Packs - 문화권 - 북방 이슈바라 현악기,8146
npc blade_1h_26_2,8145
npc blade_2h_16_2,8144
npc sword_1h_01_1,8143
Shimshir's Sleep Dart,8142
fe_m_face02,8141
Salty Waterdrop,8139
nu_f_face004_cut,8138
Wind Stream,8137
Spoon,8136
North Ishvara Key,8134
South Ishvara Key,8133
West Ishvara Key,8132
Thick Wool,8130
Burning Heart,8129
Velpo's Bloody Token,8128
Eternal Rest Orb,8127
Requiem Orb,8126
Fire Elemental Crystal,8125
Guide Compass,8124
Guide Compass Tool,8123
Guide Gate,8122
Guide Gate Tool,8121
Guide Map,8120
Guide Map Tool,8119
Old Lute,8118
Mannfred's Note,8116
Antidote,8115
nu_m_face003,8104
nu_f_face004,8101
nu_m_face004,8100
Nasai's Strange Pill,8099
Ishvara Key,8098
Land's Longing Murmur,8095
Down Payment,8094
Bloodhand Warehouse Key,8093
Diruma's Legendary Meal,8092
Irene's Stone Tablet,8091
Angela's Stone Tablet,8090
Earth Energy,8088
Sacred Salphira Flameorb,8087
Pure Gold Ore,8086
Pure Silver Ore,8085
Topaz,8084
Pearl,8083
Emerald,8082
Pure Iron Ore,8081
Anya Pebble,8080
Amethyst,8079
Sapphire,8078
Ruby,8077
Diamond,8076
Healing Essence,8075
Healing Spirit,8074
Sorrowful Essence,8073
Sorrowful Spirit,8072
Venom Essence,8071
Venom Spirit,8070
Memory Essence,8069
Memory Spirit,8068
Pure Copper Ore,8067
Granite,8066
Grape,8065
Gneiss,8064
Thuja Bark,8062
Clay,8061
Punctured Clamshell,8059
Birch Bark,8058
Aspen Bark,8057
Milk,8055
Olive,8054
Wool,8053
Mutton,8052
Sheepskin,8051
Coconut,8050
Vinegar,8049
Beef,8048
Cow Leather,8047
Limestone,8046
Hornbeam Bark,8045
Raw Meat,8044
Shining Salt,8043
Willow Bark,8042
Delphinad Ingot,8041
Cottonwood Fruit,8040
Ash Fruit,8039
Fig,8038
Mahogany Fruit,8037
Lemon,8036
Acorn,8035
Jujube,8034
Marble,8033
Hard Granite,8032
Hard Gneiss,8031
Hard Limestone,8030
Hard Marble,8029
Beechnut,8028
Gold Ore,8027
Rubber Tree Sap,8025
Red Kaolin,8024
Silver Ore,8023
Iron Ore,8022
Archeum Infusion,8021
Archeum Dust,8020
Pepper,8019
Pumpkin,8018
Log,8017
Tomato,8016
Bean,8015
Mud,8014
Corn,8013
Cucumber,8012
Polluted Water,8011
Onion,8010
Poppy,8009
Raw Stone,8008
Pelt,8007
Strawberry,8006
Barley,8005
Wheat,8004
Sand,8003
Garlic,8001
Peanut,8000
Toadstool,7999
Carrot,7998
Yam,7994
Potato,7992
Reed,7991
Wet Griffin Beak,7990
Griffin Claw,7989
Griffin Meat,7988
Griffin Feather,7987
Cut Gargoyle Tendon,7986
Bloody Gargoyle Fang,7985
Shark Tail,7984
Shark Meat,7983
Cracked Crocodile Egg,7982
Crocodile Meat,7981
Wet Eagle Beak,7980
Eagle Meat,7979
Polluted Scorpion Venom Gland,7978
Filthy Scorpion Leg,7977
Scorpion Tail,7976
Dried Scorpion Shell,7975
Foul Devourer Tongue,7974
Decomposed Devourer Tail,7973
Bloody Hellhound Fang,7972
Shattered Hellhound Scale,7971
Bloody Hellhound Claw,7970
Severed Hellhound Tail,7969
Hateful Red Stone Fragment,7968
Faint Wisp Ember,7967
Shattered Incubus Horn,7966
Severed Incubus Tail,7965
Corroded Chain,7964
Achassi Skin,7963
Damp Achassi Mane,7962
Bloody Orangutan Nail,7961
Rotten Orangutan Tooth,7960
Filthy Orangutan Mane,7959
Dirty Orangutan Leather,7958
Broken Succubus Horn,7957
Slimy Succubus Tail,7956
Muddy Horsetail,7955
Soiled Achassi Scale,7954
Tattered Webbed Foot,7953
Wolf Fang,7952
Filthy Leather Strap,7951
Rusty Chainmail Armor,7950
Bloody Owl Wing,7949
Cracked Owl Beak,7948
Weathered Bone Fragment,7947
Broken Achassi Horn,7946
Achassi Claw,7945
Soiled Achassi Tail,7944
Scent of Disgusting Temptation,7943
Broken Eagle Claw,7942
Troll Molar,7940
Dirty Troll Nail,7939
Dirty Troll Mane,7938
Bloody Astra Feather,7937
Shark Fin,7936
Leftover Ember,7935
Moist Ember,7934
Seabug Poison Gland,7933
Broken Seabug Shell,7932
Rancid Seabug Meat,7931
Bloody Bear Claw,7930
Bear Meat,7929
Torn Bear Leather,7928
Bloody Tiger Leg,7927
Punctured Tiger Skull,7926
Short Tiger Tail,7925
Torn Tiger Leather,7924
Bloody Elephant Trunk,7923
Ivory Chunk,7922
Worn Elephant Hoof,7921
Elephant Leather,7920
Singed Decorative Mane,7919
Water Buffalo Meat,7918
Shabby Cape,7917
Grubby Reins,7916
Rusty Hand Armor,7915
Rusty Nail,7914
Rusty Chestguard,7913
Broken Decorative Bone,7912
Misshapen Glass Orb,7911
Crocodile Tooth,7910
Crocodile Tail,7909
Faded Crocodile Scale,7908
Undigested Animal Bone,7907
Broken Owl Wing,7906
Bloody Owl Leather,7905
Dirty Banshee Hair,7904
Severed Banshee Wing,7903
Bloody Gnoll Tail,7902
Moist Wood Knot,7901
Rotten Gold Tooth,7900
Giant Bee Husk,7899
Bloody Harpy Talon,7898
Harpy Claw,7897
Harpy Feather,7896
Dirty Kobold Tail,7895
Bloody Silver Tooth,7894
Broken Glass Shard,7893
Broken Archerfish Bone,7892
Slimy Archerfish Gill,7891
Poisonous Archerfish,7890
Bloody Buffalo Leg,7889
Broken Buffalo Horn,7888
Filthy Buffalo Tail,7887
Torn Buffalo Leather,7886
Rotten Bark Strip,7885
Muddy Nail,7884
Broken Gorilla Horn,7883
Dirty Gorilla Mane,7882
Damaged Gorilla Leather,7881
Filthy Bee Gland,7880
Tattered Bee Wing,7879
Spoiled Bee Honey,7878
Severed Skeletal Horse Tail,7877
Matted Skeletal Horse Mane,7876
Horse Bone,7875
Rusty Dagger,7874
Worn Tattered Hat,7873
Broken Lamp,7872
Rusty Chain,7871
Poor Cloth Knot,7870
Fake Silverleaf,7869
Cracked Viper Egg,7868
Viper Venom Gland,7867
Fetid Snake Skin,7866
Snake Meat,7865
Decorative Bone Fragment,7864
Dirty Decorative Feather,7863
Filthy Crab Bubble Gland,7862
Slashed Spider Web,7861
Broken Spider Stinger,7860
Severed Spider Leg,7859
Frayed Leather Knot,7858
Crude Cloth Knot,7857
Crude Leather Knot,7856
Shattered Decorative Horn,7855
Broken Orc Molar,7854
Damp Polluted Powder,7853
Slimy Bat Tail,7852
Bat Meat,7851
Filthy Bat Leather,7850
Cut Leather Strap,7849
Bent Horseshoe,7848
Horse Meat,7847
Torn Horse Leather,7846
Old Chainmail Armor,7845
Filthy Ant Gland,7844
Broken Ant Egg,7843
Crushed Ant Leather,7842
Blunt Razorbeak Beak,7841
Razorbeak Feather,7840
Razorbeak Meat,7839
Empty Lizard Poison Gland,7837
Lizard Tail,7836
Faded Lizard Leather,7835
Broken Crayfish Claw,7834
Rusty Helm,7833
Tattered Cloth Scrap,7832
Old Leather Strap,7831
Frayed Cloth Scrap,7830
Torn Net,7829
Wet Leather String,7828
Soiled Cloth,7827
Dried Kelp Pack,7826
Bloody Cloth,7825
Grimy Nymph Hair,7824
Severed Nymph Tail,7823
Rusty Iron Scrap,7822
Unpleasant Wind Spirit,7821
False Magic Core,7820
Thick Cloth Scrap,7819
Thick Leather Strap,7818
Broken Stone Fragment,7817
Loose Leather String,7816
Ragged Cloth Scrap,7815
Rusty Iron Scrap,7814
Rotten Leaf,7813
Fake Goldleaf,7812
Shabby Leather Strap,7811
Fetid Leather Strap,7810
Cut Leather String,7809
Rusty Ironware,7808
Tattered Four Fingers Hood,7807
Rotten Leaf Pack,7806
Blunt Protruding Thorn,7805
Seafolk Fin,7804
Bloody Seafolk Gill,7803
Seafolk Scale,7802
Seafolk Tail,7801
Rotten Leaf Pack,7800
Cracked Turtle Shell,7799
Turtle Meat,7798
Severed Crab Leg,7797
Dirty Crab Shell,7796
Spoiled Crab Meat,7795
Twisted Crayfish Shell,7794
Severed Crayfish Tail,7793
Inedible Crayfish Meat,7792
Eel Tail,7788
Windwhisp's Breath,7786
Putrid Binding,7784
Faint Wind Breath,7783
Dry Mud,7782
Water Buffalo Horn,7781
Buffalo Meat,7780
Buffalo Leather,7779
Stubby Groundling Pole,7778
Groundling Leather,7776
Tough Leather String,7775
Mucous Lump,7774
Thin Cloth Scrap,7773
Sarracenia Gland,7771
Sarracenia Stem,7770
Snowflake Icicle,7769
Filthy Wolf Mane,7767
Wolf Leather,7766
Blue Salt,7765
Star Chart,7764
Venison,7763
Deer Antler,7762
Deer Leather,7761
Boar Tusk,7760
Boar Meat,7758
Old Cloth,7757
Rabbit Meat,7754
Rabbit Leather,7753
Fox Tail,7752
Fox Meat,7751
Traveler's Tree Raw Lumber,7750
Fox Leather,7749
Pork,7747
Bird's Eye Telescope Design,7746
Thin Tree Root,7745
Any-Post Owl,7744
Rufus's Wedding Ring,7742
Young Sapling,7738
Carrot,7737
Bondbreak Potion,7735
Bloodhand Warehouse Key,7734
Delphinad Gale Necklace,7732
Delphinad Earth Necklace,7731
Chilling Ice Queen's Choker,7730
Illustrious Life Necklace,7729
Delphinad Flame Ring,7728
Delphinad Earth Ring,7727
Illustrious Life Ring,7726
Illustrious Gale Ring,7725
Illustrious Wave Ring,7724
Illustrious Flame Ring,7723
Illustrious Earth Ring,7722
Artisan's Life Ring,7721
Artisan's Gale Ring,7720
Artisan's Wave Ring,7719
Artisan's Flame Ring,7717
Dark Shadow Talisman,7716
Artisan's Earth Ring,7715
Artificer's Wave Ring,7714
Illustrious Flame Necklace,7713
Illustrious Wave Necklace,7712
Illustrious Gale Necklace,7711
Illustrious Earth Necklace,7710
Artisan's Life Necklace,7707
Artisan's Flame Necklace,7706
Artisan's Wave Necklace,7705
Artisan's Gale Necklace,7704
Artisan's Earth Necklace,7703
Artificer's Flame Ring,7701
Civilian Sabatons,7224
Civilian Greaves,7223
Civilian Tassets,7222
Civilian Gauntlets,7221
Civilian Vambraces,7220
Civilian Cuirass,7219
Civilian Helm,7218
Archery Novice's Boots,6741
Archery Novice's Pants,6740
Civilian Belt,6739
Civilian Fists,6738
Civilian Guards,6737
Archery Novice's Shirt,6736
Civilian Cap,6735
Devotion Novice's Shoes,6258
Devotion Novice's Pants,6257
Civilian Sash,6256
Civilian Gloves,6255
Civilian Sleeves,6254
Devotion Novice's Shirt,6253
Civilian Hood,6252
Civilian Drum,6227
Civilian Flute,6202
로그인_낭만_현악기,6183
Civilian Lute,6177
로그인_사랑_방패,6156
Civilian Shield,6152
Civilian Bow,6127
로그인_마법_양손지팡이,6119
로그인_죽음_양손지팡이,6113
Civilian Magic Staff,6102
Civilian Scepter,6077
Civilian Ruin Axe,6052
로그인_사랑_한손도끼,6037
Civilian Axe,5961
로그인_환술_양손둔기,5948
Civilian War Club,5936
Civilian Club,5845
npc spear_2h_26_3,5832
Civilian Polearm,5820
Civilian Spear,5729
Civilian Greatsword,5660
로그인_의지_한손검,5643
로그인_철벽_한손검,5639
Civilian Longsword,5569
Civilian Dark Blade,5500
Civilian Blade,5409
Civilian Dagger,5318
Rescue Powder,5317
Gurunasi's Purse,5315
Dewstone Patrol Captain's Authority,5314
npc sword_1h_31_2,5312
npc spear_2h_36_5,5311
npc blade_1h_36_7,5310
npc spear_2h_36_1,5309
NPC Weapon Packs - 문화권 - 이즈나 지휘봉(한손지팡이),5308
npc axe_1h_26_3,5307
NPC Weapon Packs - 문화권 - 솔즈리드 양손둔기,5306
npc sword_1h_06_1,5305
npc spear_2h_21_3,5304
npc shield_26_4,5303
npc shield_21_4,5302
npc shield_26_1,5301
npc shield_16_2,5300
npc shield_31_1,5299
Stolen Pouch,5298
Lithomorph Anima,5296
Lava Ball,5295
Cursed Lute,5292
Bloodhands' Supplies,5291
NPC Weapon Packs - 몬스터 - 상어 인간 양손창,5290
NPC Weapon Packs - 몬스터 - 인어 양손창,5289
npc 아동 001 5feet,5288
npc 아동 001 3legs,5287
npc 아동 001 2chest,5286
Century-Old Lute,5281
Giant's Heart Fragment,5280
Rosa's Old Shovel,5278
Old Chest,5277
NPC Weapon Packs - 도구형 무기 - 재판관의 망치,5276
npc m_020 2chest,5274
Shatigon's Telescope,5273
Imperishable Food,5272
Wereshark Javelineer Eye,5271
Wereshark Swordsman Lung,5270
Wereshark Warrior Fin,5269
nu_f_face003,5268
Salphira's Tears,5267
Anti-Hallucinogenic,5266
Lizard Stun Hammer,5265
Crested Lizard Blood,5264
Afindelle's Vial,5263
채권추심(TEST),5262
Haritty's Inn Management Plan,5261
Pamphilus's Letter,5260
Christoff's Nymph Fireworks,5259
Sculpture's Base,5252
Sculpture's Torso,5251
Sabina's Sleepwear,5250
Sabina's Sportswear,5249
Sabina's Uniform,5248
Sabina's Casualwear,5247
npc m_020 5feet,5245
npc m_020 3legs,5244
npc m_020 1head,5243
npc l_029 4hands,5240
npc l_029 5feet,5239
npc l_029 2chest,5238
npc c_024 3legs,5237
npc m_023 4hands,5236
npc m_023 5feet,5235
npc m_023 3legs,5234
npc m_023 2chest,5233
Gorusama's Blank Check,5232
(x)npc c_023_c02 4hands,5231
npc c_039 2chest,5230
Captured Water Elemental Seeker,5229
Shaman Maya's Potion,5228
Crude Silver Ring,5227
Mahadevi Crocodile Leather,5226
Mahadevi Water Buffalo Sirloin,5225
Scroll: Eznan Cutter,5223
Julius's Letter,5222
Earth Energy Potion,5221
Sleep Stinger,5220
Whitewing Recovery Potion,5215
미사용,5213
Gravedigger Shovel,5212
Century-Old Lute,5211
Plantable Explosives,5209
Beatrice's Letter,5208
Flare,5207
Anatta's Divorce Papers,5206
Meat,5205
Haver Antidote,5204
Haver Herb,5203
Red Crayfish Meat,5199
Restored Antique,5198
Antique Fragments,5197
Jujube Liquor,5195
Raw Stone,5194
Tungai's Reminder,5193
Raw Rubber,5192
Salphira Sculpture,5190
Sculpture's Head,5189
Sabina's Outerwear,5188
Gold Dust,5186
Assassination Clue,5185
Stealth Potion,5184
Poison Bottle,5183
Kalia Mark,5182
Unusual Plant,5181
Seti's Money Pouch,5180
Manu's Introduction Letter,5179
Queen's Blessing,5178
Antiquary Society Administrator's Key,5177
Blueblood Drop,5176
Heroes of the Age,5173
Marianople University Request,5172
Gods and Heroes,5171
Nui's Tiara,5170
Practice Bow,5169
Nymph Princess's Box,5168
Father's Letter,5167
Blacksmith General's Token,5166
Splendid Box,5165
Crescent Throne Letter,5164
The Once and Greatest Library,5163
Crescent Throne Invitation,5161
Father's Note,5160
Portcullis Key,5156
Heruka's Coinpurse,5155
Paper,5152
Paddies Bone,5151
Weed,5150
Rice Plant,5149
Jaun's Threatening Letter,5148
Snake Jar,5147
Isus's Toolchest,5146
Seven Bridges Villager's Name Tag,5145
Trieste Stage Props,5143
Empty Spirit Bottle,5142
Soul-Filled Bottle,5140
Achassi Stone,5139
Ancient Machine Part,5138
Spirit Trap,5137
Aged Medicine Chest,5136
Nui Statue,5135
Sealed Chest,5134
Red Paintbrush,5133
Chang's Lute,5132
Achassi Pipe,5131
Mature Rice Seedling,5130
Day Root,5129
Singing Statue,5128
Guardian's Bones,5127
Suspicious Food,5126
Seed-Burning Fire,5125
Jaun's Ranch Buffalo Meat,5124
Fatty Buffalo Flank,5123
Butcher Knife,5122
Maya's Packed Lunch,5121
Smooth Liquor,5120
Stolen Banquet Supplies,5119
Buffalo Bridle,5118
Trieste Theater Props,5117
Loyal Vassal's Lute,5116
Blindfold,5114
White Paper,5110
Smuggled Goods,5095
Evidence Box,5094
Broken Bird Egg,5092
Manipha's Cloth Pouch,5091
Rope,5086
Gorilla Mushroom,5085
Envelope,5084
Gloves,5083
Glimmer Plant,5082
Vacuum Bottle,5080
Lv. 1,5072
girl01_hair01,5071
Slum Resident's Clothes,5068
Stolen Goods,5067
Lv. 1,5066
Mysterious Liquid Bottle,5065
Untitled Book,5064
Slum Resident's Bag,5063
Hazardous Ooze,5062
Hazardous Ooze Bottle,5058
Beth's Crystal Slipper,5057
Androi's Letter,5055
Sign Crafting Tool,5053
Glass Slipper,5052
Stolen Potatoes,5051
Giant Spider Legs,5050
Bloodhand Overseer's Ledger,5049
Rufus's Treasure,5048
Asiark's Report,5045
Serf Brand,5042
Amotek's Letter,5041
Orc Chieftain's Secret Documents,5040
Quality Log,5038
Plant Crystal,5036
Godshield Mushroom,5035
Prototype No. 27,5034
Crop Sack,5033
Stolen Military Rations,5032
Fatal Stinger,5031
Venom Gland,5028
미사용,5027
Glossy Fox Tail,5023
Earth Crystal,5022
Father's Necklace,5021
Fire Elemental's Touch,5020
Pyrovorous Gem,5019
Gladiator Curia's Room Key,5018
Regulator Orb,5017
Portcullis Key,5015
Secret Chamber Key,5014
(test)포지션소환,5012
Dwarven Rocket Boots,5010
Illion Holy Water,5009
Wyrdwind Dagger,5008
Red Sand Pouch,5005
Ring Pouch,5002
Debrew's Letter,5001
Tightly-Tied Sack,5000
Partially-eaten Meat,4999
Black Salve,4997
Bryce's Box,4996
Dazzling Waterdrop,4992
tool_류트,4990
Maria's Pendant,4989
Tessa's Cell Key,4988
Dwarf Heat Guard,4987
Flaming Arrows,4985
fe_m_hair009,4984
Lava Ball Core,4980
Etrina's Necklace,4979
Burnt Castle Relic,4978
Sallium Prison Key,4977
Griffin Egg,4976
Dark Seed,4975
Soldiers' Bones,4973
Sallium Holy Water,4972
Pyroclastic Rock,4970
Scout's Trap,4969
Old Remains,4968
Illion Prison Key,4967
Burning Arrows,4966
Hatching Egg,4965
Wandering Wraith Bone,4960
Rufus's Wedding Ring,4959
Old Key,4958
Burnt Castle Relic,4956
Scorpion Poison,4955
Virmasu's Letter,4954
Captured Devourer,4953
Purification Branch,4952
Maria's Memento,4951
Stealth Potion,4947
Stolen Armor,4946
Domination Orb Fragment,4945
Broken Ring,4944
Chasing Flame,4942
Sandmane Snowlion,4941
(test)줄,4938
(test)사다리,4937
(test) 성난호수의수호자소환,4933
el_f_hair02,4932
Monolith Fragment,4931
(test)텔포테스트,4930
NPC Weapon Packs - 엘프 메인퀘스트 - 엘프 PC 부모의 결투용 세검,4907
(퀘스트테스트용)치트,4906
Cotton Seed,4904
Golden Lamb,4899
Siege Weapon Design,4892
Catapult Design,4891
Discontinued Design,4890
Blueberry Seed,4889
Goddess Tear,4878
Ocean's Bounty Drink Table,4871
Abundant Health Beverage Table,4870
Ocean's Bounty Seafood Table,4869
Earth's Bounty Barbecue Table,4868
Small Bamboo Trap,4867
Cottonwood Sapling,4866
Grapevine Sapling,4865
Birch Sapling,4864
Aspen Sapling,4863
Cork Sapling,4862
Olive Sapling,4861
Hornbeam Sapling,4860
Willow Sapling,4859
Ash Sapling,4858
Oak Sapling,4857
Apple Sapling,4856
NPC Weapon Packs - 도구형 무기 - 낚시대(임시 Asset),4838
Quality Certificate,4747
Pinion Portal: Mistmerrow,4743
Pinion Portal: Diamond Shores,4742
Pinion Portal: Hasla,4741
Pinion Portal: Halcyona,4740
Glass Bottle,4702
Lilyut Horse,4177
Blackened Venison,4172
el_m_hair02,4088
el_m_face002,4087
el_f_face002,4086
nu_m_hair03,4085
nu_m_hair02,4084
nu_m_face002,4083
nu_f_hair02,4082
nu_f_face002,4081
Solzreed Boar Meat,4058
Blue Crystal,4057
Pebble,4056
Memory Ink,4053
Hereafter Stone,4052
NPC Weapon Packs - 몬스터 - 망가진 시체 전사 양손 도끼,4048
NPC Weapon Packs - 몬스터 - 물정령 한손창(물정령에게만 사용),4047
Teleport Book,4045
Rohna's Medicine,4043
NPC WEAPON PACKS - 컷씬용 마력이 담긴 나뭇가지,4042
Tamed Horse,4039
Prison Clothes,4037
Children of Ipnya Gift,4036
Seafolk Clamshell,4035
NPC Weapon Packs - 엘프 메인퀘스트 - 아미엘의 거꾸로 쥔 단도,4034
Savage Wolf Pelt,4031
Lamb's Umbilical Cord,4030
Fully-Grown Grass,4029
Vitalized Water,4028
Scenic Painting,4020
Brown Hardwood Bed,4014
High-Pitched Lute,4009
Kobold Supply Bag,4008
Gnoll Bones,4007
Fetid Bottle,4006
Blue Crystal Shard,4005
Blackmane Sword,4004
Boar Manure,4003
Sealed Trunk,4002
Plundered Cargo,4001
Muscle Extract,4000
Goddess Tear,3998
Arden Guard's Remains,3997
Purification Orb,3996
Guardian's Medal,3995
Engagement Ring,3994
Small Inscribed Ring,3993
Banshee Hem,3992
Cursed Essence,3990
Honorbold Experienced Lunafrost,3960
Honorbold Ethereal Lunafrost,3959
Honorbold Focus Lunafrost,3958
Skeleton Warrior Bone,3953
Lonely Statue Figurine,3951
Glimmering Ashes,3950
Seagull Feather,3940
Mercury,3939
Owl Feather,3932
Dicentra's Helm,3927
Father's Armor,3920
Reeking Orb,3918
Brown Four Fingers Hood,3917
Giant Ant Leg,3913
Trev's Last Letter,3912
Oyster,3906
Trent's Engagement Ring,3903
Haystack,3900
Torch,3899
Stonebrother Ring,3898
npc c_039 5feet,3897
npc c_039 3legs,3896
Return Scroll,3894
Escaped Pirate's Pants,3891
Greenman Key,3890
Broken Amulet: Right Half,3887
Broken Amulet: Left Half,3886
Tarnished Gold Chain,3885
Gerri's Empty Bottle,3873
Giraffe Leather,3861
Reindeer Meat,3853
Tom's Empty Basket,3851
Basilisk Meat,3842
Elephant Meat,3841
Intact Buffalo Horn,3828
Masonry Toolbox,3823
Gorilla Meat,3814
Turtle Liver,3811
Troll Blood,3796
Silvery Powder,3748
Large Deer Antlers,3742
Deer Blood,3741
Archeum Crystal,3718
Archeum Essence,3717
Fine Mud,3716
Kaolin,3715
Fine Sand,3714
Iris,3713
Hay Bale,3712
Rose,3711
Chestnut,3694
Clover,3685
Azalea,3684
Cultivated Ginseng,3680
Bay Leaf,3675
Lotus,3671
Narcissus,3667
Cactus,3659
Quillwort,3658
Vanilla,3630
Rosemary,3628
Lavender,3627
Cinnamon,3625
Sunflower,3622
Mushroom Spore,3612
Toadstool Spore,3608
Poison Sample,3606
Royal Jelly,3604
Egg,3603
Cranberry,3600
Avocado,3592
Pomegranate,3588
Apricot,3587
Blueberry,3583
Blackberry,3582
Baobab Fruit,3581
Lily,3564
Fernbrake,3557
Quinoa,3553
Sorghum,3551
Millet,3546
Oats,3545
Bluefin Tuna,3539
Striped Eel,3538
Spotted Eel,3537
Electric Eel,3536
Red Lobster,3531
Crab,3526
Pincer,3525
Stingray,3523
Tiger Meat,3522
Leopard Meat,3520
Ostrich Meat,3518
Monkey Meat,3517
Brown Bear Meat,3516
Duck Meat,3515
Hydra Meat,3509
Chicken Meat,3507
Wolf Meat,3506
Camel Meat,3505
Crow Meat,3504
Giraffe Meat,3503
Turtle Meat,3502
Gazelle Meat,3501
Dry Leaves,3489
Moist Sap,3488
Raw Lumber,3487
Chipped Feather,3481
Jinn's Tongue,3479
Crocodile Leather,3457
Basilisk Scale,3451
Snake Scale,3440
Bamboo Stalk,3433
Yew Hardwood,3431
Birch Hardwood,3430
Pine Hardwood,3428
Hornbeam Hardwood,3427
Cedar Hardwood,3426
Fir Hardwood,3423
Grand Acorn,3419
Camphor Hardwood,3417
Grand Beechnut,3416
Spruce Hardwood,3414
Copper Ore,3411
Salt,3409
Sugar,3408
Empty Carrier,3407
Sealed Rare Life Lunadrop,3406
Sealed Rare Wave Lunadrop,3405
Sealed Rare Earth Lunadrop,3404
Sealed Rare Gale Lunadrop,3403
Sealed Rare Fire Lunadrop,3402
Sealed Grand Life Lunadrop,3401
Sealed Grand Wave Lunadrop,3400
Sealed Grand Earth Lunadrop,3399
Sealed Grand Gale Lunadrop,3398
Sealed Grand Fire Lunadrop,3397
Bean Flour,3394
Corn Meal,3393
Sorghum Flour,3392
Barley Flour,3390
Rice Flour,3389
Wheat Flour,3388
Millet Flour,3387
Oat Flour,3386
미사용,3373
미사용,3372
미사용,3371
미사용,3370
미사용,3369
미사용,3367
미사용,3366
미사용,3365
미사용,3364
미사용,3363
Rubber Wheel,3360
Rubber Bark,3359
Instrument Machinery,3352
Construction Machinery,3351
Starshard Ingot,3332
New Honor Cloak No.4,3009
Unchained Freedom Cloak,3008
Unwavering Focus Cloak,3007
Unyielding Spirit Cloak,3006
Artificer's Ring,3005
Apprentice's Wave Ring,3004
Apprentice's Flame Ring,3003
Apprentice's Ring,3002
Artificer's Flame Earring,3001
Artificer's Gale Earring,3000
Artificer's Earring,2999
Apprentice's Flame Earring,2998
Apprentice's Gale Earring,2997
Apprentice's Earring,2996
Artificer's Life Necklace,2995
Artificer's Flame Necklace,2993
Artificer's Necklace,2991
Apprentice's Life Necklace,2988
Apprentice's Flame Necklace,2987
Apprentice's Necklace,2986
Moist Note,2795
Solzrean Souvenir,2765
Lucid Potion,2764
재판 참여권(null),2762
Enchanted Branch,2761
Ehnoïr's Letter,2760
Red Powder,2756
Copied Journal,2754
Muniel's Note,2751
Aranzeb and His Lieutenants,2750
Rules of Life and Honor,2749
White Paper,2745
Indelible Ink,2744
Hideout Map,2743
Eokad Bugle,2739
Fishing Rod,2735
Shovel,2733
Test,2727
Marianople Glass Bottle,2726
Garriot's Sword,2724
npc c_024 4hands,2723
npc c_024 2chest,2722
npc c_024 1head,2721
npc l_029 3legs,2720
npc l_029 1head,2719
npc_sk_movie001,2718
npc c_025 4hands,2717
npc c_025 2chest,2716
npc_sk_queen003,2715
npc_sk_ninja002_h,2714
npc c_207 3legs,2713
npc c_204 2chest,2712
npc c_206 1head,2711
npc c_200 5feet,2710
npc c_130 2chest,2709
npc c_200 3legs,2708
npc c_200 2chest,2707
(x)npc m_026 4hands,2706
npc_sk_dragon001_h,2705
npc m_026 3legs,2704
npc m_027 5feet,2702
npc m_027 4hands,2701
npc m_027 3legs,2700
npc m_027 2chest,2699
npc m_027 1head,2698
npc 컷신 - 여선장 5feet,2697
npc 컷신 - 여선장 4hands,2696
npc 컷신 - 여선장 3legs,2695
npc 컷신 - 여선장 2chest,2694
npc 컷신 - 여선장 1head,2693
npc c_129 2chest,2692
npc m_026 2chest,2691
npc m_038 5feet,2690
npc m_038 1head,2688
Builder's Shovel,2686
NPC Weapon Packs - 도구형 무기 - 물고기,2685
NPC Weapon Packs - 도구형 무기 - 쇠주걱,2684
NPC Weapon Packs - 도구형 무기 - 프라이팬,2683
NPC Weapon Packs - 도구형무기 - 식칼(사각형),2682
NPC Weapon Packs - 도구형 무기 - 농업용 쇠스랑,2680
NPC Weapon Packs - 도구형 무기 - 나무망치,2679
NPC Weapon Packs - 도구형 무기 - 대장장이 쇠집게,2675
npc dagger_01_1,2674
NPC Weapon Packs - 도구형 무기 - 벌목용 도끼,2671
NPC Weapon Packs - 도구형 무기 - 대장장이 망치,2670
NPC Weapon Packs - 도구형 무기 - 국자,2669
NPC Weapon Packs - 도구형 무기 - 톱,2668
NPC Weapon Packs - 도구형 무기 - 곡괭이,2667
NPC Weapon Packs - 도구형무기 - 흙손,2666
Halter,2661
Extra's Payment Voucher,2647
Olive Oil,2251
Soybean Oil,2250
Starshard Chip,2201
Bat Claw,2191
Cornflower,2178
Eel,2155
Crayfish,2154
Carp,2153
Boar Leather,2151
Devi's Fruit,2142
Slime Residue,2138
Inferior Actuator,2062
Blackbeard Sack,1845
Amutar's Ratchet,1844
Wilson's Flask,1843
Stealth Potion,1842
Thieves' Whistle,1841
npc blade_1h_01_1,1830
Suspicious Potion,1601
Vibrant Orb,1598
Blackbeard Thieves' Treasure,1594
Lloyd's Explosive,1539
Adhesive,1538
Lithomorph Anima,1536
Thin Spider Leg,1488
Swirling Wind Orb,1482
Magic Bean,1481
Bird Eggs,1466
Holy Lute,1463
Fria's Armor,1462
Fetid Thorn,1460
Simple Silver Ring,1459
Polluted Soil,1458
Intact Power Core,1457
Green Crystal,1454
Exorcism Elixir,1450
Meldarion's Corpse,1449
Sealed Divination Box,1447
Elven Branch,1446
Holy Basin,1445
Burning Dagger,1444
Swirling Water,1442
Swirling Water,1441
Fetid Conch,1440
Earth Crystal,1439
Venomscale Mushroom,1434
Blackened Soil,1433
Swirling Wind,1432
Windeater Conch,1431
Lord's Fruit,1428
테스트_삽,1423
Archeum Ore,1386
Toxic Powder,1383
Trash,1329
Deer Antler,1253
Soft Tail Hair,1252
fa_f_face01,1183
Lv. 1,1182
오크 주술사 지팡이(CBT용),1168
el_m_hair01,1144
el_m_face01,1143
Lv. 1,1142
el_f_hair01,1133
el_f_face01,1130
Lv. 1,1128
Lv. 1,1127
Lv. 1,1126
QA테스트 탈것_늑대,826
QA테스트 탈것_엘크,825
QA테스트 탈것_타레,824
QA테스트 탈것_야타,823
Cheese,822
QA테스트 탈것_눈사자,820
Mackerel,797
Clams,796
Sea Bass,795
Salmon,794
QA테스트 탈것_말,793
Escaped Pirate's Shirt,790
Escaped Pirate's Cap,788
Rice,784
QA테스트 차량,781
QA테스트 주화,778
Shatigon's Blessing,777
Apple,773
Monocle,722
Dragon Molar,688
Star Wings,685
Gray Goblet of Honor,684
Pink Goblet of Honor,683
Purple Goblet of Honor,682
Yellow Goblet of Honor,681
Blue Goblet of Honor,680
wa_m_face01,659
Lv. 1,658
Honor Charge,652
Honor Boost No.5,649
Turtle's Wisdom,648
Fox's Cunning,646
Cheetah's Speed,642
Bear's Might,629
Rotten Ginseng Root,621
NPC Weapon Packs - 도구형 무기 - 삽,601
Lv. 1,592
Lv. 1,588
Lv. 1,585
Lv. 1,584
Lv. 1,583
Lv. 1,580
Lv. 1,579
Lv. 1,578
Lv. 1,575
Lv. 1,574
Lv. 1,571
Lv. 1,570
Lv. 1,569
Lv. 1,568
Lv. 1,565
fe_m_beard01,564
fe_m_face01,563
Lv. 1,562
Lv. 1,559
Lv. 1,556
Lv. 1,553
ha_m_hair01,552
ha_m_face01,551
Lv. 1,548
Lv. 1,545
Lv. 1,542
Lv. 1,539
Lv. 1,536
Fresh Start Chest,529
Gratitude Chest,528
Lv. 1,503
Lv. 1,502
Coin,500
nu_m_face01,419
Bound Hereafter Stone,417
nu_f_hair01,413
nu_f_face01,412
ha_f_hair01,411
ha_f_face01,410
fe_f_hair010,409
fe_f_face01,408
Lv. 1,407
dw_f_hair041,405
dw_f_hair001,404
dw_f_face01,403
dw_m_hair01,402
dw_m_face01,401
dw_m_beard01,392
Dawnstone,327
Ballista,156
Scroll: Siege Tower,155
Scroll: Siege Catapult,150
Growthstone,129
Merchant's Simple Bureau,127
Superior Storage Chest,126
Basic Storage Chest,125
Monarch's Stepped Bureau,124
Monarch's Round Cabinet,123
Monarch's Small Shelf,122
Merchant's Display Cabinet,121
Noble's Lavish Armoire,120
Hardwood Shelf,119
Monarch's Bookshelf,118
Hardwood Bookshelf,117
Scholar's Council Table,116
Monarch's Ceremonial Table,115
Merchant's Rustic Table,114
Wooden Dining Table,113
Monarch's Lavish Table,112
Merchant's Feast Table,111
Elephant Head Trophy,110
Buffalo Head Trophy,109
Cherry Blossom Vase,108
Fragrant Flowerpot,107
Azalea Vase,106
Poppy Flowerpot,105
Narcissus Flowerbed,104
Octagonal Bamboo Bonsai,103
Pine Bonsai,102
Square Bamboo Bonsai,101
Ebony Bonsai Flowerpot,100
Lucky Azalea Vase,99
Decorative Vase,98
